participant_id,gn_y_genrel_id__fam,gn_y_genrel_id__birth,gn_y_genrel_id__paired__01,gn_y_genrel_pihat__01,gn_y_genrel_zyg__01
sub-DSAR45M00001,681,681_1,sub-DSAR45M00196,0.5062,2
sub-DSAR45M00002,8128,8128_1,,,
sub-DSAR45M00003,8787,8787_1,,,
sub-DSAR45M00004,1140,1140_2,sub-DSAR45M04131,0.51,3
sub-DSAR45M00005,7193,7193_1,,,
sub-DSAR45M00006,2970,2970_1,,,
sub-DSAR45M00007,8589,8589_1,,,
sub-DSAR45M00008,1797,1797_2,sub-DSAR45M02586,0.4493,3
sub-DSAR45M00009,8781,8781_1,,,
sub-DSAR45M00010,78,78_1,sub-DSAR45M09405,1.0,1
sub-DSAR45M00011,4450,4450_1,,,
sub-DSAR45M00012,5329,5329_1,,,
sub-DSAR45M00013,1771,1771_1,sub-DSAR45M03765,0.5225,3
sub-DSAR45M00014,4542,4542_1,,,
sub-DSAR45M00015,2195,2195_1,,,
sub-DSAR45M00016,506,506_1,sub-DSAR45M03070,0.4383,2
sub-DSAR45M00017,855,855_1,sub-DSAR45M06654,0.4487,2
sub-DSAR45M00018,7006,7006_1,,,
sub-DSAR45M00019,2149,2149_1,,,
sub-DSAR45M00020,1295,1295_1,sub-DSAR45M10673,0.5984,3
sub-DSAR45M00021,3624,3624_1,,,
sub-DSAR45M00022,9621,9621_1,,,
sub-DSAR45M00023,9255,9255_1,,,
sub-DSAR45M00024,3267,3267_1,,,
sub-DSAR45M00025,1161,1161_1,sub-DSAR45M07372,0.4502,3
sub-DSAR45M00026,3949,3949_1,,,
sub-DSAR45M00027,863,863_1,sub-DSAR45M01839,0.5568,2
sub-DSAR45M00028,1611,1611_1,sub-DSAR45M10464,0.4991,3
sub-DSAR45M00029,942,942_1,sub-DSAR45M01785,0.454,2
sub-DSAR45M00030,8433,8433_1,,,
sub-DSAR45M00031,6178,6178_1,,,
sub-DSAR45M00032,3770,3770_1,,,
sub-DSAR45M00033,1395,1395_2,sub-DSAR45M10657,0.5299,3
sub-DSAR45M00034,739,739_1,sub-DSAR45M03673,0.5249,2
sub-DSAR45M00035,2870,2870_1,,,
sub-DSAR45M00036,1793,1793_1,sub-DSAR45M08814,0.5266,3
sub-DSAR45M00037,6621,6621_1,,,
sub-DSAR45M00038,3534,3534_1,,,
sub-DSAR45M00039,9642,9642_1,,,
sub-DSAR45M00040,1594,1594_1,sub-DSAR45M00200,0.426,3
sub-DSAR45M00041,4863,4863_1,,,
sub-DSAR45M00042,5331,5331_1,,,
sub-DSAR45M00043,4108,4108_1,,,
sub-DSAR45M00044,3863,3863_1,,,
sub-DSAR45M00045,2863,2863_1,,,
sub-DSAR45M00046,8730,8730_1,,,
sub-DSAR45M00047,4713,4713_1,,,
sub-DSAR45M00048,3773,3773_1,,,
sub-DSAR45M00049,546,546_1,sub-DSAR45M03937,0.5474,2
sub-DSAR45M00050,9198,9198_1,,,
sub-DSAR45M00051,267,267_1,sub-DSAR45M03677,1.0,1
sub-DSAR45M00052,538,538_1,sub-DSAR45M02521,0.438,2
sub-DSAR45M00053,7751,7751_1,,,
sub-DSAR45M00054,4619,4619_1,,,
sub-DSAR45M00055,1468,1468_1,sub-DSAR45M08318,0.5193,3
sub-DSAR45M00056,3908,3908_1,,,
sub-DSAR45M00057,3463,3463_1,,,
sub-DSAR45M00058,6094,6094_1,,,
sub-DSAR45M00059,2749,2749_1,,,
sub-DSAR45M00060,5653,5653_1,,,
sub-DSAR45M00061,7213,7213_1,,,
sub-DSAR45M00062,3771,3771_1,,,
sub-DSAR45M00063,3075,3075_1,,,
sub-DSAR45M00064,25,25_1,sub-DSAR45M08389,0.9955,1
sub-DSAR45M00065,1795,1795_2,sub-DSAR45M05526,0.6142,3
sub-DSAR45M00066,7436,7436_1,,,
sub-DSAR45M00067,6475,6475_1,,,
sub-DSAR45M00068,3630,3630_1,,,
sub-DSAR45M00069,6497,6497_1,,,
sub-DSAR45M00070,3300,3300_1,,,
sub-DSAR45M00071,8011,8011_1,,,
sub-DSAR45M00072,6685,6685_1,,,
sub-DSAR45M00073,2452,2452_1,,,
sub-DSAR45M00074,573,573_1,sub-DSAR45M02896,0.5128,2
sub-DSAR45M00075,3164,3164_1,,,
sub-DSAR45M00076,321,321_1,sub-DSAR45M04477,0.9995,1
sub-DSAR45M00077,2919,2919_1,,,
sub-DSAR45M00078,1253,1253_2,sub-DSAR45M06154,0.5016,3
sub-DSAR45M00079,577,577_1,sub-DSAR45M06344,0.5382,2
sub-DSAR45M00080,7756,7756_1,,,
sub-DSAR45M00081,6097,6097_1,,,
sub-DSAR45M00082,9627,9627_1,,,
sub-DSAR45M00083,5824,5824_1,,,
sub-DSAR45M00084,831,831_1,sub-DSAR45M06127,0.5089,2
sub-DSAR45M00085,1069,1069_1,sub-DSAR45M03805,0.4839,3
sub-DSAR45M00086,6762,6762_1,,,
sub-DSAR45M00087,2839,2839_1,,,
sub-DSAR45M00088,215,215_1,sub-DSAR45M08525,0.9934,1
sub-DSAR45M00089,9128,9128_1,,,
sub-DSAR45M00090,6530,6530_1,,,
sub-DSAR45M00091,4313,4313_1,,,
sub-DSAR45M00092,5234,5234_1,,,
sub-DSAR45M00093,1021,1021_1,sub-DSAR45M00354,0.4359,2
sub-DSAR45M00094,3702,3702_1,,,
sub-DSAR45M00095,2959,2959_1,,,
sub-DSAR45M00096,4393,4393_1,,,
sub-DSAR45M00097,2477,2477_1,,,
sub-DSAR45M00098,4379,4379_1,,,
sub-DSAR45M00099,5541,5541_1,,,
sub-DSAR45M00100,350,350_1,sub-DSAR45M10332,0.9956,1
sub-DSAR45M00101,99,99_1,sub-DSAR45M07595,0.9952,1
sub-DSAR45M00102,7345,7345_1,,,
sub-DSAR45M00103,694,694_1,sub-DSAR45M09126,0.4975,2
sub-DSAR45M00104,4722,4722_1,,,
sub-DSAR45M00105,4712,4712_1,,,
sub-DSAR45M00106,2182,2182_1,,,
sub-DSAR45M00107,7131,7131_1,,,
sub-DSAR45M00108,9559,9559_1,,,
sub-DSAR45M00109,9823,9823_1,,,
sub-DSAR45M00110,619,619_1,sub-DSAR45M04256,0.5569,2
sub-DSAR45M00111,432,432_1,sub-DSAR45M02106,0.509,2
sub-DSAR45M00112,1327,1327_2,sub-DSAR45M07097,0.5463,3
sub-DSAR45M00113,6262,6262_1,,,
sub-DSAR45M00114,5709,5709_1,,,
sub-DSAR45M00115,154,154_1,sub-DSAR45M04705,1.0,1
sub-DSAR45M00116,248,248_1,sub-DSAR45M02900,0.9994,1
sub-DSAR45M00117,8348,8348_1,,,
sub-DSAR45M00118,2388,2388_1,,,
sub-DSAR45M00119,6019,6019_1,,,
sub-DSAR45M00120,9118,9118_1,,,
sub-DSAR45M00121,4782,4782_1,,,
sub-DSAR45M00122,7574,7574_1,,,
sub-DSAR45M00123,5524,5524_1,,,
sub-DSAR45M00124,5010,5010_1,,,
sub-DSAR45M00125,5938,5938_1,,,
sub-DSAR45M00126,6965,6965_1,,,
sub-DSAR45M00127,983,983_1,sub-DSAR45M09321,0.5257,2
sub-DSAR45M00128,8342,8342_1,,,
sub-DSAR45M00129,1305,1305_1,sub-DSAR45M11038,0.4409,3
sub-DSAR45M00130,333,333_1,sub-DSAR45M04767,0.9954,1
sub-DSAR45M00131,1623,1623_1,sub-DSAR45M10763,0.5392,3
sub-DSAR45M00132,4314,4314_1,,,
sub-DSAR45M00133,532,532_1,sub-DSAR45M00290,0.4894,2
sub-DSAR45M00134,8473,8473_1,,,
sub-DSAR45M00135,7707,7707_1,,,
sub-DSAR45M00136,5998,5998_1,,,
sub-DSAR45M00137,1096,1096_2,sub-DSAR45M03639,0.5216,3
sub-DSAR45M00138,6418,6418_1,,,
sub-DSAR45M00139,8171,8171_1,,,
sub-DSAR45M00140,5754,5754_1,,,
sub-DSAR45M00141,214,214_1,sub-DSAR45M03866,0.9979,1
sub-DSAR45M00142,1260,1260_1,sub-DSAR45M11096,0.4986,3
sub-DSAR45M00143,2955,2955_1,,,
sub-DSAR45M00144,6718,6718_1,,,
sub-DSAR45M00145,6699,6699_1,,,
sub-DSAR45M00146,5027,5027_1,,,
sub-DSAR45M00147,410,410_1,sub-DSAR45M03379,0.9976,1
sub-DSAR45M00148,5593,5593_1,,,
sub-DSAR45M00149,91,91_1,sub-DSAR45M05074,0.9998,1
sub-DSAR45M00150,3660,3660_1,,,
sub-DSAR45M00151,7077,7077_1,,,
sub-DSAR45M00152,5757,5757_1,,,
sub-DSAR45M00153,5920,5920_1,,,
sub-DSAR45M00154,7009,7009_1,,,
sub-DSAR45M00155,7341,7341_1,,,
sub-DSAR45M00156,4359,4359_1,,,
sub-DSAR45M00157,1517,1517_2,sub-DSAR45M05974,0.5466,3
sub-DSAR45M00158,4855,4855_1,,,
sub-DSAR45M00159,6967,6967_1,,,
sub-DSAR45M00160,213,213_1,sub-DSAR45M08294,0.9975,1
sub-DSAR45M00161,2092,2092_1,,,
sub-DSAR45M00162,4386,4386_1,,,
sub-DSAR45M00163,1972,1972_1,,,
sub-DSAR45M00164,824,824_1,sub-DSAR45M02927,0.5485,2
sub-DSAR45M00165,1858,1858_1,,,
sub-DSAR45M00166,5397,5397_1,,,
sub-DSAR45M00167,8226,8226_1,,,
sub-DSAR45M00168,1518,1518_2,sub-DSAR45M00284,0.5031,3
sub-DSAR45M00169,4098,4098_1,,,
sub-DSAR45M00170,9205,9205_1,,,
sub-DSAR45M00171,29,29_1,sub-DSAR45M07643,0.9978,1
sub-DSAR45M00172,1527,1527_1,sub-DSAR45M06137,0.5097,3
sub-DSAR45M00173,909,909_1,sub-DSAR45M08174,0.4621,2
sub-DSAR45M00174,8685,8685_1,,,
sub-DSAR45M00175,303,303_1,sub-DSAR45M03772,0.9989,1
sub-DSAR45M00176,8939,8939_1,,,
sub-DSAR45M00177,6645,6645_1,,,
sub-DSAR45M00178,4200,4200_1,,,
sub-DSAR45M00179,621,621_1,sub-DSAR45M04127,0.3833,2
sub-DSAR45M00180,8069,8069_1,,,
sub-DSAR45M00181,3700,3700_1,,,
sub-DSAR45M00182,7721,7721_1,,,
sub-DSAR45M00183,3362,3362_1,,,
sub-DSAR45M00184,9141,9141_1,,,
sub-DSAR45M00185,754,754_1,sub-DSAR45M06134,0.4817,2
sub-DSAR45M00186,2410,2410_1,,,
sub-DSAR45M00187,7891,7891_1,,,
sub-DSAR45M00188,2622,2622_1,,,
sub-DSAR45M00189,7339,7339_1,,,
sub-DSAR45M00190,4596,4596_1,,,
sub-DSAR45M00191,3514,3514_1,,,
sub-DSAR45M00192,1207,1207_2,sub-DSAR45M10515,0.5823,3
sub-DSAR45M00193,1049,1049_1,sub-DSAR45M03397,0.5327,2
sub-DSAR45M00194,4342,4342_1,,,
sub-DSAR45M00195,1608,1608_1,sub-DSAR45M05800,0.4881,3
sub-DSAR45M00196,681,681_1,sub-DSAR45M00001,0.5062,2
sub-DSAR45M00197,6294,6294_1,,,
sub-DSAR45M00198,4510,4510_1,,,
sub-DSAR45M00199,7875,7875_1,,,
sub-DSAR45M00200,1594,1594_2,sub-DSAR45M00040,0.426,3
sub-DSAR45M00201,9692,9692_1,,,
sub-DSAR45M00202,5536,5536_1,,,
sub-DSAR45M00203,4175,4175_1,,,
sub-DSAR45M00204,8974,8974_1,,,
sub-DSAR45M00205,150,150_1,sub-DSAR45M02421,0.9974,1
sub-DSAR45M00206,7586,7586_1,,,
sub-DSAR45M00207,7731,7731_1,,,
sub-DSAR45M00208,3198,3198_1,,,
sub-DSAR45M00209,1413,1413_1,sub-DSAR45M05330,0.5009,3
sub-DSAR45M00210,3445,3445_1,,,
sub-DSAR45M00211,9037,9037_1,,,
sub-DSAR45M00212,8321,8321_1,,,
sub-DSAR45M00213,1875,1875_1,,,
sub-DSAR45M00214,6146,6146_1,,,
sub-DSAR45M00215,2730,2730_1,,,
sub-DSAR45M00216,6054,6054_1,,,
sub-DSAR45M00217,6126,6126_1,,,
sub-DSAR45M00218,9320,9320_1,,,
sub-DSAR45M00219,9167,9167_1,,,
sub-DSAR45M00220,1220,1220_2,sub-DSAR45M07880,0.4314,3
sub-DSAR45M00221,6889,6889_1,,,
sub-DSAR45M00222,4784,4784_1,,,
sub-DSAR45M00223,5892,5892_1,,,
sub-DSAR45M00224,378,378_1,sub-DSAR45M02480,1.0,1
sub-DSAR45M00225,1693,1693_2,sub-DSAR45M06843,0.4295,3
sub-DSAR45M00226,4466,4466_1,,,
sub-DSAR45M00227,2667,2667_1,,,
sub-DSAR45M00228,4264,4264_1,,,
sub-DSAR45M00229,8351,8351_1,,,
sub-DSAR45M00230,6241,6241_1,,,
sub-DSAR45M00231,5782,5782_1,,,
sub-DSAR45M00232,3170,3170_1,,,
sub-DSAR45M00233,915,915_1,sub-DSAR45M00300,0.4234,2
sub-DSAR45M00234,815,815_1,sub-DSAR45M07505,0.4876,2
sub-DSAR45M00235,6365,6365_1,,,
sub-DSAR45M00236,6370,6370_1,,,
sub-DSAR45M00237,5918,5918_1,,,
sub-DSAR45M00238,4007,4007_1,,,
sub-DSAR45M00239,898,898_1,sub-DSAR45M02255,0.4539,2
sub-DSAR45M00240,2623,2623_1,,,
sub-DSAR45M00241,533,533_1,sub-DSAR45M02249,0.4406,2
sub-DSAR45M00242,8679,8679_1,,,
sub-DSAR45M00243,1426,1426_1,sub-DSAR45M10354,0.4964,3
sub-DSAR45M00244,3143,3143_1,,,
sub-DSAR45M00245,5116,5116_1,,,
sub-DSAR45M00246,161,161_1,sub-DSAR45M00821,0.9976,1
sub-DSAR45M00247,73,73_1,sub-DSAR45M02222,0.995,1
sub-DSAR45M00248,1832,1832_1,sub-DSAR45M04920,0.5052,3
sub-DSAR45M00249,1277,1277_1,sub-DSAR45M11445,0.5,3
sub-DSAR45M00250,3076,3076_1,,,
sub-DSAR45M00251,243,243_1,sub-DSAR45M04499,1.0,1
sub-DSAR45M00252,8408,8408_1,,,
sub-DSAR45M00253,6007,6007_1,,,
sub-DSAR45M00254,8778,8778_1,,,
sub-DSAR45M00255,1387,1387_2,sub-DSAR45M06378,0.508,3
sub-DSAR45M00256,36,36_1,sub-DSAR45M02380,0.9959,1
sub-DSAR45M00257,386,386_1,sub-DSAR45M06250,0.9938,1
sub-DSAR45M00258,4172,4172_1,,,
sub-DSAR45M00259,1512,1512_2,sub-DSAR45M01013,0.5106,3
sub-DSAR45M00260,1354,1354_2,sub-DSAR45M03643,0.5101,3
sub-DSAR45M00261,6464,6464_1,,,
sub-DSAR45M00262,8513,8513_1,,,
sub-DSAR45M00263,7512,7512_1,,,
sub-DSAR45M00264,2321,2321_1,,,
sub-DSAR45M00265,1141,1141_2,sub-DSAR45M04130,0.4786,3
sub-DSAR45M00266,1177,1177_1,sub-DSAR45M10274,0.5357,3
sub-DSAR45M00267,53,53_1,sub-DSAR45M06452,0.9972,1
sub-DSAR45M00268,8382,8382_1,,,
sub-DSAR45M00269,428,428_1,sub-DSAR45M06920,0.5261,2
sub-DSAR45M00270,4697,4697_1,,,
sub-DSAR45M00271,883,883_1,sub-DSAR45M06625,0.5195,2
sub-DSAR45M00272,7733,7733_1,,,
sub-DSAR45M00273,4507,4507_1,,,
sub-DSAR45M00274,5869,5869_1,,,
sub-DSAR45M00275,1404,1404_2,sub-DSAR45M04700,0.5826,3
sub-DSAR45M00276,7464,7464_1,,,
sub-DSAR45M00277,586,586_1,sub-DSAR45M01349,0.5371,2
sub-DSAR45M00278,1070,1070_2,sub-DSAR45M05984,0.5232,3
sub-DSAR45M00279,473,473_1,sub-DSAR45M00341,0.5319,2
sub-DSAR45M00280,9795,9795_1,,,
sub-DSAR45M00281,8599,8599_1,,,
sub-DSAR45M00282,5442,5442_1,,,
sub-DSAR45M00283,1203,1203_1,sub-DSAR45M10928,0.3976,3
sub-DSAR45M00284,1518,1518_1,sub-DSAR45M00168,0.5031,3
sub-DSAR45M00285,7165,7165_1,,,
sub-DSAR45M00286,383,383_1,sub-DSAR45M11112,1.0,1
sub-DSAR45M00287,4019,4019_1,,,
sub-DSAR45M00288,6979,6979_1,,,
sub-DSAR45M00289,6229,6229_1,,,
sub-DSAR45M00290,532,532_1,sub-DSAR45M00133,0.4894,2
sub-DSAR45M00291,6924,6924_1,,,
sub-DSAR45M00292,770,770_1,sub-DSAR45M08659,0.5748,2
sub-DSAR45M00293,3653,3653_1,,,
sub-DSAR45M00294,265,265_1,sub-DSAR45M04462,0.9982,1
sub-DSAR45M00295,2869,2869_1,,,
sub-DSAR45M00296,1944,1944_1,,,
sub-DSAR45M00297,147,147_1,sub-DSAR45M05257,0.9922,1
sub-DSAR45M00298,105,105_1,sub-DSAR45M03647,0.9988,1
sub-DSAR45M00299,8093,8093_1,,,
sub-DSAR45M00300,915,915_1,sub-DSAR45M00233,0.4234,2
sub-DSAR45M00301,890,890_1,sub-DSAR45M01992,0.4488,2
sub-DSAR45M00302,2365,2365_1,,,
sub-DSAR45M00303,5148,5148_1,,,
sub-DSAR45M00304,1309,1309_1,sub-DSAR45M04667,0.5314,3
sub-DSAR45M00305,2371,2371_1,,,
sub-DSAR45M00306,4840,4840_1,,,
sub-DSAR45M00307,1147,1147_2,sub-DSAR45M08378,0.4443,3
sub-DSAR45M00308,4672,4672_1,,,
sub-DSAR45M00309,3896,3896_1,,,
sub-DSAR45M00310,4301,4301_1,,,
sub-DSAR45M00311,1363,1363_1,sub-DSAR45M09654,0.5039,3
sub-DSAR45M00312,7316,7316_1,,,
sub-DSAR45M00313,2542,2542_1,,,
sub-DSAR45M00314,4651,4651_1,,,
sub-DSAR45M00315,1731,1731_2,sub-DSAR45M08400,0.4452,3
sub-DSAR45M00316,487,487_1,sub-DSAR45M03731,0.4431,2
sub-DSAR45M00317,2142,2142_1,,,
sub-DSAR45M00318,8223,8223_1,,,
sub-DSAR45M00319,4795,4795_1,,,
sub-DSAR45M00320,896,896_1,sub-DSAR45M06383,0.5311,2
sub-DSAR45M00321,1269,1269_2,sub-DSAR45M10734,0.5306,3
sub-DSAR45M00322,8445,8445_1,,,
sub-DSAR45M00323,5095,5095_1,,,
sub-DSAR45M00324,5125,5125_1,,,
sub-DSAR45M00325,4912,4912_1,,,
sub-DSAR45M00326,9522,9522_1,,,
sub-DSAR45M00327,7551,7551_1,,,
sub-DSAR45M00328,8843,8843_1,,,
sub-DSAR45M00329,6922,6922_1,,,
sub-DSAR45M00330,1349,1349_1,sub-DSAR45M09395,0.4046,3
sub-DSAR45M00331,4438,4438_1,,,
sub-DSAR45M00332,1263,1263_2,sub-DSAR45M04484,0.4677,3
sub-DSAR45M00333,1505,1505_2,sub-DSAR45M10651,0.4932,3
sub-DSAR45M00334,8696,8696_1,,,
sub-DSAR45M00335,5520,5520_1,,,
sub-DSAR45M00336,6890,6890_1,,,
sub-DSAR45M00337,706,706_1,sub-DSAR45M11297,0.5093,2
sub-DSAR45M00338,7941,7941_1,,,
sub-DSAR45M00339,299,299_1,sub-DSAR45M07108,0.9991,1
sub-DSAR45M00340,5436,5436_1,,,
sub-DSAR45M00341,473,473_1,sub-DSAR45M00279,0.5319,2
sub-DSAR45M00342,8511,8511_1,,,
sub-DSAR45M00343,880,880_1,sub-DSAR45M02934,0.5244,2
sub-DSAR45M00344,7365,7365_1,,,
sub-DSAR45M00345,6921,6921_1,,,
sub-DSAR45M00346,913,913_1,sub-DSAR45M09635,0.5712,2
sub-DSAR45M00347,7904,7904_1,,,
sub-DSAR45M00348,9174,9174_1,,,
sub-DSAR45M00349,8303,8303_1,,,
sub-DSAR45M00350,3141,3141_1,,,
sub-DSAR45M00351,7911,7911_1,,,
sub-DSAR45M00352,3827,3827_1,,,
sub-DSAR45M00353,6729,6729_1,,,
sub-DSAR45M00354,1021,1021_1,sub-DSAR45M00093,0.4359,2
sub-DSAR45M00355,4377,4377_1,,,
sub-DSAR45M00356,3826,3826_1,,,
sub-DSAR45M00357,1490,1490_1,sub-DSAR45M10835,0.4804,3
sub-DSAR45M00358,7648,7648_1,,,
sub-DSAR45M00359,7979,7979_1,,,
sub-DSAR45M00360,190,190_1,sub-DSAR45M10983,0.9926,1
sub-DSAR45M00361,5363,5363_1,,,
sub-DSAR45M00362,9109,9109_1,,,
sub-DSAR45M00363,3426,3426_1,,,
sub-DSAR45M00364,5519,5519_1,,,
sub-DSAR45M00365,1640,1640_2,sub-DSAR45M04914,0.4881,3
sub-DSAR45M00366,5183,5183_1,,,
sub-DSAR45M00367,5684,5684_1,,,
sub-DSAR45M00368,8144,8144_1,,,
sub-DSAR45M00369,1933,1933_1,,,
sub-DSAR45M00370,9688,9688_1,,,
sub-DSAR45M00371,3024,3024_1,,,
sub-DSAR45M00372,665,665_1,sub-DSAR45M11370,0.5128,2
sub-DSAR45M00373,9643,9643_1,,,
sub-DSAR45M00374,8654,8654_1,,,
sub-DSAR45M00375,1579,1579_2,sub-DSAR45M08009,0.4506,3
sub-DSAR45M00376,7484,7484_1,,,
sub-DSAR45M00377,5245,5245_1,,,
sub-DSAR45M00378,5303,5303_1,,,
sub-DSAR45M00379,1531,1531_2,sub-DSAR45M04295,0.5048,3
sub-DSAR45M00380,8399,8399_1,,,
sub-DSAR45M00381,1107,1107_2,sub-DSAR45M11559,0.5008,3
sub-DSAR45M00382,1729,1729_1,sub-DSAR45M05962,0.5647,3
sub-DSAR45M00383,2574,2574_1,,,
sub-DSAR45M00384,7054,7054_1,,,
sub-DSAR45M00385,500,500_1,sub-DSAR45M04962,0.4521,2
sub-DSAR45M00386,3421,3421_1,,,
sub-DSAR45M00387,5641,5641_1,,,
sub-DSAR45M00388,6948,6948_1,,,
sub-DSAR45M00389,3400,3400_1,,,
sub-DSAR45M00390,620,620_1,sub-DSAR45M08257,0.4929,2
sub-DSAR45M00391,4370,4370_1,,,
sub-DSAR45M00392,1642,1642_2,sub-DSAR45M01448,0.4302,3
sub-DSAR45M00393,7523,7523_1,,,
sub-DSAR45M00394,7608,7608_1,,,
sub-DSAR45M00395,928,928_1,sub-DSAR45M07878,0.4316,2
sub-DSAR45M00396,5710,5710_1,,,
sub-DSAR45M00397,391,391_1,sub-DSAR45M06614,0.9997,1
sub-DSAR45M00398,1580,1580_1,sub-DSAR45M07472,0.4728,3
sub-DSAR45M00399,4815,4815_1,,,
sub-DSAR45M00400,6537,6537_1,,,
sub-DSAR45M00401,2743,2743_1,,,
sub-DSAR45M00402,4095,4095_1,,,
sub-DSAR45M00403,5656,5656_1,,,
sub-DSAR45M00404,2070,2070_1,,,
sub-DSAR45M00405,4126,4126_1,,,
sub-DSAR45M00406,3812,3812_1,,,
sub-DSAR45M00407,8364,8364_1,,,
sub-DSAR45M00408,7909,7909_1,,,
sub-DSAR45M00409,3844,3844_1,,,
sub-DSAR45M00410,1447,1447_2,sub-DSAR45M04039,0.5086,3
sub-DSAR45M00411,684,684_1,sub-DSAR45M01670,0.4662,2
sub-DSAR45M00412,5777,5777_1,,,
sub-DSAR45M00413,4518,4518_1,,,
sub-DSAR45M00414,5915,5915_1,,,
sub-DSAR45M00415,9092,9092_1,,,
sub-DSAR45M00416,7259,7259_1,,,
sub-DSAR45M00417,2294,2294_1,,,
sub-DSAR45M00418,9015,9015_1,,,
sub-DSAR45M00419,1718,1718_2,sub-DSAR45M04165,0.513,3
sub-DSAR45M00420,2155,2155_1,,,
sub-DSAR45M00421,7143,7143_1,,,
sub-DSAR45M00422,4182,4182_1,,,
sub-DSAR45M00423,3269,3269_1,,,
sub-DSAR45M00424,329,329_1,sub-DSAR45M11636,0.9977,1
sub-DSAR45M00425,9486,9486_1,,,
sub-DSAR45M00426,4822,4822_1,,,
sub-DSAR45M00427,3936,3936_1,,,
sub-DSAR45M00428,835,835_1,sub-DSAR45M11457,0.4477,2
sub-DSAR45M00429,1882,1882_1,,,
sub-DSAR45M00430,2193,2193_1,,,
sub-DSAR45M00431,5651,5651_1,,,
sub-DSAR45M00432,5630,5630_1,,,
sub-DSAR45M00433,2247,2247_1,,,
sub-DSAR45M00434,6296,6296_1,,,
sub-DSAR45M00435,6038,6038_1,,,
sub-DSAR45M00436,2188,2188_1,,,
sub-DSAR45M00437,820,820_1,sub-DSAR45M02114,0.3997,2
sub-DSAR45M00438,2951,2951_1,,,
sub-DSAR45M00439,2198,2198_1,,,
sub-DSAR45M00440,9575,9575_1,,,
sub-DSAR45M00441,1313,1313_1,sub-DSAR45M05989,0.4699,3
sub-DSAR45M00442,472,472_1,sub-DSAR45M07183,0.443,2
sub-DSAR45M00443,946,946_1,sub-DSAR45M05724,0.5514,2
sub-DSAR45M00444,2191,2191_1,,,
sub-DSAR45M00445,827,827_1,sub-DSAR45M02730,0.4819,2
sub-DSAR45M00446,4776,4776_1,,,
sub-DSAR45M00447,9649,9649_1,,,
sub-DSAR45M00448,1045,1045_1,sub-DSAR45M03331,0.5473,2
sub-DSAR45M00449,9243,9243_1,,,
sub-DSAR45M00450,2161,2161_1,,,
sub-DSAR45M00451,764,764_1,sub-DSAR45M07116,0.4553,2
sub-DSAR45M00452,5784,5784_1,,,
sub-DSAR45M00453,8248,8248_1,,,
sub-DSAR45M00454,2057,2057_1,,,
sub-DSAR45M00455,850,850_1,sub-DSAR45M04883,0.5526,2
sub-DSAR45M00456,5162,5162_1,,,
sub-DSAR45M00457,2846,2846_1,,,
sub-DSAR45M00458,1840,1840_1,,,
sub-DSAR45M00459,3365,3365_1,,,
sub-DSAR45M00460,1146,1146_1,sub-DSAR45M02585,0.5718,3
sub-DSAR45M00461,8918,8918_1,,,
sub-DSAR45M00462,8317,8317_1,,,
sub-DSAR45M00463,9491,9491_1,,,
sub-DSAR45M00464,1605,1605_2,sub-DSAR45M02816,0.4987,3
sub-DSAR45M00465,3305,3305_1,,,
sub-DSAR45M00466,7314,7314_1,,,
sub-DSAR45M00467,756,756_1,sub-DSAR45M09177,0.4522,2
sub-DSAR45M00468,6575,6575_1,,,
sub-DSAR45M00469,4785,4785_1,,,
sub-DSAR45M00470,1631,1631_1,sub-DSAR45M04723,0.4722,3
sub-DSAR45M00471,6736,6736_1,,,
sub-DSAR45M00472,2422,2422_1,,,
sub-DSAR45M00473,5230,5230_1,,,
sub-DSAR45M00474,3112,3112_1,,,
sub-DSAR45M00475,8158,8158_1,,,
sub-DSAR45M00476,3135,3135_1,,,
sub-DSAR45M00477,7295,7295_1,,,
sub-DSAR45M00478,987,987_1,sub-DSAR45M06985,0.4948,2
sub-DSAR45M00479,8467,8467_1,,,
sub-DSAR45M00480,2755,2755_1,,,
sub-DSAR45M00481,9534,9534_1,,,
sub-DSAR45M00482,6189,6189_1,,,
sub-DSAR45M00483,2475,2475_1,,,
sub-DSAR45M00484,8266,8266_1,,,
sub-DSAR45M00485,4820,4820_1,,,
sub-DSAR45M00486,5118,5118_1,,,
sub-DSAR45M00487,2046,2046_1,,,
sub-DSAR45M00488,5876,5876_1,,,
sub-DSAR45M00489,376,376_1,sub-DSAR45M00764,0.9991,1
sub-DSAR45M00490,420,420_1,sub-DSAR45M10988,0.4382,2
sub-DSAR45M00491,4589,4589_1,,,
sub-DSAR45M00492,1509,1509_2,sub-DSAR45M09936,0.5141,3
sub-DSAR45M00493,985,985_1,sub-DSAR45M06172,0.473,2
sub-DSAR45M00494,3360,3360_1,,,
sub-DSAR45M00495,7152,7152_1,,,
sub-DSAR45M00496,7685,7685_1,,,
sub-DSAR45M00497,3358,3358_1,,,
sub-DSAR45M00498,9217,9217_1,,,
sub-DSAR45M00499,7711,7711_1,,,
sub-DSAR45M00500,5740,5740_1,,,
sub-DSAR45M00501,645,645_1,sub-DSAR45M03788,0.5973,2
sub-DSAR45M00502,8924,8924_1,,,
sub-DSAR45M00503,3604,3604_1,,,
sub-DSAR45M00504,8856,8856_1,,,
sub-DSAR45M00505,712,712_1,sub-DSAR45M05684,0.5355,2
sub-DSAR45M00506,8841,8841_1,,,
sub-DSAR45M00507,4664,4664_1,,,
sub-DSAR45M00508,152,152_1,sub-DSAR45M04638,0.9972,1
sub-DSAR45M00509,6216,6216_1,,,
sub-DSAR45M00510,7936,7936_1,,,
sub-DSAR45M00511,1601,1601_2,sub-DSAR45M04070,0.5527,3
sub-DSAR45M00512,4484,4484_1,,,
sub-DSAR45M00513,8910,8910_1,,,
sub-DSAR45M00514,1315,1315_2,sub-DSAR45M05510,0.5763,3
sub-DSAR45M00515,491,491_1,sub-DSAR45M06262,0.4987,2
sub-DSAR45M00516,8986,8986_1,,,
sub-DSAR45M00517,967,967_1,sub-DSAR45M07009,0.4442,2
sub-DSAR45M00518,424,424_1,sub-DSAR45M07540,0.4783,2
sub-DSAR45M00519,1712,1712_1,sub-DSAR45M06320,0.5348,3
sub-DSAR45M00520,7650,7650_1,,,
sub-DSAR45M00521,2040,2040_1,,,
sub-DSAR45M00522,72,72_1,sub-DSAR45M04968,0.9971,1
sub-DSAR45M00523,1407,1407_2,sub-DSAR45M01041,0.5469,3
sub-DSAR45M00524,9829,9829_1,,,
sub-DSAR45M00525,8294,8294_1,,,
sub-DSAR45M00526,5506,5506_1,,,
sub-DSAR45M00527,1532,1532_2,sub-DSAR45M01392,0.5081,3
sub-DSAR45M00528,5921,5921_1,,,
sub-DSAR45M00529,4247,4247_1,,,
sub-DSAR45M00530,35,35_1,sub-DSAR45M09080,0.9987,1
sub-DSAR45M00531,1065,1065_2,sub-DSAR45M00856,0.5371,3
sub-DSAR45M00532,6160,6160_1,,,
sub-DSAR45M00533,325,325_1,sub-DSAR45M05975,0.9975,1
sub-DSAR45M00534,8049,8049_1,,,
sub-DSAR45M00535,3298,3298_1,,,
sub-DSAR45M00536,394,394_1,sub-DSAR45M07300,0.9976,1
sub-DSAR45M00537,3032,3032_1,,,
sub-DSAR45M00538,8556,8556_1,,,
sub-DSAR45M00539,903,903_1,sub-DSAR45M05529,0.4583,2
sub-DSAR45M00540,2310,2310_1,,,
sub-DSAR45M00541,8210,8210_1,,,
sub-DSAR45M00542,5294,5294_1,,,
sub-DSAR45M00543,1092,1092_2,sub-DSAR45M05693,0.5204,3
sub-DSAR45M00544,6384,6384_1,,,
sub-DSAR45M00545,9147,9147_1,,,
sub-DSAR45M00546,1076,1076_2,sub-DSAR45M10569,0.4964,3
sub-DSAR45M00547,1667,1667_1,sub-DSAR45M04522,0.4975,3
sub-DSAR45M00548,8097,8097_1,,,
sub-DSAR45M00549,3815,3815_1,,,
sub-DSAR45M00550,5949,5949_1,,,
sub-DSAR45M00551,205,205_1,sub-DSAR45M06801,0.9982,1
sub-DSAR45M00552,8459,8459_1,,,
sub-DSAR45M00553,200,200_1,sub-DSAR45M02756,0.9976,1
sub-DSAR45M00554,3428,3428_1,,,
sub-DSAR45M00555,7968,7968_1,,,
sub-DSAR45M00556,8278,8278_1,,,
sub-DSAR45M00557,3203,3203_1,,,
sub-DSAR45M00558,7760,7760_1,,,
sub-DSAR45M00559,328,328_1,sub-DSAR45M07170,0.9993,1
sub-DSAR45M00560,249,249_1,sub-DSAR45M01051,1.0,1
sub-DSAR45M00561,7708,7708_1,,,
sub-DSAR45M00562,6628,6628_1,,,
sub-DSAR45M00563,4036,4036_1,,,
sub-DSAR45M00564,5094,5094_1,,,
sub-DSAR45M00565,4533,4533_1,,,
sub-DSAR45M00566,625,625_1,sub-DSAR45M01143,0.5374,2
sub-DSAR45M00567,4308,4308_1,,,
sub-DSAR45M00568,5048,5048_1,,,
sub-DSAR45M00569,5390,5390_1,,,
sub-DSAR45M00570,9632,9632_1,,,
sub-DSAR45M00571,1365,1365_1,sub-DSAR45M10112,0.563,3
sub-DSAR45M00572,6742,6742_1,,,
sub-DSAR45M00573,5887,5887_1,,,
sub-DSAR45M00574,339,339_1,sub-DSAR45M06839,0.9955,1
sub-DSAR45M00575,1770,1770_2,sub-DSAR45M11071,0.4585,3
sub-DSAR45M00576,9194,9194_1,,,
sub-DSAR45M00577,7691,7691_1,,,
sub-DSAR45M00578,7538,7538_1,,,
sub-DSAR45M00579,3183,3183_1,,,
sub-DSAR45M00580,6298,6298_1,,,
sub-DSAR45M00581,7802,7802_1,,,
sub-DSAR45M00582,1138,1138_2,sub-DSAR45M05649,0.4787,3
sub-DSAR45M00583,89,89_1,sub-DSAR45M05658,0.9972,1
sub-DSAR45M00584,1486,1486_1,sub-DSAR45M11414,0.5224,3
sub-DSAR45M00585,3051,3051_1,,,
sub-DSAR45M00586,6546,6546_1,,,
sub-DSAR45M00587,1943,1943_1,,,
sub-DSAR45M00588,2003,2003_1,,,
sub-DSAR45M00589,90,90_1,sub-DSAR45M03114,1.0,1
sub-DSAR45M00590,9218,9218_1,,,
sub-DSAR45M00591,4044,4044_1,,,
sub-DSAR45M00592,2938,2938_1,,,
sub-DSAR45M00593,1421,1421_2,sub-DSAR45M01389,0.5512,3
sub-DSAR45M00594,8922,8922_1,,,
sub-DSAR45M00595,7218,7218_1,,,
sub-DSAR45M00596,8028,8028_1,,,
sub-DSAR45M00597,743,743_1,sub-DSAR45M04886,0.5812,2
sub-DSAR45M00598,2934,2934_1,,,
sub-DSAR45M00599,4191,4191_1,,,
sub-DSAR45M00600,5598,5598_1,,,
sub-DSAR45M00601,8499,8499_1,,,
sub-DSAR45M00602,759,759_1,sub-DSAR45M01699,0.4761,2
sub-DSAR45M00603,5934,5934_1,,,
sub-DSAR45M00604,663,663_1,sub-DSAR45M00840,0.5937,2
sub-DSAR45M00605,298,298_1,sub-DSAR45M09943,0.9979,1
sub-DSAR45M00606,7224,7224_1,,,
sub-DSAR45M00607,7230,7230_1,,,
sub-DSAR45M00608,9062,9062_1,,,
sub-DSAR45M00609,6493,6493_1,,,
sub-DSAR45M00610,5455,5455_1,,,
sub-DSAR45M00611,1190,1190_2,sub-DSAR45M04885,0.5285,3
sub-DSAR45M00612,7820,7820_1,,,
sub-DSAR45M00613,9082,9082_1,,,
sub-DSAR45M00614,54,54_1,sub-DSAR45M05630,1.0,1
sub-DSAR45M00615,4883,4883_1,,,
sub-DSAR45M00616,1477,1477_2,sub-DSAR45M04316,0.5384,3
sub-DSAR45M00617,2797,2797_1,,,
sub-DSAR45M00618,1485,1485_2,sub-DSAR45M08843,0.3863,3
sub-DSAR45M00619,3871,3871_1,,,
sub-DSAR45M00620,9233,9233_1,,,
sub-DSAR45M00621,469,469_1,sub-DSAR45M08940,0.4736,2
sub-DSAR45M00622,1838,1838_1,,,
sub-DSAR45M00623,6520,6520_1,,,
sub-DSAR45M00624,8801,8801_1,,,
sub-DSAR45M00625,1740,1740_2,sub-DSAR45M05234,0.439,3
sub-DSAR45M00626,501,501_1,sub-DSAR45M03986,0.4696,2
sub-DSAR45M00627,8880,8880_1,,,
sub-DSAR45M00628,2342,2342_1,,,
sub-DSAR45M00629,3407,3407_1,,,
sub-DSAR45M00630,9504,9504_1,,,
sub-DSAR45M00631,7086,7086_1,,,
sub-DSAR45M00632,6635,6635_1,,,
sub-DSAR45M00633,7920,7920_1,,,
sub-DSAR45M00634,6425,6425_1,,,
sub-DSAR45M00635,2050,2050_1,,,
sub-DSAR45M00636,3943,3943_1,,,
sub-DSAR45M00637,1417,1417_2,sub-DSAR45M02038,0.6088,3
sub-DSAR45M00638,7263,7263_1,,,
sub-DSAR45M00639,1970,1970_1,,,
sub-DSAR45M00640,4546,4546_1,,,
sub-DSAR45M00641,8306,8306_1,,,
sub-DSAR45M00642,2482,2482_1,,,
sub-DSAR45M00643,7605,7605_1,,,
sub-DSAR45M00644,3985,3985_1,,,
sub-DSAR45M00645,9449,9449_1,,,
sub-DSAR45M00646,182,182_1,sub-DSAR45M09679,1.0,1
sub-DSAR45M00647,7301,7301_1,,,
sub-DSAR45M00648,6713,6713_1,,,
sub-DSAR45M00649,1338,1338_2,sub-DSAR45M01602,0.5663,3
sub-DSAR45M00650,6614,6614_1,,,
sub-DSAR45M00651,889,889_1,sub-DSAR45M01526,0.5254,2
sub-DSAR45M00652,8692,8692_1,,,
sub-DSAR45M00653,2360,2360_1,,,
sub-DSAR45M00654,268,268_1,sub-DSAR45M07500,0.9977,1
sub-DSAR45M00655,8415,8415_1,,,
sub-DSAR45M00656,9587,9587_1,,,
sub-DSAR45M00657,9261,9261_1,,,
sub-DSAR45M00658,9187,9187_1,,,
sub-DSAR45M00659,430,430_1,sub-DSAR45M07362,0.5668,2
sub-DSAR45M00660,6986,6986_1,,,
sub-DSAR45M00661,209,209_1,sub-DSAR45M04041,0.997,1
sub-DSAR45M00662,1000,1000_1,sub-DSAR45M01709,0.4394,2
sub-DSAR45M00663,4107,4107_1,,,
sub-DSAR45M00664,1641,1641_2,sub-DSAR45M01936,0.5582,3
sub-DSAR45M00665,3585,3585_1,,,
sub-DSAR45M00666,6940,6940_1,,,
sub-DSAR45M00667,8137,8137_1,,,
sub-DSAR45M00668,9134,9134_1,,,
sub-DSAR45M00669,4392,4392_1,,,
sub-DSAR45M00670,3819,3819_1,,,
sub-DSAR45M00671,4650,4650_1,,,
sub-DSAR45M00672,140,140_1,sub-DSAR45M11093,0.9977,1
sub-DSAR45M00673,7173,7173_1,,,
sub-DSAR45M00674,7406,7406_1,,,
sub-DSAR45M00675,6819,6819_1,,,
sub-DSAR45M00676,9031,9031_1,,,
sub-DSAR45M00677,8458,8458_1,,,
sub-DSAR45M00678,6013,6013_1,,,
sub-DSAR45M00679,4178,4178_1,,,
sub-DSAR45M00680,8214,8214_1,,,
sub-DSAR45M00681,5966,5966_1,,,
sub-DSAR45M00682,4354,4354_1,,,
sub-DSAR45M00683,8001,8001_1,,,
sub-DSAR45M00684,7833,7833_1,,,
sub-DSAR45M00685,9044,9044_1,,,
sub-DSAR45M00686,5515,5515_1,,,
sub-DSAR45M00687,5652,5652_1,,,
sub-DSAR45M00688,8149,8149_1,,,
sub-DSAR45M00689,4425,4425_1,,,
sub-DSAR45M00690,3502,3502_1,,,
sub-DSAR45M00691,9342,9342_1,,,
sub-DSAR45M00692,1053,1053_1,sub-DSAR45M02238,0.4322,2
sub-DSAR45M00693,9286,9286_1,,,
sub-DSAR45M00694,6449,6449_1,,,
sub-DSAR45M00695,6303,6303_1,,,
sub-DSAR45M00696,2864,2864_1,,,
sub-DSAR45M00697,4472,4472_1,,,
sub-DSAR45M00698,4000,4000_1,,,
sub-DSAR45M00699,421,421_1,sub-DSAR45M05118,0.5356,2
sub-DSAR45M00700,3554,3554_1,,,
sub-DSAR45M00701,7686,7686_1,,,
sub-DSAR45M00702,1607,1607_2,sub-DSAR45M05824,0.5248,3
sub-DSAR45M00703,3584,3584_1,,,
sub-DSAR45M00704,3655,3655_1,,,
sub-DSAR45M00705,6592,6592_1,,,
sub-DSAR45M00706,7735,7735_1,,,
sub-DSAR45M00707,801,801_1,sub-DSAR45M02664,0.4658,2
sub-DSAR45M00708,334,334_1,sub-DSAR45M07251,0.9997,1
sub-DSAR45M00709,32,32_1,sub-DSAR45M11223,0.9991,1
sub-DSAR45M00710,1294,1294_2,sub-DSAR45M06738,0.5236,3
sub-DSAR45M00711,7489,7489_1,,,
sub-DSAR45M00712,9442,9442_1,,,
sub-DSAR45M00713,6646,6646_1,,,
sub-DSAR45M00714,859,859_1,sub-DSAR45M04857,0.5069,2
sub-DSAR45M00715,1603,1603_2,sub-DSAR45M05948,0.5076,3
sub-DSAR45M00716,4744,4744_1,,,
sub-DSAR45M00717,8465,8465_1,,,
sub-DSAR45M00718,581,581_1,sub-DSAR45M03423,0.3992,2
sub-DSAR45M00719,9013,9013_1,,,
sub-DSAR45M00720,1071,1071_1,sub-DSAR45M11378,0.4247,3
sub-DSAR45M00721,4249,4249_1,,,
sub-DSAR45M00722,4835,4835_1,,,
sub-DSAR45M00723,6569,6569_1,,,
sub-DSAR45M00724,8071,8071_1,,,
sub-DSAR45M00725,5947,5947_1,,,
sub-DSAR45M00726,1637,1637_2,sub-DSAR45M03381,0.5741,3
sub-DSAR45M00727,2323,2323_1,,,
sub-DSAR45M00728,3272,3272_1,,,
sub-DSAR45M00729,1888,1888_1,,,
sub-DSAR45M00730,7961,7961_1,,,
sub-DSAR45M00731,408,408_1,sub-DSAR45M03591,1.0,1
sub-DSAR45M00732,7424,7424_1,,,
sub-DSAR45M00733,9441,9441_1,,,
sub-DSAR45M00734,1143,1143_1,sub-DSAR45M07273,0.4773,3
sub-DSAR45M00735,4875,4875_1,,,
sub-DSAR45M00736,1385,1385_2,sub-DSAR45M05528,0.4333,3
sub-DSAR45M00737,655,655_1,sub-DSAR45M07140,0.4332,2
sub-DSAR45M00738,2540,2540_1,,,
sub-DSAR45M00739,531,531_1,sub-DSAR45M08513,0.5025,2
sub-DSAR45M00740,2026,2026_1,,,
sub-DSAR45M00741,2852,2852_1,,,
sub-DSAR45M00742,7804,7804_1,,,
sub-DSAR45M00743,9516,9516_1,,,
sub-DSAR45M00744,84,84_1,sub-DSAR45M07672,0.9992,1
sub-DSAR45M00745,1318,1318_2,sub-DSAR45M01564,0.5082,3
sub-DSAR45M00746,1010,1010_1,sub-DSAR45M01901,0.4546,2
sub-DSAR45M00747,4223,4223_1,,,
sub-DSAR45M00748,744,744_1,sub-DSAR45M01022,0.4515,2
sub-DSAR45M00749,7585,7585_1,,,
sub-DSAR45M00750,6368,6368_1,,,
sub-DSAR45M00751,2805,2805_1,,,
sub-DSAR45M00752,6553,6553_1,,,
sub-DSAR45M00753,4774,4774_1,,,
sub-DSAR45M00754,3097,3097_1,,,
sub-DSAR45M00755,6155,6155_1,,,
sub-DSAR45M00756,1535,1535_1,sub-DSAR45M02775,0.529,3
sub-DSAR45M00757,332,332_1,sub-DSAR45M03993,0.9956,1
sub-DSAR45M00758,1615,1615_1,sub-DSAR45M01927,0.4701,3
sub-DSAR45M00759,6445,6445_1,,,
sub-DSAR45M00760,117,117_1,sub-DSAR45M04417,0.9988,1
sub-DSAR45M00761,8005,8005_1,,,
sub-DSAR45M00762,169,169_1,sub-DSAR45M03758,0.9984,1
sub-DSAR45M00763,8169,8169_1,,,
sub-DSAR45M00764,376,376_1,sub-DSAR45M00489,0.9991,1
sub-DSAR45M00765,5502,5502_1,,,
sub-DSAR45M00766,1375,1375_2,sub-DSAR45M07491,0.5316,3
sub-DSAR45M00767,1359,1359_1,sub-DSAR45M06302,0.607,3
sub-DSAR45M00768,4104,4104_1,,,
sub-DSAR45M00769,4892,4892_1,,,
sub-DSAR45M00770,8064,8064_1,,,
sub-DSAR45M00771,2750,2750_1,,,
sub-DSAR45M00772,6899,6899_1,,,
sub-DSAR45M00773,204,204_1,sub-DSAR45M01294,0.9987,1
sub-DSAR45M00774,9400,9400_1,,,
sub-DSAR45M00775,5875,5875_1,,,
sub-DSAR45M00776,3158,3158_1,,,
sub-DSAR45M00777,3498,3498_1,,,
sub-DSAR45M00778,5855,5855_1,,,
sub-DSAR45M00779,2431,2431_1,,,
sub-DSAR45M00780,1464,1464_2,sub-DSAR45M05374,0.5386,3
sub-DSAR45M00781,9461,9461_1,,,
sub-DSAR45M00782,945,945_1,sub-DSAR45M01477,0.5228,2
sub-DSAR45M00783,2408,2408_1,,,
sub-DSAR45M00784,5677,5677_1,,,
sub-DSAR45M00785,8319,8319_1,,,
sub-DSAR45M00786,8263,8263_1,,,
sub-DSAR45M00787,5263,5263_1,,,
sub-DSAR45M00788,703,703_1,sub-DSAR45M06663,0.4928,2
sub-DSAR45M00789,1697,1697_1,sub-DSAR45M04731,0.5253,3
sub-DSAR45M00790,6885,6885_1,,,
sub-DSAR45M00791,5253,5253_1,,,
sub-DSAR45M00792,3259,3259_1,,,
sub-DSAR45M00793,2119,2119_1,,,
sub-DSAR45M00794,2167,2167_1,,,
sub-DSAR45M00795,5104,5104_1,,,
sub-DSAR45M00796,874,874_1,sub-DSAR45M10510,0.4131,2
sub-DSAR45M00797,5965,5965_1,,,
sub-DSAR45M00798,1373,1373_2,sub-DSAR45M02780,0.4636,3
sub-DSAR45M00799,143,143_1,sub-DSAR45M11041,0.9968,1
sub-DSAR45M00800,7847,7847_1,,,
sub-DSAR45M00801,9121,9121_1,,,
sub-DSAR45M00802,7698,7698_1,,,
sub-DSAR45M00803,941,941_1,sub-DSAR45M04018,0.5229,2
sub-DSAR45M00804,9175,9175_1,,,
sub-DSAR45M00805,5925,5925_1,,,
sub-DSAR45M00806,7268,7268_1,,,
sub-DSAR45M00807,8594,8594_1,,,
sub-DSAR45M00808,4612,4612_1,,,
sub-DSAR45M00809,448,448_1,sub-DSAR45M07117,0.4453,2
sub-DSAR45M00810,7129,7129_1,,,
sub-DSAR45M00811,4808,4808_1,,,
sub-DSAR45M00812,5275,5275_1,,,
sub-DSAR45M00813,567,567_1,sub-DSAR45M04746,0.5433,2
sub-DSAR45M00814,8183,8183_1,,,
sub-DSAR45M00815,6317,6317_1,,,
sub-DSAR45M00816,1908,1908_1,,,
sub-DSAR45M00817,2521,2521_1,,,
sub-DSAR45M00818,6695,6695_1,,,
sub-DSAR45M00819,2889,2889_1,,,
sub-DSAR45M00820,2936,2936_1,,,
sub-DSAR45M00821,161,161_1,sub-DSAR45M00246,0.9976,1
sub-DSAR45M00822,397,397_1,sub-DSAR45M05285,0.999,1
sub-DSAR45M00823,885,885_1,sub-DSAR45M02891,0.4953,2
sub-DSAR45M00824,5800,5800_1,,,
sub-DSAR45M00825,7243,7243_1,,,
sub-DSAR45M00826,834,834_1,sub-DSAR45M05060,0.5057,2
sub-DSAR45M00827,1335,1335_2,sub-DSAR45M07423,0.4073,3
sub-DSAR45M00828,2891,2891_1,,,
sub-DSAR45M00829,2914,2914_1,,,
sub-DSAR45M00830,3547,3547_1,,,
sub-DSAR45M00831,9538,9538_1,,,
sub-DSAR45M00832,3501,3501_1,,,
sub-DSAR45M00833,6810,6810_1,,,
sub-DSAR45M00834,4119,4119_1,,,
sub-DSAR45M00835,862,862_1,sub-DSAR45M06431,0.5112,2
sub-DSAR45M00836,7380,7380_1,,,
sub-DSAR45M00837,3327,3327_1,,,
sub-DSAR45M00838,564,564_1,sub-DSAR45M02549,0.4842,2
sub-DSAR45M00839,752,752_1,sub-DSAR45M03362,0.5544,2
sub-DSAR45M00840,663,663_1,sub-DSAR45M00604,0.5937,2
sub-DSAR45M00841,1746,1746_1,sub-DSAR45M08058,0.5255,3
sub-DSAR45M00842,6502,6502_1,,,
sub-DSAR45M00843,7789,7789_1,,,
sub-DSAR45M00844,476,476_1,sub-DSAR45M09733,0.5262,2
sub-DSAR45M00845,6237,6237_1,,,
sub-DSAR45M00846,5176,5176_1,,,
sub-DSAR45M00847,2364,2364_1,,,
sub-DSAR45M00848,2111,2111_1,,,
sub-DSAR45M00849,9563,9563_1,,,
sub-DSAR45M00850,1965,1965_1,,,
sub-DSAR45M00851,7499,7499_1,,,
sub-DSAR45M00852,503,503_1,sub-DSAR45M07291,0.4709,2
sub-DSAR45M00853,1171,1171_2,sub-DSAR45M02906,0.5645,3
sub-DSAR45M00854,1859,1859_1,,,
sub-DSAR45M00855,6154,6154_1,,,
sub-DSAR45M00856,1065,1065_1,sub-DSAR45M00531,0.5371,3
sub-DSAR45M00857,4494,4494_1,,,
sub-DSAR45M00858,5356,5356_1,,,
sub-DSAR45M00859,3611,3611_1,,,
sub-DSAR45M00860,7818,7818_1,,,
sub-DSAR45M00861,8780,8780_1,,,
sub-DSAR45M00862,5787,5787_1,,,
sub-DSAR45M00863,6631,6631_1,,,
sub-DSAR45M00864,7808,7808_1,,,
sub-DSAR45M00865,230,230_1,sub-DSAR45M03226,0.9998,1
sub-DSAR45M00866,1237,1237_2,sub-DSAR45M03116,0.5781,3
sub-DSAR45M00867,8875,8875_1,,,
sub-DSAR45M00868,7740,7740_1,,,
sub-DSAR45M00869,4591,4591_1,,,
sub-DSAR45M00870,7109,7109_1,,,
sub-DSAR45M00871,7795,7795_1,,,
sub-DSAR45M00872,6994,6994_1,,,
sub-DSAR45M00873,4270,4270_1,,,
sub-DSAR45M00874,6905,6905_1,,,
sub-DSAR45M00875,4583,4583_1,,,
sub-DSAR45M00876,2544,2544_1,,,
sub-DSAR45M00877,746,746_1,sub-DSAR45M08330,0.424,2
sub-DSAR45M00878,3342,3342_1,,,
sub-DSAR45M00879,958,958_1,sub-DSAR45M01309,0.4763,2
sub-DSAR45M00880,5823,5823_1,,,
sub-DSAR45M00881,6827,6827_1,,,
sub-DSAR45M00882,2041,2041_1,,,
sub-DSAR45M00883,747,747_1,sub-DSAR45M08904,0.5785,2
sub-DSAR45M00884,5662,5662_1,,,
sub-DSAR45M00885,5332,5332_1,,,
sub-DSAR45M00886,1418,1418_1,sub-DSAR45M01698,0.5574,3
sub-DSAR45M00887,3862,3862_1,,,
sub-DSAR45M00888,3613,3613_1,,,
sub-DSAR45M00889,7583,7583_1,,,
sub-DSAR45M00890,3691,3691_1,,,
sub-DSAR45M00891,9258,9258_1,,,
sub-DSAR45M00892,2512,2512_1,,,
sub-DSAR45M00893,523,523_1,sub-DSAR45M01628,0.5085,2
sub-DSAR45M00894,5093,5093_1,,,
sub-DSAR45M00895,6290,6290_1,,,
sub-DSAR45M00896,3401,3401_1,,,
sub-DSAR45M00897,4778,4778_1,,,
sub-DSAR45M00898,5059,5059_1,,,
sub-DSAR45M00899,8995,8995_1,,,
sub-DSAR45M00900,1780,1780_1,sub-DSAR45M07499,0.525,3
sub-DSAR45M00901,3177,3177_1,,,
sub-DSAR45M00902,9535,9535_1,,,
sub-DSAR45M00903,8859,8859_1,,,
sub-DSAR45M00904,4244,4244_1,,,
sub-DSAR45M00905,3832,3832_1,,,
sub-DSAR45M00906,7609,7609_1,,,
sub-DSAR45M00907,6291,6291_1,,,
sub-DSAR45M00908,4006,4006_1,,,
sub-DSAR45M00909,4255,4255_1,,,
sub-DSAR45M00910,4767,4767_1,,,
sub-DSAR45M00911,5984,5984_1,,,
sub-DSAR45M00912,7956,7956_1,,,
sub-DSAR45M00913,2657,2657_1,,,
sub-DSAR45M00914,3262,3262_1,,,
sub-DSAR45M00915,2217,2217_1,,,
sub-DSAR45M00916,4895,4895_1,,,
sub-DSAR45M00917,9600,9600_1,,,
sub-DSAR45M00918,6884,6884_1,,,
sub-DSAR45M00919,4064,4064_1,,,
sub-DSAR45M00920,2231,2231_1,,,
sub-DSAR45M00921,6108,6108_1,,,
sub-DSAR45M00922,269,269_1,sub-DSAR45M07986,0.998,1
sub-DSAR45M00923,9084,9084_1,,,
sub-DSAR45M00924,653,653_1,sub-DSAR45M01613,0.4318,2
sub-DSAR45M00925,6321,6321_1,,,
sub-DSAR45M00926,2,2_1,sub-DSAR45M05611,0.9964,1
sub-DSAR45M00927,6190,6190_1,,,
sub-DSAR45M00928,5799,5799_1,,,
sub-DSAR45M00929,6213,6213_1,,,
sub-DSAR45M00930,9357,9357_1,,,
sub-DSAR45M00931,7125,7125_1,,,
sub-DSAR45M00932,9087,9087_1,,,
sub-DSAR45M00933,208,208_1,sub-DSAR45M07059,1.0,1
sub-DSAR45M00934,1199,1199_2,sub-DSAR45M02199,0.4819,3
sub-DSAR45M00935,375,375_1,sub-DSAR45M03306,0.9995,1
sub-DSAR45M00936,407,407_1,sub-DSAR45M02561,0.9973,1
sub-DSAR45M00937,870,870_1,sub-DSAR45M10578,0.4619,2
sub-DSAR45M00938,8732,8732_1,,,
sub-DSAR45M00939,2328,2328_1,,,
sub-DSAR45M00940,275,275_1,sub-DSAR45M01887,0.9982,1
sub-DSAR45M00941,7702,7702_1,,,
sub-DSAR45M00942,9173,9173_1,,,
sub-DSAR45M00943,4574,4574_1,,,
sub-DSAR45M00944,6821,6821_1,,,
sub-DSAR45M00945,9601,9601_1,,,
sub-DSAR45M00946,5629,5629_1,,,
sub-DSAR45M00947,1328,1328_2,sub-DSAR45M10663,0.5173,3
sub-DSAR45M00948,1393,1393_2,sub-DSAR45M04143,0.5102,3
sub-DSAR45M00949,4951,4951_1,,,
sub-DSAR45M00950,612,612_1,sub-DSAR45M09945,0.5115,2
sub-DSAR45M00951,6,6_1,sub-DSAR45M03446,0.9946,1
sub-DSAR45M00952,27,27_1,sub-DSAR45M05016,0.9971,1
sub-DSAR45M00953,1849,1849_1,,,
sub-DSAR45M00954,9322,9322_1,,,
sub-DSAR45M00955,189,189_1,sub-DSAR45M07186,0.9977,1
sub-DSAR45M00956,7983,7983_1,,,
sub-DSAR45M00957,1186,1186_1,sub-DSAR45M01769,0.491,3
sub-DSAR45M00958,7037,7037_1,,,
sub-DSAR45M00959,1506,1506_2,sub-DSAR45M01102,0.5157,3
sub-DSAR45M00960,2219,2219_1,,,
sub-DSAR45M00961,940,940_1,sub-DSAR45M02728,0.5003,2
sub-DSAR45M00962,630,630_1,sub-DSAR45M03608,0.5039,2
sub-DSAR45M00963,8403,8403_1,,,
sub-DSAR45M00964,153,153_1,sub-DSAR45M09245,1.0,1
sub-DSAR45M00965,272,272_1,sub-DSAR45M07844,0.9951,1
sub-DSAR45M00966,3549,3549_1,,,
sub-DSAR45M00967,4732,4732_1,,,
sub-DSAR45M00968,2061,2061_1,,,
sub-DSAR45M00969,2295,2295_1,,,
sub-DSAR45M00970,1339,1339_1,sub-DSAR45M06538,0.4716,3
sub-DSAR45M00971,5064,5064_1,,,
sub-DSAR45M00972,844,844_1,sub-DSAR45M01178,0.5358,2
sub-DSAR45M00973,2756,2756_1,,,
sub-DSAR45M00974,4212,4212_1,,,
sub-DSAR45M00975,7582,7582_1,,,
sub-DSAR45M00976,348,348_1,sub-DSAR45M11240,1.0,1
sub-DSAR45M00977,1168,1168_1,sub-DSAR45M02974,0.5322,3
sub-DSAR45M00978,2683,2683_1,,,
sub-DSAR45M00979,3415,3415_1,,,
sub-DSAR45M00980,4554,4554_1,,,
sub-DSAR45M00981,8609,8609_1,,,
sub-DSAR45M00982,137,137_1,sub-DSAR45M06575,0.9955,1
sub-DSAR45M00983,8055,8055_1,,,
sub-DSAR45M00984,49,49_1,sub-DSAR45M06890,0.9975,1
sub-DSAR45M00985,3312,3312_1,,,
sub-DSAR45M00986,6335,6335_1,,,
sub-DSAR45M00987,16,16_1,sub-DSAR45M09533,0.9989,1
sub-DSAR45M00988,1002,1002_1,sub-DSAR45M10183,0.5287,2
sub-DSAR45M00989,8503,8503_1,,,
sub-DSAR45M00990,2875,2875_1,,,
sub-DSAR45M00991,8045,8045_1,,,
sub-DSAR45M00992,2747,2747_1,,,
sub-DSAR45M00993,9244,9244_1,,,
sub-DSAR45M00994,4216,4216_1,,,
sub-DSAR45M00995,4477,4477_1,,,
sub-DSAR45M00996,3586,3586_1,,,
sub-DSAR45M00997,1538,1538_2,sub-DSAR45M11340,0.4674,3
sub-DSAR45M00998,5226,5226_1,,,
sub-DSAR45M00999,1196,1196_1,sub-DSAR45M01696,0.5673,3
sub-DSAR45M01000,7962,7962_1,,,
sub-DSAR45M01001,5732,5732_1,,,
sub-DSAR45M01002,661,661_1,sub-DSAR45M06735,0.5408,2
sub-DSAR45M01003,2288,2288_1,,,
sub-DSAR45M01004,5755,5755_1,,,
sub-DSAR45M01005,8393,8393_1,,,
sub-DSAR45M01006,4418,4418_1,,,
sub-DSAR45M01007,1584,1584_1,sub-DSAR45M07286,0.558,3
sub-DSAR45M01008,6837,6837_1,,,
sub-DSAR45M01009,3860,3860_1,,,
sub-DSAR45M01010,7437,7437_1,,,
sub-DSAR45M01011,6447,6447_1,,,
sub-DSAR45M01012,4031,4031_1,,,
sub-DSAR45M01013,1512,1512_1,sub-DSAR45M00259,0.5106,3
sub-DSAR45M01014,1724,1724_2,sub-DSAR45M08819,0.5117,3
sub-DSAR45M01015,4931,4931_1,,,
sub-DSAR45M01016,6049,6049_1,,,
sub-DSAR45M01017,616,616_1,sub-DSAR45M05500,0.4867,2
sub-DSAR45M01018,908,908_1,sub-DSAR45M04689,0.5437,2
sub-DSAR45M01019,2002,2002_1,,,
sub-DSAR45M01020,9315,9315_1,,,
sub-DSAR45M01021,1178,1178_1,sub-DSAR45M05868,0.5301,3
sub-DSAR45M01022,744,744_1,sub-DSAR45M00748,0.4515,2
sub-DSAR45M01023,1552,1552_2,sub-DSAR45M02659,0.5259,3
sub-DSAR45M01024,7184,7184_1,,,
sub-DSAR45M01025,8315,8315_1,,,
sub-DSAR45M01026,2336,2336_1,,,
sub-DSAR45M01027,283,283_1,sub-DSAR45M03923,0.9987,1
sub-DSAR45M01028,9792,9792_1,,,
sub-DSAR45M01029,2498,2498_1,,,
sub-DSAR45M01030,4060,4060_1,,,
sub-DSAR45M01031,1543,1543_1,sub-DSAR45M07506,0.4265,3
sub-DSAR45M01032,685,685_1,sub-DSAR45M10589,0.4585,2
sub-DSAR45M01033,1403,1403_1,sub-DSAR45M03154,0.5435,3
sub-DSAR45M01034,7699,7699_1,,,
sub-DSAR45M01035,1197,1197_1,sub-DSAR45M05945,0.549,3
sub-DSAR45M01036,3192,3192_1,,,
sub-DSAR45M01037,4721,4721_1,,,
sub-DSAR45M01038,1694,1694_1,sub-DSAR45M03267,0.5112,3
sub-DSAR45M01039,1041,1041_1,sub-DSAR45M02554,0.5474,2
sub-DSAR45M01040,8241,8241_1,,,
sub-DSAR45M01041,1407,1407_1,sub-DSAR45M00523,0.5469,3
sub-DSAR45M01042,1647,1647_2,sub-DSAR45M08755,0.3956,3
sub-DSAR45M01043,8643,8643_1,,,
sub-DSAR45M01044,3474,3474_1,,,
sub-DSAR45M01045,8288,8288_1,,,
sub-DSAR45M01046,1017,1017_1,sub-DSAR45M07915,0.599,2
sub-DSAR45M01047,1852,1852_1,,,
sub-DSAR45M01048,5648,5648_1,,,
sub-DSAR45M01049,349,349_1,sub-DSAR45M03737,0.9974,1
sub-DSAR45M01050,8936,8936_1,,,
sub-DSAR45M01051,249,249_1,sub-DSAR45M00560,1.0,1
sub-DSAR45M01052,9718,9718_1,,,
sub-DSAR45M01053,4857,4857_1,,,
sub-DSAR45M01054,5580,5580_1,,,
sub-DSAR45M01055,2923,2923_1,,,
sub-DSAR45M01056,7096,7096_1,,,
sub-DSAR45M01057,3004,3004_1,,,
sub-DSAR45M01058,8767,8767_1,,,
sub-DSAR45M01059,1747,1747_2,sub-DSAR45M09300,0.528,3
sub-DSAR45M01060,2890,2890_1,,,
sub-DSAR45M01061,8917,8917_1,,,
sub-DSAR45M01062,3823,3823_1,,,
sub-DSAR45M01063,379,379_1,sub-DSAR45M03350,0.9992,1
sub-DSAR45M01064,6728,6728_1,,,
sub-DSAR45M01065,1187,1187_1,sub-DSAR45M01957,0.4963,3
sub-DSAR45M01066,3440,3440_1,,,
sub-DSAR45M01067,2985,2985_1,,,
sub-DSAR45M01068,2589,2589_1,,,
sub-DSAR45M01069,453,453_1,sub-DSAR45M08978,0.552,2
sub-DSAR45M01070,1666,1666_1,sub-DSAR45M04985,0.4557,3
sub-DSAR45M01071,8756,8756_1,,,
sub-DSAR45M01072,1109,1109_2,sub-DSAR45M06658,0.457,3
sub-DSAR45M01073,9156,9156_1,,,
sub-DSAR45M01074,5991,5991_1,,,
sub-DSAR45M01075,4798,4798_1,,,
sub-DSAR45M01076,925,925_1,sub-DSAR45M04314,0.4915,2
sub-DSAR45M01077,1137,1137_2,sub-DSAR45M08064,0.4217,3
sub-DSAR45M01078,4682,4682_1,,,
sub-DSAR45M01079,7835,7835_1,,,
sub-DSAR45M01080,1540,1540_2,sub-DSAR45M02042,0.5033,3
sub-DSAR45M01081,184,184_1,sub-DSAR45M07014,0.9994,1
sub-DSAR45M01082,717,717_1,sub-DSAR45M09292,0.4702,2
sub-DSAR45M01083,8930,8930_1,,,
sub-DSAR45M01084,4030,4030_1,,,
sub-DSAR45M01085,4528,4528_1,,,
sub-DSAR45M01086,352,352_1,sub-DSAR45M04757,0.999,1
sub-DSAR45M01087,8641,8641_1,,,
sub-DSAR45M01088,1411,1411_1,sub-DSAR45M11167,0.4895,3
sub-DSAR45M01089,438,438_1,sub-DSAR45M10784,0.5029,2
sub-DSAR45M01090,2541,2541_1,,,
sub-DSAR45M01091,5770,5770_1,,,
sub-DSAR45M01092,9381,9381_1,,,
sub-DSAR45M01093,2190,2190_1,,,
sub-DSAR45M01094,3744,3744_1,,,
sub-DSAR45M01095,7384,7384_1,,,
sub-DSAR45M01096,7257,7257_1,,,
sub-DSAR45M01097,6383,6383_1,,,
sub-DSAR45M01098,2595,2595_1,,,
sub-DSAR45M01099,7793,7793_1,,,
sub-DSAR45M01100,6519,6519_1,,,
sub-DSAR45M01101,2737,2737_1,,,
sub-DSAR45M01102,1506,1506_1,sub-DSAR45M00959,0.5157,3
sub-DSAR45M01103,2783,2783_1,,,
sub-DSAR45M01104,8440,8440_1,,,
sub-DSAR45M01105,5,5_1,sub-DSAR45M05258,1.0,1
sub-DSAR45M01106,6414,6414_1,,,
sub-DSAR45M01107,5398,5398_1,,,
sub-DSAR45M01108,7994,7994_1,,,
sub-DSAR45M01109,823,823_1,sub-DSAR45M09003,0.4612,2
sub-DSAR45M01110,7902,7902_1,,,
sub-DSAR45M01111,2240,2240_1,,,
sub-DSAR45M01112,648,648_1,sub-DSAR45M02530,0.5089,2
sub-DSAR45M01113,5698,5698_1,,,
sub-DSAR45M01114,103,103_1,sub-DSAR45M03159,1.0,1
sub-DSAR45M01115,40,40_1,sub-DSAR45M08138,0.9946,1
sub-DSAR45M01116,5240,5240_1,,,
sub-DSAR45M01117,7659,7659_1,,,
sub-DSAR45M01118,1828,1828_2,sub-DSAR45M04427,0.4901,3
sub-DSAR45M01119,1475,1475_2,sub-DSAR45M08364,0.4877,3
sub-DSAR45M01120,1809,1809_2,sub-DSAR45M08226,0.509,3
sub-DSAR45M01121,8125,8125_1,,,
sub-DSAR45M01122,9501,9501_1,,,
sub-DSAR45M01123,2284,2284_1,,,
sub-DSAR45M01124,1216,1216_1,sub-DSAR45M09221,0.5254,3
sub-DSAR45M01125,4990,4990_1,,,
sub-DSAR45M01126,357,357_1,sub-DSAR45M09209,0.9987,1
sub-DSAR45M01127,4829,4829_1,,,
sub-DSAR45M01128,6463,6463_1,,,
sub-DSAR45M01129,8148,8148_1,,,
sub-DSAR45M01130,2928,2928_1,,,
sub-DSAR45M01131,3789,3789_1,,,
sub-DSAR45M01132,1917,1917_1,,,
sub-DSAR45M01133,7672,7672_1,,,
sub-DSAR45M01134,7031,7031_1,,,
sub-DSAR45M01135,6323,6323_1,,,
sub-DSAR45M01136,4162,4162_1,,,
sub-DSAR45M01137,6954,6954_1,,,
sub-DSAR45M01138,6956,6956_1,,,
sub-DSAR45M01139,1169,1169_2,sub-DSAR45M03658,0.4904,3
sub-DSAR45M01140,6011,6011_1,,,
sub-DSAR45M01141,1567,1567_2,sub-DSAR45M06767,0.4238,3
sub-DSAR45M01142,1614,1614_1,sub-DSAR45M03274,0.572,3
sub-DSAR45M01143,625,625_1,sub-DSAR45M00566,0.5374,2
sub-DSAR45M01144,6122,6122_1,,,
sub-DSAR45M01145,1812,1812_1,sub-DSAR45M11599,0.5229,3
sub-DSAR45M01146,730,730_1,sub-DSAR45M01718,0.4856,2
sub-DSAR45M01147,6512,6512_1,,,
sub-DSAR45M01148,3852,3852_1,,,
sub-DSAR45M01149,4571,4571_1,,,
sub-DSAR45M01150,1963,1963_1,,,
sub-DSAR45M01151,2374,2374_1,,,
sub-DSAR45M01152,7353,7353_1,,,
sub-DSAR45M01153,7901,7901_1,,,
sub-DSAR45M01154,1790,1790_1,sub-DSAR45M11333,0.5366,3
sub-DSAR45M01155,8985,8985_1,,,
sub-DSAR45M01156,7539,7539_1,,,
sub-DSAR45M01157,1720,1720_2,sub-DSAR45M03905,0.5153,3
sub-DSAR45M01158,7260,7260_1,,,
sub-DSAR45M01159,293,293_1,sub-DSAR45M02189,1.0,1
sub-DSAR45M01160,5287,5287_1,,,
sub-DSAR45M01161,671,671_1,sub-DSAR45M05743,0.5007,2
sub-DSAR45M01162,7428,7428_1,,,
sub-DSAR45M01163,7330,7330_1,,,
sub-DSAR45M01164,2357,2357_1,,,
sub-DSAR45M01165,1279,1279_2,sub-DSAR45M07813,0.5629,3
sub-DSAR45M01166,3234,3234_1,,,
sub-DSAR45M01167,4374,4374_1,,,
sub-DSAR45M01168,4819,4819_1,,,
sub-DSAR45M01169,8300,8300_1,,,
sub-DSAR45M01170,821,821_1,sub-DSAR45M02872,0.5135,2
sub-DSAR45M01171,3331,3331_1,,,
sub-DSAR45M01172,3956,3956_1,,,
sub-DSAR45M01173,6579,6579_1,,,
sub-DSAR45M01174,3020,3020_1,,,
sub-DSAR45M01175,1205,1205_2,sub-DSAR45M02372,0.5138,3
sub-DSAR45M01176,8449,8449_1,,,
sub-DSAR45M01177,1881,1881_1,,,
sub-DSAR45M01178,844,844_1,sub-DSAR45M00972,0.5358,2
sub-DSAR45M01179,96,96_1,sub-DSAR45M03404,0.9975,1
sub-DSAR45M01180,3883,3883_1,,,
sub-DSAR45M01181,6153,6153_1,,,
sub-DSAR45M01182,390,390_1,sub-DSAR45M02605,0.9927,1
sub-DSAR45M01183,5522,5522_1,,,
sub-DSAR45M01184,5586,5586_1,,,
sub-DSAR45M01185,1409,1409_1,sub-DSAR45M07617,0.4171,3
sub-DSAR45M01186,5857,5857_1,,,
sub-DSAR45M01187,4488,4488_1,,,
sub-DSAR45M01188,1704,1704_2,sub-DSAR45M05533,0.5543,3
sub-DSAR45M01189,3063,3063_1,,,
sub-DSAR45M01190,5022,5022_1,,,
sub-DSAR45M01191,3496,3496_1,,,
sub-DSAR45M01192,7625,7625_1,,,
sub-DSAR45M01193,3724,3724_1,,,
sub-DSAR45M01194,4279,4279_1,,,
sub-DSAR45M01195,3353,3353_1,,,
sub-DSAR45M01196,8254,8254_1,,,
sub-DSAR45M01197,1750,1750_2,sub-DSAR45M09424,0.5351,3
sub-DSAR45M01198,3749,3749_1,,,
sub-DSAR45M01199,9439,9439_1,,,
sub-DSAR45M01200,2025,2025_1,,,
sub-DSAR45M01201,1969,1969_1,,,
sub-DSAR45M01202,125,125_1,sub-DSAR45M05079,0.9989,1
sub-DSAR45M01203,8238,8238_1,,,
sub-DSAR45M01204,30,30_1,sub-DSAR45M02639,0.9981,1
sub-DSAR45M01205,3579,3579_1,,,
sub-DSAR45M01206,886,886_1,sub-DSAR45M04644,0.4515,2
sub-DSAR45M01207,1534,1534_1,sub-DSAR45M02599,0.4566,3
sub-DSAR45M01208,9768,9768_1,,,
sub-DSAR45M01209,9069,9069_1,,,
sub-DSAR45M01210,884,884_1,sub-DSAR45M06379,0.5438,2
sub-DSAR45M01211,3273,3273_1,,,
sub-DSAR45M01212,7146,7146_1,,,
sub-DSAR45M01213,7773,7773_1,,,
sub-DSAR45M01214,4966,4966_1,,,
sub-DSAR45M01215,9737,9737_1,,,
sub-DSAR45M01216,8537,8537_1,,,
sub-DSAR45M01217,2073,2073_1,,,
sub-DSAR45M01218,2560,2560_1,,,
sub-DSAR45M01219,9098,9098_1,,,
sub-DSAR45M01220,2629,2629_1,,,
sub-DSAR45M01221,9458,9458_1,,,
sub-DSAR45M01222,419,419_1,sub-DSAR45M07891,0.9982,1
sub-DSAR45M01223,1474,1474_1,sub-DSAR45M05556,0.4621,3
sub-DSAR45M01224,7972,7972_1,,,
sub-DSAR45M01225,8046,8046_1,,,
sub-DSAR45M01226,8555,8555_1,,,
sub-DSAR45M01227,6790,6790_1,,,
sub-DSAR45M01228,5986,5986_1,,,
sub-DSAR45M01229,3122,3122_1,,,
sub-DSAR45M01230,624,624_1,sub-DSAR45M04242,0.5445,2
sub-DSAR45M01231,5291,5291_1,,,
sub-DSAR45M01232,3925,3925_1,,,
sub-DSAR45M01233,1966,1966_1,,,
sub-DSAR45M01234,160,160_1,sub-DSAR45M06690,0.9972,1
sub-DSAR45M01235,5633,5633_1,,,
sub-DSAR45M01236,274,274_1,sub-DSAR45M07255,0.996,1
sub-DSAR45M01237,570,570_1,sub-DSAR45M05592,0.4919,2
sub-DSAR45M01238,5401,5401_1,,,
sub-DSAR45M01239,6246,6246_1,,,
sub-DSAR45M01240,4940,4940_1,,,
sub-DSAR45M01241,5789,5789_1,,,
sub-DSAR45M01242,3954,3954_1,,,
sub-DSAR45M01243,2670,2670_1,,,
sub-DSAR45M01244,1656,1656_2,sub-DSAR45M10009,0.4855,3
sub-DSAR45M01245,3633,3633_1,,,
sub-DSAR45M01246,2565,2565_1,,,
sub-DSAR45M01247,5771,5771_1,,,
sub-DSAR45M01248,9751,9751_1,,,
sub-DSAR45M01249,6613,6613_1,,,
sub-DSAR45M01250,5153,5153_1,,,
sub-DSAR45M01251,412,412_1,sub-DSAR45M05073,1.0,1
sub-DSAR45M01252,8723,8723_1,,,
sub-DSAR45M01253,7984,7984_1,,,
sub-DSAR45M01254,4445,4445_1,,,
sub-DSAR45M01255,4873,4873_1,,,
sub-DSAR45M01256,4447,4447_1,,,
sub-DSAR45M01257,2710,2710_1,,,
sub-DSAR45M01258,1018,1018_1,sub-DSAR45M09998,0.4806,2
sub-DSAR45M01259,1136,1136_1,sub-DSAR45M10769,0.5185,3
sub-DSAR45M01260,6441,6441_1,,,
sub-DSAR45M01261,6604,6604_1,,,
sub-DSAR45M01262,1469,1469_1,sub-DSAR45M04543,0.4471,3
sub-DSAR45M01263,5727,5727_1,,,
sub-DSAR45M01264,4403,4403_1,,,
sub-DSAR45M01265,6568,6568_1,,,
sub-DSAR45M01266,1533,1533_1,sub-DSAR45M03223,0.5158,3
sub-DSAR45M01267,5760,5760_1,,,
sub-DSAR45M01268,6064,6064_1,,,
sub-DSAR45M01269,4084,4084_1,,,
sub-DSAR45M01270,9624,9624_1,,,
sub-DSAR45M01271,1024,1024_1,sub-DSAR45M02267,0.6095,2
sub-DSAR45M01272,3235,3235_1,,,
sub-DSAR45M01273,5768,5768_1,,,
sub-DSAR45M01274,891,891_1,sub-DSAR45M03830,0.612,2
sub-DSAR45M01275,8050,8050_1,,,
sub-DSAR45M01276,6972,6972_1,,,
sub-DSAR45M01277,9215,9215_1,,,
sub-DSAR45M01278,7778,7778_1,,,
sub-DSAR45M01279,8842,8842_1,,,
sub-DSAR45M01280,6407,6407_1,,,
sub-DSAR45M01281,6724,6724_1,,,
sub-DSAR45M01282,6616,6616_1,,,
sub-DSAR45M01283,7839,7839_1,,,
sub-DSAR45M01284,590,590_1,sub-DSAR45M07524,0.4983,2
sub-DSAR45M01285,4196,4196_1,,,
sub-DSAR45M01286,6413,6413_1,,,
sub-DSAR45M01287,5948,5948_1,,,
sub-DSAR45M01288,5262,5262_1,,,
sub-DSAR45M01289,8142,8142_1,,,
sub-DSAR45M01290,4762,4762_1,,,
sub-DSAR45M01291,2011,2011_1,,,
sub-DSAR45M01292,3194,3194_1,,,
sub-DSAR45M01293,866,866_1,sub-DSAR45M02003,0.566,2
sub-DSAR45M01294,204,204_1,sub-DSAR45M00773,0.9987,1
sub-DSAR45M01295,9059,9059_1,,,
sub-DSAR45M01296,3481,3481_1,,,
sub-DSAR45M01297,2058,2058_1,,,
sub-DSAR45M01298,1079,1079_2,sub-DSAR45M03144,0.5405,3
sub-DSAR45M01299,949,949_1,sub-DSAR45M10290,0.5144,2
sub-DSAR45M01300,1361,1361_1,sub-DSAR45M04699,0.4187,3
sub-DSAR45M01301,6409,6409_1,,,
sub-DSAR45M01302,1755,1755_2,sub-DSAR45M11186,0.5314,3
sub-DSAR45M01303,9598,9598_1,,,
sub-DSAR45M01304,6683,6683_1,,,
sub-DSAR45M01305,5399,5399_1,,,
sub-DSAR45M01306,1428,1428_1,sub-DSAR45M08345,0.4361,3
sub-DSAR45M01307,3529,3529_1,,,
sub-DSAR45M01308,5198,5198_1,,,
sub-DSAR45M01309,958,958_1,sub-DSAR45M00879,0.4763,2
sub-DSAR45M01310,6352,6352_1,,,
sub-DSAR45M01311,4868,4868_1,,,
sub-DSAR45M01312,8116,8116_1,,,
sub-DSAR45M01313,6681,6681_1,,,
sub-DSAR45M01314,1624,1624_1,sub-DSAR45M10409,0.4429,3
sub-DSAR45M01315,5314,5314_1,,,
sub-DSAR45M01316,7480,7480_1,,,
sub-DSAR45M01317,6114,6114_1,,,
sub-DSAR45M01318,3207,3207_1,,,
sub-DSAR45M01319,5765,5765_1,,,
sub-DSAR45M01320,5815,5815_1,,,
sub-DSAR45M01321,6630,6630_1,,,
sub-DSAR45M01322,2552,2552_1,,,
sub-DSAR45M01323,8770,8770_1,,,
sub-DSAR45M01324,1347,1347_2,sub-DSAR45M07401,0.4869,3
sub-DSAR45M01325,2957,2957_1,,,
sub-DSAR45M01326,3847,3847_1,,,
sub-DSAR45M01327,134,134_1,sub-DSAR45M07575,0.9961,1
sub-DSAR45M01328,104,104_1,sub-DSAR45M03769,0.9976,1
sub-DSAR45M01329,62,62_1,sub-DSAR45M02369,1.0,1
sub-DSAR45M01330,822,822_1,sub-DSAR45M07447,0.5072,2
sub-DSAR45M01331,6550,6550_1,,,
sub-DSAR45M01332,8131,8131_1,,,
sub-DSAR45M01333,9019,9019_1,,,
sub-DSAR45M01334,8139,8139_1,,,
sub-DSAR45M01335,8631,8631_1,,,
sub-DSAR45M01336,9526,9526_1,,,
sub-DSAR45M01337,1500,1500_1,sub-DSAR45M10449,0.5664,3
sub-DSAR45M01338,5365,5365_1,,,
sub-DSAR45M01339,773,773_1,sub-DSAR45M08084,0.4997,2
sub-DSAR45M01340,5978,5978_1,,,
sub-DSAR45M01341,4944,4944_1,,,
sub-DSAR45M01342,615,615_1,sub-DSAR45M04326,0.5299,2
sub-DSAR45M01343,7034,7034_1,,,
sub-DSAR45M01344,6791,6791_1,,,
sub-DSAR45M01345,8332,8332_1,,,
sub-DSAR45M01346,7474,7474_1,,,
sub-DSAR45M01347,4330,4330_1,,,
sub-DSAR45M01348,3139,3139_1,,,
sub-DSAR45M01349,586,586_1,sub-DSAR45M00277,0.5371,2
sub-DSAR45M01350,4346,4346_1,,,
sub-DSAR45M01351,7169,7169_1,,,
sub-DSAR45M01352,1307,1307_2,sub-DSAR45M02893,0.5065,3
sub-DSAR45M01353,6059,6059_1,,,
sub-DSAR45M01354,1772,1772_1,sub-DSAR45M10746,0.4542,3
sub-DSAR45M01355,9298,9298_1,,,
sub-DSAR45M01356,3388,3388_1,,,
sub-DSAR45M01357,8219,8219_1,,,
sub-DSAR45M01358,1032,1032_1,sub-DSAR45M07163,0.4887,2
sub-DSAR45M01359,9250,9250_1,,,
sub-DSAR45M01360,5444,5444_1,,,
sub-DSAR45M01361,1405,1405_2,sub-DSAR45M01625,0.5315,3
sub-DSAR45M01362,8193,8193_1,,,
sub-DSAR45M01363,7534,7534_1,,,
sub-DSAR45M01364,9579,9579_1,,,
sub-DSAR45M01365,579,579_1,sub-DSAR45M02823,0.5354,2
sub-DSAR45M01366,5722,5722_1,,,
sub-DSAR45M01367,3752,3752_1,,,
sub-DSAR45M01368,4203,4203_1,,,
sub-DSAR45M01369,9429,9429_1,,,
sub-DSAR45M01370,2162,2162_1,,,
sub-DSAR45M01371,9799,9799_1,,,
sub-DSAR45M01372,6778,6778_1,,,
sub-DSAR45M01373,9049,9049_1,,,
sub-DSAR45M01374,8047,8047_1,,,
sub-DSAR45M01375,6274,6274_1,,,
sub-DSAR45M01376,1020,1020_1,sub-DSAR45M09363,0.4808,2
sub-DSAR45M01377,3892,3892_1,,,
sub-DSAR45M01378,3423,3423_1,,,
sub-DSAR45M01379,3238,3238_1,,,
sub-DSAR45M01380,1491,1491_2,sub-DSAR45M03382,0.5892,3
sub-DSAR45M01381,2120,2120_1,,,
sub-DSAR45M01382,4344,4344_1,,,
sub-DSAR45M01383,7431,7431_1,,,
sub-DSAR45M01384,9363,9363_1,,,
sub-DSAR45M01385,1991,1991_1,,,
sub-DSAR45M01386,5816,5816_1,,,
sub-DSAR45M01387,8145,8145_1,,,
sub-DSAR45M01388,8737,8737_1,,,
sub-DSAR45M01389,1421,1421_1,sub-DSAR45M00593,0.5512,3
sub-DSAR45M01390,4851,4851_1,,,
sub-DSAR45M01391,3128,3128_1,,,
sub-DSAR45M01392,1532,1532_1,sub-DSAR45M00527,0.5081,3
sub-DSAR45M01393,1564,1564_2,sub-DSAR45M09795,0.4956,3
sub-DSAR45M01394,4316,4316_1,,,
sub-DSAR45M01395,1986,1986_1,,,
sub-DSAR45M01396,1805,1805_2,sub-DSAR45M05770,0.4933,3
sub-DSAR45M01397,2832,2832_1,,,
sub-DSAR45M01398,2202,2202_1,,,
sub-DSAR45M01399,4078,4078_1,,,
sub-DSAR45M01400,1091,1091_1,sub-DSAR45M07115,0.5067,3
sub-DSAR45M01401,9042,9042_1,,,
sub-DSAR45M01402,52,52_1,sub-DSAR45M02001,0.9986,1
sub-DSAR45M01403,5267,5267_1,,,
sub-DSAR45M01404,4701,4701_1,,,
sub-DSAR45M01405,87,87_1,sub-DSAR45M02515,0.9985,1
sub-DSAR45M01406,42,42_1,sub-DSAR45M05905,0.9955,1
sub-DSAR45M01407,9545,9545_1,,,
sub-DSAR45M01408,342,342_1,sub-DSAR45M08153,1.0,1
sub-DSAR45M01409,9159,9159_1,,,
sub-DSAR45M01410,3759,3759_1,,,
sub-DSAR45M01411,6289,6289_1,,,
sub-DSAR45M01412,4333,4333_1,,,
sub-DSAR45M01413,7394,7394_1,,,
sub-DSAR45M01414,1193,1193_1,sub-DSAR45M08793,0.4605,3
sub-DSAR45M01415,2691,2691_1,,,
sub-DSAR45M01416,7393,7393_1,,,
sub-DSAR45M01417,365,365_1,sub-DSAR45M07645,1.0,1
sub-DSAR45M01418,3971,3971_1,,,
sub-DSAR45M01419,2579,2579_1,,,
sub-DSAR45M01420,340,340_1,sub-DSAR45M07847,0.9993,1
sub-DSAR45M01421,1191,1191_1,sub-DSAR45M04785,0.5028,3
sub-DSAR45M01422,9004,9004_1,,,
sub-DSAR45M01423,2995,2995_1,,,
sub-DSAR45M01424,4865,4865_1,,,
sub-DSAR45M01425,3284,3284_1,,,
sub-DSAR45M01426,1508,1508_1,sub-DSAR45M02217,0.5241,3
sub-DSAR45M01427,2563,2563_1,,,
sub-DSAR45M01428,3114,3114_1,,,
sub-DSAR45M01429,9775,9775_1,,,
sub-DSAR45M01430,367,367_1,sub-DSAR45M11323,1.0,1
sub-DSAR45M01431,9000,9000_1,,,
sub-DSAR45M01432,413,413_1,sub-DSAR45M04613,0.9953,1
sub-DSAR45M01433,498,498_1,sub-DSAR45M04240,0.4665,2
sub-DSAR45M01434,9684,9684_1,,,
sub-DSAR45M01435,9668,9668_1,,,
sub-DSAR45M01436,8022,8022_1,,,
sub-DSAR45M01437,7376,7376_1,,,
sub-DSAR45M01438,5350,5350_1,,,
sub-DSAR45M01439,8061,8061_1,,,
sub-DSAR45M01440,1278,1278_2,sub-DSAR45M03857,0.6029,3
sub-DSAR45M01441,553,553_1,sub-DSAR45M09291,0.5348,2
sub-DSAR45M01442,173,173_1,sub-DSAR45M10548,1.0,1
sub-DSAR45M01443,3303,3303_1,,,
sub-DSAR45M01444,4956,4956_1,,,
sub-DSAR45M01445,5071,5071_1,,,
sub-DSAR45M01446,1321,1321_1,sub-DSAR45M05247,0.5562,3
sub-DSAR45M01447,7112,7112_1,,,
sub-DSAR45M01448,1642,1642_1,sub-DSAR45M00392,0.4302,3
sub-DSAR45M01449,5029,5029_1,,,
sub-DSAR45M01450,7501,7501_1,,,
sub-DSAR45M01451,1785,1785_2,sub-DSAR45M03856,0.5262,3
sub-DSAR45M01452,2033,2033_1,,,
sub-DSAR45M01453,7427,7427_1,,,
sub-DSAR45M01454,2445,2445_1,,,
sub-DSAR45M01455,2440,2440_1,,,
sub-DSAR45M01456,8663,8663_1,,,
sub-DSAR45M01457,566,566_1,sub-DSAR45M01861,0.5137,2
sub-DSAR45M01458,3867,3867_1,,,
sub-DSAR45M01459,5707,5707_1,,,
sub-DSAR45M01460,5225,5225_1,,,
sub-DSAR45M01461,795,795_1,sub-DSAR45M06592,0.3907,2
sub-DSAR45M01462,9511,9511_1,,,
sub-DSAR45M01463,4093,4093_1,,,
sub-DSAR45M01464,1368,1368_2,sub-DSAR45M11630,0.5206,3
sub-DSAR45M01465,606,606_1,sub-DSAR45M10103,0.4542,2
sub-DSAR45M01466,4963,4963_1,,,
sub-DSAR45M01467,4319,4319_1,,,
sub-DSAR45M01468,3810,3810_1,,,
sub-DSAR45M01469,1587,1587_2,sub-DSAR45M06380,0.5522,3
sub-DSAR45M01470,8233,8233_1,,,
sub-DSAR45M01471,2865,2865_1,,,
sub-DSAR45M01472,5074,5074_1,,,
sub-DSAR45M01473,1511,1511_1,sub-DSAR45M05200,0.4515,3
sub-DSAR45M01474,1774,1774_1,sub-DSAR45M02216,0.495,3
sub-DSAR45M01475,6046,6046_1,,,
sub-DSAR45M01476,6846,6846_1,,,
sub-DSAR45M01477,945,945_1,sub-DSAR45M00782,0.5228,2
sub-DSAR45M01478,1937,1937_1,,,
sub-DSAR45M01479,1219,1219_2,sub-DSAR45M07649,0.5296,3
sub-DSAR45M01480,7091,7091_1,,,
sub-DSAR45M01481,8817,8817_1,,,
sub-DSAR45M01482,2535,2535_1,,,
sub-DSAR45M01483,2263,2263_1,,,
sub-DSAR45M01484,9505,9505_1,,,
sub-DSAR45M01485,8750,8750_1,,,
sub-DSAR45M01486,5430,5430_1,,,
sub-DSAR45M01487,1266,1266_1,sub-DSAR45M11308,0.5472,3
sub-DSAR45M01488,7460,7460_1,,,
sub-DSAR45M01489,8524,8524_1,,,
sub-DSAR45M01490,4646,4646_1,,,
sub-DSAR45M01491,3450,3450_1,,,
sub-DSAR45M01492,6800,6800_1,,,
sub-DSAR45M01493,8745,8745_1,,,
sub-DSAR45M01494,5286,5286_1,,,
sub-DSAR45M01495,6682,6682_1,,,
sub-DSAR45M01496,7874,7874_1,,,
sub-DSAR45M01497,7182,7182_1,,,
sub-DSAR45M01498,7168,7168_1,,,
sub-DSAR45M01499,485,485_1,sub-DSAR45M09689,0.4563,2
sub-DSAR45M01500,1632,1632_2,sub-DSAR45M10475,0.4944,3
sub-DSAR45M01501,2100,2100_1,,,
sub-DSAR45M01502,7952,7952_1,,,
sub-DSAR45M01503,6326,6326_1,,,
sub-DSAR45M01504,788,788_1,sub-DSAR45M04071,0.4672,2
sub-DSAR45M01505,8505,8505_1,,,
sub-DSAR45M01506,9083,9083_1,,,
sub-DSAR45M01507,4111,4111_1,,,
sub-DSAR45M01508,6503,6503_1,,,
sub-DSAR45M01509,918,918_1,sub-DSAR45M07417,0.457,2
sub-DSAR45M01510,392,392_1,sub-DSAR45M05013,0.9979,1
sub-DSAR45M01511,6472,6472_1,,,
sub-DSAR45M01512,869,869_1,sub-DSAR45M06277,0.6305,2
sub-DSAR45M01513,5271,5271_1,,,
sub-DSAR45M01514,4965,4965_1,,,
sub-DSAR45M01515,6344,6344_1,,,
sub-DSAR45M01516,5122,5122_1,,,
sub-DSAR45M01517,7214,7214_1,,,
sub-DSAR45M01518,450,450_1,sub-DSAR45M10596,0.4765,2
sub-DSAR45M01519,6168,6168_1,,,
sub-DSAR45M01520,4405,4405_1,,,
sub-DSAR45M01521,1040,1040_1,sub-DSAR45M07739,0.499,2
sub-DSAR45M01522,7750,7750_1,,,
sub-DSAR45M01523,7533,7533_1,,,
sub-DSAR45M01524,839,839_1,sub-DSAR45M11221,0.5179,2
sub-DSAR45M01525,4117,4117_1,,,
sub-DSAR45M01526,889,889_1,sub-DSAR45M00651,0.5254,2
sub-DSAR45M01527,3888,3888_1,,,
sub-DSAR45M01528,6450,6450_1,,,
sub-DSAR45M01529,9616,9616_1,,,
sub-DSAR45M01530,1267,1267_2,sub-DSAR45M11085,0.523,3
sub-DSAR45M01531,4120,4120_1,,,
sub-DSAR45M01532,3917,3917_1,,,
sub-DSAR45M01533,6495,6495_1,,,
sub-DSAR45M01534,2990,2990_1,,,
sub-DSAR45M01535,5486,5486_1,,,
sub-DSAR45M01536,2128,2128_1,,,
sub-DSAR45M01537,4363,4363_1,,,
sub-DSAR45M01538,5820,5820_1,,,
sub-DSAR45M01539,8421,8421_1,,,
sub-DSAR45M01540,1088,1088_1,sub-DSAR45M10376,0.5169,3
sub-DSAR45M01541,5977,5977_1,,,
sub-DSAR45M01542,3276,3276_1,,,
sub-DSAR45M01543,3673,3673_1,,,
sub-DSAR45M01544,478,478_1,sub-DSAR45M10564,0.5006,2
sub-DSAR45M01545,1560,1560_1,sub-DSAR45M08248,0.5202,3
sub-DSAR45M01546,8236,8236_1,,,
sub-DSAR45M01547,5419,5419_1,,,
sub-DSAR45M01548,697,697_1,sub-DSAR45M07311,0.5137,2
sub-DSAR45M01549,4779,4779_1,,,
sub-DSAR45M01550,9580,9580_1,,,
sub-DSAR45M01551,1959,1959_1,,,
sub-DSAR45M01552,8270,8270_1,,,
sub-DSAR45M01553,9512,9512_1,,,
sub-DSAR45M01554,5425,5425_1,,,
sub-DSAR45M01555,8898,8898_1,,,
sub-DSAR45M01556,2676,2676_1,,,
sub-DSAR45M01557,676,676_1,sub-DSAR45M08102,0.4874,2
sub-DSAR45M01558,1038,1038_1,sub-DSAR45M04363,0.605,2
sub-DSAR45M01559,3556,3556_1,,,
sub-DSAR45M01560,4367,4367_1,,,
sub-DSAR45M01561,9154,9154_1,,,
sub-DSAR45M01562,60,60_1,sub-DSAR45M11459,1.0,1
sub-DSAR45M01563,6826,6826_1,,,
sub-DSAR45M01564,1318,1318_1,sub-DSAR45M00745,0.5082,3
sub-DSAR45M01565,5590,5590_1,,,
sub-DSAR45M01566,9010,9010_1,,,
sub-DSAR45M01567,400,400_1,sub-DSAR45M03119,0.999,1
sub-DSAR45M01568,3582,3582_1,,,
sub-DSAR45M01569,8439,8439_1,,,
sub-DSAR45M01570,4885,4885_1,,,
sub-DSAR45M01571,22,22_1,sub-DSAR45M02602,0.9953,1
sub-DSAR45M01572,1198,1198_2,sub-DSAR45M07502,0.4809,3
sub-DSAR45M01573,7275,7275_1,,,
sub-DSAR45M01574,6257,6257_1,,,
sub-DSAR45M01575,4752,4752_1,,,
sub-DSAR45M01576,1682,1682_2,sub-DSAR45M05127,0.4984,3
sub-DSAR45M01577,3573,3573_1,,,
sub-DSAR45M01578,797,797_1,sub-DSAR45M03341,0.4451,2
sub-DSAR45M01579,7783,7783_1,,,
sub-DSAR45M01580,1928,1928_1,,,
sub-DSAR45M01581,8496,8496_1,,,
sub-DSAR45M01582,6584,6584_1,,,
sub-DSAR45M01583,8365,8365_1,,,
sub-DSAR45M01584,6623,6623_1,,,
sub-DSAR45M01585,5054,5054_1,,,
sub-DSAR45M01586,1452,1452_1,sub-DSAR45M09490,0.5414,3
sub-DSAR45M01587,7924,7924_1,,,
sub-DSAR45M01588,317,317_1,sub-DSAR45M05096,0.9946,1
sub-DSAR45M01589,9321,9321_1,,,
sub-DSAR45M01590,6888,6888_1,,,
sub-DSAR45M01591,1274,1274_1,sub-DSAR45M06776,0.483,3
sub-DSAR45M01592,9810,9810_1,,,
sub-DSAR45M01593,725,725_1,sub-DSAR45M05206,0.4944,2
sub-DSAR45M01594,9410,9410_1,,,
sub-DSAR45M01595,9126,9126_1,,,
sub-DSAR45M01596,6795,6795_1,,,
sub-DSAR45M01597,8506,8506_1,,,
sub-DSAR45M01598,4933,4933_1,,,
sub-DSAR45M01599,7644,7644_1,,,
sub-DSAR45M01600,5465,5465_1,,,
sub-DSAR45M01601,1816,1816_2,sub-DSAR45M07047,0.46,3
sub-DSAR45M01602,1338,1338_1,sub-DSAR45M00649,0.5663,3
sub-DSAR45M01603,7816,7816_1,,,
sub-DSAR45M01604,3893,3893_1,,,
sub-DSAR45M01605,2267,2267_1,,,
sub-DSAR45M01606,6443,6443_1,,,
sub-DSAR45M01607,8310,8310_1,,,
sub-DSAR45M01608,6228,6228_1,,,
sub-DSAR45M01609,8984,8984_1,,,
sub-DSAR45M01610,7402,7402_1,,,
sub-DSAR45M01611,9572,9572_1,,,
sub-DSAR45M01612,1300,1300_1,sub-DSAR45M04553,0.5153,3
sub-DSAR45M01613,653,653_1,sub-DSAR45M00924,0.4318,2
sub-DSAR45M01614,7798,7798_1,,,
sub-DSAR45M01615,7743,7743_1,,,
sub-DSAR45M01616,8693,8693_1,,,
sub-DSAR45M01617,9647,9647_1,,,
sub-DSAR45M01618,4321,4321_1,,,
sub-DSAR45M01619,7008,7008_1,,,
sub-DSAR45M01620,1826,1826_1,sub-DSAR45M05284,0.4797,3
sub-DSAR45M01621,9287,9287_1,,,
sub-DSAR45M01622,3058,3058_1,,,
sub-DSAR45M01623,9012,9012_1,,,
sub-DSAR45M01624,4478,4478_1,,,
sub-DSAR45M01625,1405,1405_1,sub-DSAR45M01361,0.5315,3
sub-DSAR45M01626,107,107_1,sub-DSAR45M02948,0.9959,1
sub-DSAR45M01627,1100,1100_2,sub-DSAR45M08599,0.5963,3
sub-DSAR45M01628,523,523_1,sub-DSAR45M00893,0.5085,2
sub-DSAR45M01629,9289,9289_1,,,
sub-DSAR45M01630,5411,5411_1,,,
sub-DSAR45M01631,1893,1893_1,,,
sub-DSAR45M01632,6877,6877_1,,,
sub-DSAR45M01633,2315,2315_1,,,
sub-DSAR45M01634,8480,8480_1,,,
sub-DSAR45M01635,2967,2967_1,,,
sub-DSAR45M01636,7306,7306_1,,,
sub-DSAR45M01637,3850,3850_1,,,
sub-DSAR45M01638,9296,9296_1,,,
sub-DSAR45M01639,8174,8174_1,,,
sub-DSAR45M01640,6783,6783_1,,,
sub-DSAR45M01641,7947,7947_1,,,
sub-DSAR45M01642,6750,6750_1,,,
sub-DSAR45M01643,8058,8058_1,,,
sub-DSAR45M01644,7714,7714_1,,,
sub-DSAR45M01645,6204,6204_1,,,
sub-DSAR45M01646,4623,4623_1,,,
sub-DSAR45M01647,3026,3026_1,,,
sub-DSAR45M01648,5190,5190_1,,,
sub-DSAR45M01649,1589,1589_1,sub-DSAR45M03209,0.4303,3
sub-DSAR45M01650,5831,5831_1,,,
sub-DSAR45M01651,1906,1906_1,,,
sub-DSAR45M01652,6552,6552_1,,,
sub-DSAR45M01653,7723,7723_1,,,
sub-DSAR45M01654,7390,7390_1,,,
sub-DSAR45M01655,1833,1833_1,sub-DSAR45M11227,0.5141,3
sub-DSAR45M01656,9122,9122_1,,,
sub-DSAR45M01657,5319,5319_1,,,
sub-DSAR45M01658,106,106_1,sub-DSAR45M10091,0.998,1
sub-DSAR45M01659,4909,4909_1,,,
sub-DSAR45M01660,7163,7163_1,,,
sub-DSAR45M01661,9150,9150_1,,,
sub-DSAR45M01662,881,881_1,sub-DSAR45M10856,0.514,2
sub-DSAR45M01663,584,584_1,sub-DSAR45M11174,0.4724,2
sub-DSAR45M01664,9350,9350_1,,,
sub-DSAR45M01665,3088,3088_1,,,
sub-DSAR45M01666,6077,6077_1,,,
sub-DSAR45M01667,5241,5241_1,,,
sub-DSAR45M01668,769,769_1,sub-DSAR45M06869,0.5991,2
sub-DSAR45M01669,6968,6968_1,,,
sub-DSAR45M01670,684,684_1,sub-DSAR45M00411,0.4662,2
sub-DSAR45M01671,2047,2047_1,,,
sub-DSAR45M01672,26,26_1,sub-DSAR45M10360,0.9986,1
sub-DSAR45M01673,8980,8980_1,,,
sub-DSAR45M01674,1779,1779_2,sub-DSAR45M07166,0.4792,3
sub-DSAR45M01675,4695,4695_1,,,
sub-DSAR45M01676,8431,8431_1,,,
sub-DSAR45M01677,8706,8706_1,,,
sub-DSAR45M01678,212,212_1,sub-DSAR45M07748,0.9971,1
sub-DSAR45M01679,5326,5326_1,,,
sub-DSAR45M01680,5265,5265_1,,,
sub-DSAR45M01681,591,591_1,sub-DSAR45M10093,0.3859,2
sub-DSAR45M01682,1956,1956_1,,,
sub-DSAR45M01683,9763,9763_1,,,
sub-DSAR45M01684,1714,1714_1,sub-DSAR45M06179,0.4441,3
sub-DSAR45M01685,4578,4578_1,,,
sub-DSAR45M01686,3250,3250_1,,,
sub-DSAR45M01687,1298,1298_2,sub-DSAR45M07320,0.5101,3
sub-DSAR45M01688,5083,5083_1,,,
sub-DSAR45M01689,3916,3916_1,,,
sub-DSAR45M01690,6694,6694_1,,,
sub-DSAR45M01691,1851,1851_1,,,
sub-DSAR45M01692,2035,2035_1,,,
sub-DSAR45M01693,1093,1093_1,sub-DSAR45M05135,0.5016,3
sub-DSAR45M01694,6756,6756_1,,,
sub-DSAR45M01695,4844,4844_1,,,
sub-DSAR45M01696,1196,1196_2,sub-DSAR45M00999,0.5673,3
sub-DSAR45M01697,1232,1232_2,sub-DSAR45M09224,0.4731,3
sub-DSAR45M01698,1418,1418_2,sub-DSAR45M00886,0.5574,3
sub-DSAR45M01699,759,759_1,sub-DSAR45M00602,0.4761,2
sub-DSAR45M01700,5432,5432_1,,,
sub-DSAR45M01701,4041,4041_1,,,
sub-DSAR45M01702,780,780_1,sub-DSAR45M09832,0.4874,2
sub-DSAR45M01703,4026,4026_1,,,
sub-DSAR45M01704,8114,8114_1,,,
sub-DSAR45M01705,8632,8632_1,,,
sub-DSAR45M01706,1811,1811_2,sub-DSAR45M10085,0.5148,3
sub-DSAR45M01707,7866,7866_1,,,
sub-DSAR45M01708,765,765_1,sub-DSAR45M04079,0.5363,2
sub-DSAR45M01709,1000,1000_1,sub-DSAR45M00662,0.4394,2
sub-DSAR45M01710,8012,8012_1,,,
sub-DSAR45M01711,6088,6088_1,,,
sub-DSAR45M01712,2793,2793_1,,,
sub-DSAR45M01713,5620,5620_1,,,
sub-DSAR45M01714,2028,2028_1,,,
sub-DSAR45M01715,7545,7545_1,,,
sub-DSAR45M01716,5328,5328_1,,,
sub-DSAR45M01717,3952,3952_1,,,
sub-DSAR45M01718,730,730_1,sub-DSAR45M01146,0.4856,2
sub-DSAR45M01719,736,736_1,sub-DSAR45M01893,0.6044,2
sub-DSAR45M01720,6991,6991_1,,,
sub-DSAR45M01721,449,449_1,sub-DSAR45M07259,0.5194,2
sub-DSAR45M01722,5418,5418_1,,,
sub-DSAR45M01723,2729,2729_1,,,
sub-DSAR45M01724,551,551_1,sub-DSAR45M01789,0.5096,2
sub-DSAR45M01725,4086,4086_1,,,
sub-DSAR45M01726,3040,3040_1,,,
sub-DSAR45M01727,1467,1467_1,sub-DSAR45M01946,0.485,3
sub-DSAR45M01728,4803,4803_1,,,
sub-DSAR45M01729,6866,6866_1,,,
sub-DSAR45M01730,144,144_1,sub-DSAR45M03118,0.9968,1
sub-DSAR45M01731,8436,8436_1,,,
sub-DSAR45M01732,4632,4632_1,,,
sub-DSAR45M01733,534,534_1,sub-DSAR45M08159,0.5126,2
sub-DSAR45M01734,9578,9578_1,,,
sub-DSAR45M01735,7248,7248_1,,,
sub-DSAR45M01736,2264,2264_1,,,
sub-DSAR45M01737,1322,1322_2,sub-DSAR45M01780,0.4522,3
sub-DSAR45M01738,1306,1306_2,sub-DSAR45M06401,0.4891,3
sub-DSAR45M01739,3542,3542_1,,,
sub-DSAR45M01740,8446,8446_1,,,
sub-DSAR45M01741,6371,6371_1,,,
sub-DSAR45M01742,2102,2102_1,,,
sub-DSAR45M01743,2126,2126_1,,,
sub-DSAR45M01744,1544,1544_2,sub-DSAR45M06222,0.4605,3
sub-DSAR45M01745,2965,2965_1,,,
sub-DSAR45M01746,3858,3858_1,,,
sub-DSAR45M01747,1382,1382_1,sub-DSAR45M06751,0.5666,3
sub-DSAR45M01748,1879,1879_1,,,
sub-DSAR45M01749,1383,1383_1,sub-DSAR45M02630,0.4741,3
sub-DSAR45M01750,6918,6918_1,,,
sub-DSAR45M01751,2664,2664_1,,,
sub-DSAR45M01752,8358,8358_1,,,
sub-DSAR45M01753,4069,4069_1,,,
sub-DSAR45M01754,8414,8414_1,,,
sub-DSAR45M01755,2719,2719_1,,,
sub-DSAR45M01756,9766,9766_1,,,
sub-DSAR45M01757,637,637_1,sub-DSAR45M07064,0.4917,2
sub-DSAR45M01758,4287,4287_1,,,
sub-DSAR45M01759,9133,9133_1,,,
sub-DSAR45M01760,6541,6541_1,,,
sub-DSAR45M01761,3310,3310_1,,,
sub-DSAR45M01762,6727,6727_1,,,
sub-DSAR45M01763,6058,6058_1,,,
sub-DSAR45M01764,537,537_1,sub-DSAR45M11659,0.4783,2
sub-DSAR45M01765,5347,5347_1,,,
sub-DSAR45M01766,3503,3503_1,,,
sub-DSAR45M01767,642,642_1,sub-DSAR45M10759,0.4057,2
sub-DSAR45M01768,683,683_1,sub-DSAR45M10436,0.4659,2
sub-DSAR45M01769,1186,1186_2,sub-DSAR45M00957,0.491,3
sub-DSAR45M01770,808,808_1,sub-DSAR45M04191,0.5128,2
sub-DSAR45M01771,3176,3176_1,,,
sub-DSAR45M01772,471,471_1,sub-DSAR45M07317,0.4442,2
sub-DSAR45M01773,114,114_1,sub-DSAR45M11419,0.9992,1
sub-DSAR45M01774,3392,3392_1,,,
sub-DSAR45M01775,4092,4092_1,,,
sub-DSAR45M01776,9645,9645_1,,,
sub-DSAR45M01777,575,575_1,sub-DSAR45M08733,0.4303,2
sub-DSAR45M01778,7855,7855_1,,,
sub-DSAR45M01779,1939,1939_1,,,
sub-DSAR45M01780,1322,1322_1,sub-DSAR45M01737,0.4522,3
sub-DSAR45M01781,8671,8671_1,,,
sub-DSAR45M01782,4164,4164_1,,,
sub-DSAR45M01783,8240,8240_1,,,
sub-DSAR45M01784,6505,6505_1,,,
sub-DSAR45M01785,942,942_1,sub-DSAR45M00029,0.454,2
sub-DSAR45M01786,5501,5501_1,,,
sub-DSAR45M01787,5431,5431_1,,,
sub-DSAR45M01788,3458,3458_1,,,
sub-DSAR45M01789,551,551_1,sub-DSAR45M01724,0.5096,2
sub-DSAR45M01790,6612,6612_1,,,
sub-DSAR45M01791,6052,6052_1,,,
sub-DSAR45M01792,4760,4760_1,,,
sub-DSAR45M01793,8143,8143_1,,,
sub-DSAR45M01794,888,888_1,sub-DSAR45M10366,0.5473,2
sub-DSAR45M01795,1946,1946_1,,,
sub-DSAR45M01796,360,360_1,sub-DSAR45M06429,0.9984,1
sub-DSAR45M01797,4962,4962_1,,,
sub-DSAR45M01798,2293,2293_1,,,
sub-DSAR45M01799,9146,9146_1,,,
sub-DSAR45M01800,9368,9368_1,,,
sub-DSAR45M01801,955,955_1,sub-DSAR45M09365,0.513,2
sub-DSAR45M01802,4827,4827_1,,,
sub-DSAR45M01803,4372,4372_1,,,
sub-DSAR45M01804,9190,9190_1,,,
sub-DSAR45M01805,4042,4042_1,,,
sub-DSAR45M01806,7559,7559_1,,,
sub-DSAR45M01807,1891,1891_1,,,
sub-DSAR45M01808,2635,2635_1,,,
sub-DSAR45M01809,6066,6066_1,,,
sub-DSAR45M01810,5343,5343_1,,,
sub-DSAR45M01811,442,442_1,sub-DSAR45M06203,0.5094,2
sub-DSAR45M01812,8518,8518_1,,,
sub-DSAR45M01813,930,930_1,sub-DSAR45M09828,0.4919,2
sub-DSAR45M01814,6605,6605_1,,,
sub-DSAR45M01815,8491,8491_1,,,
sub-DSAR45M01816,7921,7921_1,,,
sub-DSAR45M01817,686,686_1,sub-DSAR45M07605,0.4018,2
sub-DSAR45M01818,1634,1634_1,sub-DSAR45M08724,0.5163,3
sub-DSAR45M01819,7337,7337_1,,,
sub-DSAR45M01820,3937,3937_1,,,
sub-DSAR45M01821,3411,3411_1,,,
sub-DSAR45M01822,9003,9003_1,,,
sub-DSAR45M01823,3307,3307_1,,,
sub-DSAR45M01824,250,250_1,sub-DSAR45M02438,0.998,1
sub-DSAR45M01825,492,492_1,sub-DSAR45M03529,0.4765,2
sub-DSAR45M01826,6625,6625_1,,,
sub-DSAR45M01827,5582,5582_1,,,
sub-DSAR45M01828,495,495_1,sub-DSAR45M03074,0.4266,2
sub-DSAR45M01829,9386,9386_1,,,
sub-DSAR45M01830,9465,9465_1,,,
sub-DSAR45M01831,4080,4080_1,,,
sub-DSAR45M01832,4513,4513_1,,,
sub-DSAR45M01833,1627,1627_2,sub-DSAR45M06074,0.5316,3
sub-DSAR45M01834,9318,9318_1,,,
sub-DSAR45M01835,5792,5792_1,,,
sub-DSAR45M01836,1035,1035_1,sub-DSAR45M10682,0.5992,2
sub-DSAR45M01837,6861,6861_1,,,
sub-DSAR45M01838,7322,7322_1,,,
sub-DSAR45M01839,863,863_1,sub-DSAR45M00027,0.5568,2
sub-DSAR45M01840,7892,7892_1,,,
sub-DSAR45M01841,4034,4034_1,,,
sub-DSAR45M01842,8003,8003_1,,,
sub-DSAR45M01843,3174,3174_1,,,
sub-DSAR45M01844,8925,8925_1,,,
sub-DSAR45M01845,2210,2210_1,,,
sub-DSAR45M01846,9103,9103_1,,,
sub-DSAR45M01847,3799,3799_1,,,
sub-DSAR45M01848,9155,9155_1,,,
sub-DSAR45M01849,912,912_1,sub-DSAR45M07366,0.5057,2
sub-DSAR45M01850,7399,7399_1,,,
sub-DSAR45M01851,8710,8710_1,,,
sub-DSAR45M01852,8000,8000_1,,,
sub-DSAR45M01853,7021,7021_1,,,
sub-DSAR45M01854,4149,4149_1,,,
sub-DSAR45M01855,4670,4670_1,,,
sub-DSAR45M01856,7621,7621_1,,,
sub-DSAR45M01857,5811,5811_1,,,
sub-DSAR45M01858,5416,5416_1,,,
sub-DSAR45M01859,4950,4950_1,,,
sub-DSAR45M01860,3245,3245_1,,,
sub-DSAR45M01861,566,566_1,sub-DSAR45M01457,0.5137,2
sub-DSAR45M01862,3697,3697_1,,,
sub-DSAR45M01863,8374,8374_1,,,
sub-DSAR45M01864,7197,7197_1,,,
sub-DSAR45M01865,6583,6583_1,,,
sub-DSAR45M01866,2568,2568_1,,,
sub-DSAR45M01867,3661,3661_1,,,
sub-DSAR45M01868,1355,1355_2,sub-DSAR45M07470,0.5362,3
sub-DSAR45M01869,8973,8973_1,,,
sub-DSAR45M01870,3677,3677_1,,,
sub-DSAR45M01871,2074,2074_1,,,
sub-DSAR45M01872,2943,2943_1,,,
sub-DSAR45M01873,2994,2994_1,,,
sub-DSAR45M01874,5488,5488_1,,,
sub-DSAR45M01875,6247,6247_1,,,
sub-DSAR45M01876,1880,1880_1,,,
sub-DSAR45M01877,1807,1807_2,sub-DSAR45M05838,0.5442,3
sub-DSAR45M01878,14,14_1,sub-DSAR45M03125,0.9957,1
sub-DSAR45M01879,4906,4906_1,,,
sub-DSAR45M01880,6995,6995_1,,,
sub-DSAR45M01881,4077,4077_1,,,
sub-DSAR45M01882,6672,6672_1,,,
sub-DSAR45M01883,9440,9440_1,,,
sub-DSAR45M01884,9833,9833_1,,,
sub-DSAR45M01885,4730,4730_1,,,
sub-DSAR45M01886,5930,5930_1,,,
sub-DSAR45M01887,275,275_1,sub-DSAR45M00940,0.9982,1
sub-DSAR45M01888,1619,1619_2,sub-DSAR45M11548,0.4472,3
sub-DSAR45M01889,5424,5424_1,,,
sub-DSAR45M01890,5681,5681_1,,,
sub-DSAR45M01891,382,382_1,sub-DSAR45M06032,0.9958,1
sub-DSAR45M01892,439,439_1,sub-DSAR45M03682,0.4969,2
sub-DSAR45M01893,736,736_1,sub-DSAR45M01719,0.6044,2
sub-DSAR45M01894,789,789_1,sub-DSAR45M09691,0.5096,2
sub-DSAR45M01895,659,659_1,sub-DSAR45M09629,0.4688,2
sub-DSAR45M01896,6105,6105_1,,,
sub-DSAR45M01897,693,693_1,sub-DSAR45M08462,0.4642,2
sub-DSAR45M01898,2349,2349_1,,,
sub-DSAR45M01899,5856,5856_1,,,
sub-DSAR45M01900,848,848_1,sub-DSAR45M11588,0.5168,2
sub-DSAR45M01901,1010,1010_1,sub-DSAR45M00746,0.4546,2
sub-DSAR45M01902,1202,1202_2,sub-DSAR45M08258,0.5323,3
sub-DSAR45M01903,6984,6984_1,,,
sub-DSAR45M01904,5143,5143_1,,,
sub-DSAR45M01905,2634,2634_1,,,
sub-DSAR45M01906,1288,1288_2,sub-DSAR45M08905,0.5397,3
sub-DSAR45M01907,2704,2704_1,,,
sub-DSAR45M01908,4880,4880_1,,,
sub-DSAR45M01909,7262,7262_1,,,
sub-DSAR45M01910,9704,9704_1,,,
sub-DSAR45M01911,4684,4684_1,,,
sub-DSAR45M01912,4045,4045_1,,,
sub-DSAR45M01913,2549,2549_1,,,
sub-DSAR45M01914,732,732_1,sub-DSAR45M07269,0.5047,2
sub-DSAR45M01915,399,399_1,sub-DSAR45M10800,1.0,1
sub-DSAR45M01916,763,763_1,sub-DSAR45M05736,0.4079,2
sub-DSAR45M01917,9358,9358_1,,,
sub-DSAR45M01918,1576,1576_1,sub-DSAR45M10562,0.426,3
sub-DSAR45M01919,510,510_1,sub-DSAR45M03901,0.4547,2
sub-DSAR45M01920,3384,3384_1,,,
sub-DSAR45M01921,8886,8886_1,,,
sub-DSAR45M01922,3449,3449_1,,,
sub-DSAR45M01923,1727,1727_2,sub-DSAR45M09920,0.5443,3
sub-DSAR45M01924,897,897_1,sub-DSAR45M07510,0.505,2
sub-DSAR45M01925,9252,9252_1,,,
sub-DSAR45M01926,1449,1449_1,sub-DSAR45M09185,0.4554,3
sub-DSAR45M01927,1615,1615_2,sub-DSAR45M00758,0.4701,3
sub-DSAR45M01928,914,914_1,sub-DSAR45M03160,0.5135,2
sub-DSAR45M01929,6249,6249_1,,,
sub-DSAR45M01930,6594,6594_1,,,
sub-DSAR45M01931,6090,6090_1,,,
sub-DSAR45M01932,1588,1588_1,sub-DSAR45M07431,0.5614,3
sub-DSAR45M01933,6377,6377_1,,,
sub-DSAR45M01934,2472,2472_1,,,
sub-DSAR45M01935,4838,4838_1,,,
sub-DSAR45M01936,1641,1641_1,sub-DSAR45M00664,0.5582,3
sub-DSAR45M01937,1212,1212_2,sub-DSAR45M07319,0.4841,3
sub-DSAR45M01938,9355,9355_1,,,
sub-DSAR45M01939,7579,7579_1,,,
sub-DSAR45M01940,767,767_1,sub-DSAR45M11390,0.4902,2
sub-DSAR45M01941,3393,3393_1,,,
sub-DSAR45M01942,7191,7191_1,,,
sub-DSAR45M01943,8190,8190_1,,,
sub-DSAR45M01944,2127,2127_1,,,
sub-DSAR45M01945,9392,9392_1,,,
sub-DSAR45M01946,1467,1467_2,sub-DSAR45M01727,0.485,3
sub-DSAR45M01947,718,718_1,sub-DSAR45M07425,0.4169,2
sub-DSAR45M01948,3806,3806_1,,,
sub-DSAR45M01949,4967,4967_1,,,
sub-DSAR45M01950,6511,6511_1,,,
sub-DSAR45M01951,353,353_1,sub-DSAR45M11415,0.9973,1
sub-DSAR45M01952,1350,1350_2,sub-DSAR45M07749,0.4769,3
sub-DSAR45M01953,1425,1425_2,sub-DSAR45M08032,0.4802,3
sub-DSAR45M01954,4882,4882_1,,,
sub-DSAR45M01955,5989,5989_1,,,
sub-DSAR45M01956,2463,2463_1,,,
sub-DSAR45M01957,1187,1187_2,sub-DSAR45M01065,0.4963,3
sub-DSAR45M01958,292,292_1,sub-DSAR45M07037,0.9976,1
sub-DSAR45M01959,7624,7624_1,,,
sub-DSAR45M01960,142,142_1,sub-DSAR45M10845,0.9964,1
sub-DSAR45M01961,1885,1885_1,,,
sub-DSAR45M01962,899,899_1,sub-DSAR45M04408,0.454,2
sub-DSAR45M01963,6767,6767_1,,,
sub-DSAR45M01964,15,15_1,sub-DSAR45M04025,0.9989,1
sub-DSAR45M01965,326,326_1,sub-DSAR45M09884,0.995,1
sub-DSAR45M01966,6535,6535_1,,,
sub-DSAR45M01967,1907,1907_1,,,
sub-DSAR45M01968,9687,9687_1,,,
sub-DSAR45M01969,9228,9228_1,,,
sub-DSAR45M01970,2235,2235_1,,,
sub-DSAR45M01971,8030,8030_1,,,
sub-DSAR45M01972,3776,3776_1,,,
sub-DSAR45M01973,1775,1775_2,sub-DSAR45M04870,0.4748,3
sub-DSAR45M01974,5675,5675_1,,,
sub-DSAR45M01975,1094,1094_1,sub-DSAR45M07345,0.4781,3
sub-DSAR45M01976,6009,6009_1,,,
sub-DSAR45M01977,7649,7649_1,,,
sub-DSAR45M01978,3780,3780_1,,,
sub-DSAR45M01979,894,894_1,sub-DSAR45M02838,0.5134,2
sub-DSAR45M01980,1423,1423_2,sub-DSAR45M09526,0.4474,3
sub-DSAR45M01981,2947,2947_1,,,
sub-DSAR45M01982,2010,2010_1,,,
sub-DSAR45M01983,7817,7817_1,,,
sub-DSAR45M01984,9706,9706_1,,,
sub-DSAR45M01985,1210,1210_2,sub-DSAR45M04203,0.5394,3
sub-DSAR45M01986,2131,2131_1,,,
sub-DSAR45M01987,3828,3828_1,,,
sub-DSAR45M01988,280,280_1,sub-DSAR45M05590,0.9982,1
sub-DSAR45M01989,5860,5860_1,,,
sub-DSAR45M01990,7953,7953_1,,,
sub-DSAR45M01991,4997,4997_1,,,
sub-DSAR45M01992,890,890_1,sub-DSAR45M00301,0.4488,2
sub-DSAR45M01993,4204,4204_1,,,
sub-DSAR45M01994,4291,4291_1,,,
sub-DSAR45M01995,1052,1052_1,sub-DSAR45M05595,0.5954,2
sub-DSAR45M01996,4336,4336_1,,,
sub-DSAR45M01997,6957,6957_1,,,
sub-DSAR45M01998,8208,8208_1,,,
sub-DSAR45M01999,1312,1312_2,sub-DSAR45M02237,0.4819,3
sub-DSAR45M02000,2474,2474_1,,,
sub-DSAR45M02001,52,52_1,sub-DSAR45M01402,0.9986,1
sub-DSAR45M02002,9530,9530_1,,,
sub-DSAR45M02003,866,866_1,sub-DSAR45M01293,0.566,2
sub-DSAR45M02004,5026,5026_1,,,
sub-DSAR45M02005,8868,8868_1,,,
sub-DSAR45M02006,4143,4143_1,,,
sub-DSAR45M02007,9532,9532_1,,,
sub-DSAR45M02008,1129,1129_2,sub-DSAR45M04794,0.5176,3
sub-DSAR45M02009,1612,1612_1,sub-DSAR45M06750,0.514,3
sub-DSAR45M02010,8971,8971_1,,,
sub-DSAR45M02011,2594,2594_1,,,
sub-DSAR45M02012,2276,2276_1,,,
sub-DSAR45M02013,8277,8277_1,,,
sub-DSAR45M02014,1994,1994_1,,,
sub-DSAR45M02015,1630,1630_1,sub-DSAR45M11152,0.4775,3
sub-DSAR45M02016,4793,4793_1,,,
sub-DSAR45M02017,1663,1663_2,sub-DSAR45M08672,0.4781,3
sub-DSAR45M02018,3526,3526_1,,,
sub-DSAR45M02019,8369,8369_1,,,
sub-DSAR45M02020,277,277_1,sub-DSAR45M09638,0.9962,1
sub-DSAR45M02021,974,974_1,sub-DSAR45M07846,0.5086,2
sub-DSAR45M02022,7706,7706_1,,,
sub-DSAR45M02023,8338,8338_1,,,
sub-DSAR45M02024,1749,1749_2,sub-DSAR45M11626,0.4237,3
sub-DSAR45M02025,4010,4010_1,,,
sub-DSAR45M02026,2470,2470_1,,,
sub-DSAR45M02027,7547,7547_1,,,
sub-DSAR45M02028,1681,1681_1,sub-DSAR45M09726,0.5343,3
sub-DSAR45M02029,1691,1691_1,sub-DSAR45M02171,0.4139,3
sub-DSAR45M02030,7781,7781_1,,,
sub-DSAR45M02031,1272,1272_2,sub-DSAR45M09096,0.5529,3
sub-DSAR45M02032,4566,4566_1,,,
sub-DSAR45M02033,1068,1068_1,sub-DSAR45M11508,0.6055,3
sub-DSAR45M02034,4877,4877_1,,,
sub-DSAR45M02035,9732,9732_1,,,
sub-DSAR45M02036,5776,5776_1,,,
sub-DSAR45M02037,1781,1781_2,sub-DSAR45M07302,0.5194,3
sub-DSAR45M02038,1417,1417_1,sub-DSAR45M00637,0.6088,3
sub-DSAR45M02039,7981,7981_1,,,
sub-DSAR45M02040,1701,1701_2,sub-DSAR45M04780,0.465,3
sub-DSAR45M02041,5627,5627_1,,,
sub-DSAR45M02042,1540,1540_1,sub-DSAR45M01080,0.5033,3
sub-DSAR45M02043,242,242_1,sub-DSAR45M04187,0.9979,1
sub-DSAR45M02044,4750,4750_1,,,
sub-DSAR45M02045,3505,3505_1,,,
sub-DSAR45M02046,9131,9131_1,,,
sub-DSAR45M02047,5144,5144_1,,,
sub-DSAR45M02048,5285,5285_1,,,
sub-DSAR45M02049,7878,7878_1,,,
sub-DSAR45M02050,8500,8500_1,,,
sub-DSAR45M02051,5368,5368_1,,,
sub-DSAR45M02052,830,830_1,sub-DSAR45M04260,0.541,2
sub-DSAR45M02053,65,65_1,sub-DSAR45M03105,0.9988,1
sub-DSAR45M02054,2443,2443_1,,,
sub-DSAR45M02055,1950,1950_1,,,
sub-DSAR45M02056,6702,6702_1,,,
sub-DSAR45M02057,7687,7687_1,,,
sub-DSAR45M02058,5772,5772_1,,,
sub-DSAR45M02059,7005,7005_1,,,
sub-DSAR45M02060,3796,3796_1,,,
sub-DSAR45M02061,3739,3739_1,,,
sub-DSAR45M02062,5532,5532_1,,,
sub-DSAR45M02063,3568,3568_1,,,
sub-DSAR45M02064,1200,1200_2,sub-DSAR45M09735,0.5512,3
sub-DSAR45M02065,9168,9168_1,,,
sub-DSAR45M02066,1583,1583_2,sub-DSAR45M06556,0.5334,3
sub-DSAR45M02067,1001,1001_1,sub-DSAR45M05242,0.4878,2
sub-DSAR45M02068,761,761_1,sub-DSAR45M06438,0.4764,2
sub-DSAR45M02069,316,316_1,sub-DSAR45M04374,0.9993,1
sub-DSAR45M02070,7910,7910_1,,,
sub-DSAR45M02071,6691,6691_1,,,
sub-DSAR45M02072,1183,1183_2,sub-DSAR45M02498,0.5226,3
sub-DSAR45M02073,2009,2009_1,,,
sub-DSAR45M02074,6932,6932_1,,,
sub-DSAR45M02075,7502,7502_1,,,
sub-DSAR45M02076,8610,8610_1,,,
sub-DSAR45M02077,2801,2801_1,,,
sub-DSAR45M02078,3296,3296_1,,,
sub-DSAR45M02079,3065,3065_1,,,
sub-DSAR45M02080,1155,1155_1,sub-DSAR45M06275,0.4673,3
sub-DSAR45M02081,3961,3961_1,,,
sub-DSAR45M02082,7857,7857_1,,,
sub-DSAR45M02083,1550,1550_1,sub-DSAR45M05576,0.5189,3
sub-DSAR45M02084,5246,5246_1,,,
sub-DSAR45M02085,2779,2779_1,,,
sub-DSAR45M02086,7118,7118_1,,,
sub-DSAR45M02087,2034,2034_1,,,
sub-DSAR45M02088,4294,4294_1,,,
sub-DSAR45M02089,4273,4273_1,,,
sub-DSAR45M02090,172,172_1,sub-DSAR45M06223,0.9963,1
sub-DSAR45M02091,1004,1004_1,sub-DSAR45M03288,0.4827,2
sub-DSAR45M02092,548,548_1,sub-DSAR45M10288,0.5805,2
sub-DSAR45M02093,4926,4926_1,,,
sub-DSAR45M02094,2281,2281_1,,,
sub-DSAR45M02095,1895,1895_1,,,
sub-DSAR45M02096,8289,8289_1,,,
sub-DSAR45M02097,7443,7443_1,,,
sub-DSAR45M02098,162,162_1,sub-DSAR45M10854,0.9983,1
sub-DSAR45M02099,2581,2581_1,,,
sub-DSAR45M02100,1175,1175_2,sub-DSAR45M10513,0.5617,3
sub-DSAR45M02101,7346,7346_1,,,
sub-DSAR45M02102,69,69_1,sub-DSAR45M11348,0.9989,1
sub-DSAR45M02103,6346,6346_1,,,
sub-DSAR45M02104,722,722_1,sub-DSAR45M04028,0.5272,2
sub-DSAR45M02105,4974,4974_1,,,
sub-DSAR45M02106,432,432_1,sub-DSAR45M00111,0.509,2
sub-DSAR45M02107,8916,8916_1,,,
sub-DSAR45M02108,1157,1157_1,sub-DSAR45M04891,0.4156,3
sub-DSAR45M02109,1228,1228_2,sub-DSAR45M08590,0.5786,3
sub-DSAR45M02110,5736,5736_1,,,
sub-DSAR45M02111,7705,7705_1,,,
sub-DSAR45M02112,1514,1514_2,sub-DSAR45M06698,0.4664,3
sub-DSAR45M02113,3184,3184_1,,,
sub-DSAR45M02114,820,820_1,sub-DSAR45M00437,0.3997,2
sub-DSAR45M02115,1736,1736_1,sub-DSAR45M08481,0.5122,3
sub-DSAR45M02116,5046,5046_1,,,
sub-DSAR45M02117,6078,6078_1,,,
sub-DSAR45M02118,5848,5848_1,,,
sub-DSAR45M02119,762,762_1,sub-DSAR45M08642,0.5105,2
sub-DSAR45M02120,8587,8587_1,,,
sub-DSAR45M02121,9711,9711_1,,,
sub-DSAR45M02122,6210,6210_1,,,
sub-DSAR45M02123,1759,1759_1,sub-DSAR45M08059,0.5984,3
sub-DSAR45M02124,781,781_1,sub-DSAR45M05912,0.5058,2
sub-DSAR45M02125,847,847_1,sub-DSAR45M05457,0.4958,2
sub-DSAR45M02126,9510,9510_1,,,
sub-DSAR45M02127,972,972_1,sub-DSAR45M10297,0.5849,2
sub-DSAR45M02128,1412,1412_2,sub-DSAR45M06700,0.4618,3
sub-DSAR45M02129,7531,7531_1,,,
sub-DSAR45M02130,384,384_1,sub-DSAR45M11102,1.0,1
sub-DSAR45M02131,1192,1192_2,sub-DSAR45M06515,0.5351,3
sub-DSAR45M02132,8665,8665_1,,,
sub-DSAR45M02133,2993,2993_1,,,
sub-DSAR45M02134,6700,6700_1,,,
sub-DSAR45M02135,1170,1170_2,sub-DSAR45M05534,0.4783,3
sub-DSAR45M02136,3820,3820_1,,,
sub-DSAR45M02137,9033,9033_1,,,
sub-DSAR45M02138,6041,6041_1,,,
sub-DSAR45M02139,7140,7140_1,,,
sub-DSAR45M02140,5474,5474_1,,,
sub-DSAR45M02141,3802,3802_1,,,
sub-DSAR45M02142,2054,2054_1,,,
sub-DSAR45M02143,845,845_1,sub-DSAR45M04124,0.5368,2
sub-DSAR45M02144,1734,1734_2,sub-DSAR45M09911,0.4747,3
sub-DSAR45M02145,8830,8830_1,,,
sub-DSAR45M02146,9729,9729_1,,,
sub-DSAR45M02147,9485,9485_1,,,
sub-DSAR45M02148,370,370_1,sub-DSAR45M07726,0.9999,1
sub-DSAR45M02149,9265,9265_1,,,
sub-DSAR45M02150,9415,9415_1,,,
sub-DSAR45M02151,919,919_1,sub-DSAR45M03327,0.4599,2
sub-DSAR45M02152,8776,8776_1,,,
sub-DSAR45M02153,666,666_1,sub-DSAR45M05227,0.4885,2
sub-DSAR45M02154,163,163_1,sub-DSAR45M03439,0.9982,1
sub-DSAR45M02155,2424,2424_1,,,
sub-DSAR45M02156,5480,5480_1,,,
sub-DSAR45M02157,7258,7258_1,,,
sub-DSAR45M02158,9316,9316_1,,,
sub-DSAR45M02159,7061,7061_1,,,
sub-DSAR45M02160,3,3_1,sub-DSAR45M11394,0.9967,1
sub-DSAR45M02161,6913,6913_1,,,
sub-DSAR45M02162,1471,1471_1,sub-DSAR45M03477,0.4805,3
sub-DSAR45M02163,7271,7271_1,,,
sub-DSAR45M02164,1715,1715_1,sub-DSAR45M09088,0.4281,3
sub-DSAR45M02165,4048,4048_1,,,
sub-DSAR45M02166,576,576_1,sub-DSAR45M07121,0.4839,2
sub-DSAR45M02167,2356,2356_1,,,
sub-DSAR45M02168,7121,7121_1,,,
sub-DSAR45M02169,479,479_1,sub-DSAR45M08824,0.4915,2
sub-DSAR45M02170,8923,8923_1,,,
sub-DSAR45M02171,1691,1691_2,sub-DSAR45M02029,0.4139,3
sub-DSAR45M02172,335,335_1,sub-DSAR45M10583,0.9988,1
sub-DSAR45M02173,1398,1398_2,sub-DSAR45M02679,0.5486,3
sub-DSAR45M02174,6428,6428_1,,,
sub-DSAR45M02175,4812,4812_1,,,
sub-DSAR45M02176,5189,5189_1,,,
sub-DSAR45M02177,3292,3292_1,,,
sub-DSAR45M02178,1343,1343_1,sub-DSAR45M04349,0.4523,3
sub-DSAR45M02179,8534,8534_1,,,
sub-DSAR45M02180,796,796_1,sub-DSAR45M03928,0.573,2
sub-DSAR45M02181,8173,8173_1,,,
sub-DSAR45M02182,2257,2257_1,,,
sub-DSAR45M02183,434,434_1,sub-DSAR45M04125,0.4832,2
sub-DSAR45M02184,463,463_1,sub-DSAR45M07926,0.5845,2
sub-DSAR45M02185,7025,7025_1,,,
sub-DSAR45M02186,5384,5384_1,,,
sub-DSAR45M02187,9094,9094_1,,,
sub-DSAR45M02188,999,999_1,sub-DSAR45M11522,0.4856,2
sub-DSAR45M02189,293,293_1,sub-DSAR45M01159,1.0,1
sub-DSAR45M02190,8788,8788_1,,,
sub-DSAR45M02191,737,737_1,sub-DSAR45M06448,0.482,2
sub-DSAR45M02192,3506,3506_1,,,
sub-DSAR45M02193,7366,7366_1,,,
sub-DSAR45M02194,3468,3468_1,,,
sub-DSAR45M02195,6001,6001_1,,,
sub-DSAR45M02196,3639,3639_1,,,
sub-DSAR45M02197,8748,8748_1,,,
sub-DSAR45M02198,8359,8359_1,,,
sub-DSAR45M02199,1199,1199_1,sub-DSAR45M00934,0.4819,3
sub-DSAR45M02200,3354,3354_1,,,
sub-DSAR45M02201,7496,7496_1,,,
sub-DSAR45M02202,1872,1872_1,,,
sub-DSAR45M02203,8176,8176_1,,,
sub-DSAR45M02204,4551,4551_1,,,
sub-DSAR45M02205,1105,1105_1,sub-DSAR45M11359,0.381,3
sub-DSAR45M02206,6662,6662_1,,,
sub-DSAR45M02207,2887,2887_1,,,
sub-DSAR45M02208,5456,5456_1,,,
sub-DSAR45M02209,731,731_1,sub-DSAR45M11066,0.483,2
sub-DSAR45M02210,2874,2874_1,,,
sub-DSAR45M02211,1189,1189_2,sub-DSAR45M08446,0.5034,3
sub-DSAR45M02212,4141,4141_1,,,
sub-DSAR45M02213,8800,8800_1,,,
sub-DSAR45M02214,6226,6226_1,,,
sub-DSAR45M02215,5360,5360_1,,,
sub-DSAR45M02216,1774,1774_2,sub-DSAR45M01474,0.495,3
sub-DSAR45M02217,1508,1508_2,sub-DSAR45M01426,0.5241,3
sub-DSAR45M02218,3699,3699_1,,,
sub-DSAR45M02219,3405,3405_1,,,
sub-DSAR45M02220,1705,1705_2,sub-DSAR45M04656,0.4723,3
sub-DSAR45M02221,2184,2184_1,,,
sub-DSAR45M02222,73,73_1,sub-DSAR45M00247,0.995,1
sub-DSAR45M02223,7188,7188_1,,,
sub-DSAR45M02224,6667,6667_1,,,
sub-DSAR45M02225,2991,2991_1,,,
sub-DSAR45M02226,9685,9685_1,,,
sub-DSAR45M02227,3998,3998_1,,,
sub-DSAR45M02228,5292,5292_1,,,
sub-DSAR45M02229,2753,2753_1,,,
sub-DSAR45M02230,9356,9356_1,,,
sub-DSAR45M02231,3195,3195_1,,,
sub-DSAR45M02232,1643,1643_2,sub-DSAR45M03801,0.5156,3
sub-DSAR45M02233,8153,8153_1,,,
sub-DSAR45M02234,3099,3099_1,,,
sub-DSAR45M02235,7391,7391_1,,,
sub-DSAR45M02236,6067,6067_1,,,
sub-DSAR45M02237,1312,1312_1,sub-DSAR45M01999,0.4819,3
sub-DSAR45M02238,1053,1053_1,sub-DSAR45M00692,0.4322,2
sub-DSAR45M02239,1713,1713_2,sub-DSAR45M02522,0.5042,3
sub-DSAR45M02240,8798,8798_1,,,
sub-DSAR45M02241,5830,5830_1,,,
sub-DSAR45M02242,6703,6703_1,,,
sub-DSAR45M02243,5307,5307_1,,,
sub-DSAR45M02244,1014,1014_1,sub-DSAR45M11613,0.4406,2
sub-DSAR45M02245,452,452_1,sub-DSAR45M11003,0.4921,2
sub-DSAR45M02246,975,975_1,sub-DSAR45M03460,0.5338,2
sub-DSAR45M02247,377,377_1,sub-DSAR45M07691,0.9998,1
sub-DSAR45M02248,8328,8328_1,,,
sub-DSAR45M02249,533,533_1,sub-DSAR45M00241,0.4406,2
sub-DSAR45M02250,5508,5508_1,,,
sub-DSAR45M02251,2319,2319_1,,,
sub-DSAR45M02252,598,598_1,sub-DSAR45M02882,0.4648,2
sub-DSAR45M02253,906,906_1,sub-DSAR45M03824,0.4474,2
sub-DSAR45M02254,852,852_1,sub-DSAR45M05359,0.5022,2
sub-DSAR45M02255,898,898_1,sub-DSAR45M00239,0.4539,2
sub-DSAR45M02256,3748,3748_1,,,
sub-DSAR45M02257,1466,1466_1,sub-DSAR45M06650,0.4473,3
sub-DSAR45M02258,1804,1804_2,sub-DSAR45M08126,0.4715,3
sub-DSAR45M02259,798,798_1,sub-DSAR45M10865,0.4293,2
sub-DSAR45M02260,8686,8686_1,,,
sub-DSAR45M02261,622,622_1,sub-DSAR45M04076,0.4874,2
sub-DSAR45M02262,10,10_1,sub-DSAR45M05288,0.9958,1
sub-DSAR45M02263,853,853_1,sub-DSAR45M05199,0.5118,2
sub-DSAR45M02264,1299,1299_2,sub-DSAR45M08876,0.556,3
sub-DSAR45M02265,1856,1856_1,,,
sub-DSAR45M02266,4243,4243_1,,,
sub-DSAR45M02267,1024,1024_1,sub-DSAR45M01271,0.6095,2
sub-DSAR45M02268,5147,5147_1,,,
sub-DSAR45M02269,8106,8106_1,,,
sub-DSAR45M02270,6305,6305_1,,,
sub-DSAR45M02271,5085,5085_1,,,
sub-DSAR45M02272,5640,5640_1,,,
sub-DSAR45M02273,1131,1131_2,sub-DSAR45M10012,0.5046,3
sub-DSAR45M02274,8617,8617_1,,,
sub-DSAR45M02275,7616,7616_1,,,
sub-DSAR45M02276,2309,2309_1,,,
sub-DSAR45M02277,8823,8823_1,,,
sub-DSAR45M02278,2348,2348_1,,,
sub-DSAR45M02279,8308,8308_1,,,
sub-DSAR45M02280,4371,4371_1,,,
sub-DSAR45M02281,3576,3576_1,,,
sub-DSAR45M02282,7597,7597_1,,,
sub-DSAR45M02283,8345,8345_1,,,
sub-DSAR45M02284,9301,9301_1,,,
sub-DSAR45M02285,2932,2932_1,,,
sub-DSAR45M02286,1923,1923_1,,,
sub-DSAR45M02287,4983,4983_1,,,
sub-DSAR45M02288,5780,5780_1,,,
sub-DSAR45M02289,5884,5884_1,,,
sub-DSAR45M02290,2318,2318_1,,,
sub-DSAR45M02291,231,231_1,sub-DSAR45M09110,0.9978,1
sub-DSAR45M02292,1824,1824_1,sub-DSAR45M11179,0.4339,3
sub-DSAR45M02293,1689,1689_1,sub-DSAR45M10969,0.5452,3
sub-DSAR45M02294,8526,8526_1,,,
sub-DSAR45M02295,6265,6265_1,,,
sub-DSAR45M02296,8353,8353_1,,,
sub-DSAR45M02297,23,23_1,sub-DSAR45M08951,0.9979,1
sub-DSAR45M02298,2640,2640_1,,,
sub-DSAR45M02299,1480,1480_1,sub-DSAR45M06407,0.6165,3
sub-DSAR45M02300,9437,9437_1,,,
sub-DSAR45M02301,11,11_1,sub-DSAR45M02420,0.9956,1
sub-DSAR45M02302,4251,4251_1,,,
sub-DSAR45M02303,9181,9181_1,,,
sub-DSAR45M02304,1572,1572_1,sub-DSAR45M06366,0.517,3
sub-DSAR45M02305,3650,3650_1,,,
sub-DSAR45M02306,5500,5500_1,,,
sub-DSAR45M02307,2572,2572_1,,,
sub-DSAR45M02308,273,273_1,sub-DSAR45M09703,0.9958,1
sub-DSAR45M02309,1537,1537_2,sub-DSAR45M02331,0.5146,3
sub-DSAR45M02310,3643,3643_1,,,
sub-DSAR45M02311,4168,4168_1,,,
sub-DSAR45M02312,8356,8356_1,,,
sub-DSAR45M02313,672,672_1,sub-DSAR45M05648,0.5683,2
sub-DSAR45M02314,8095,8095_1,,,
sub-DSAR45M02315,4015,4015_1,,,
sub-DSAR45M02316,6906,6906_1,,,
sub-DSAR45M02317,1082,1082_2,sub-DSAR45M04116,0.4399,3
sub-DSAR45M02318,4852,4852_1,,,
sub-DSAR45M02319,5377,5377_1,,,
sub-DSAR45M02320,203,203_1,sub-DSAR45M08790,0.9975,1
sub-DSAR45M02321,9212,9212_1,,,
sub-DSAR45M02322,4652,4652_1,,,
sub-DSAR45M02323,9622,9622_1,,,
sub-DSAR45M02324,3475,3475_1,,,
sub-DSAR45M02325,4676,4676_1,,,
sub-DSAR45M02326,9541,9541_1,,,
sub-DSAR45M02327,2519,2519_1,,,
sub-DSAR45M02328,6909,6909_1,,,
sub-DSAR45M02329,4580,4580_1,,,
sub-DSAR45M02330,3963,3963_1,,,
sub-DSAR45M02331,1537,1537_1,sub-DSAR45M02309,0.5146,3
sub-DSAR45M02332,7741,7741_1,,,
sub-DSAR45M02333,5720,5720_1,,,
sub-DSAR45M02334,1482,1482_1,sub-DSAR45M03066,0.4893,3
sub-DSAR45M02335,7090,7090_1,,,
sub-DSAR45M02336,7282,7282_1,,,
sub-DSAR45M02337,8725,8725_1,,,
sub-DSAR45M02338,4866,4866_1,,,
sub-DSAR45M02339,1366,1366_2,sub-DSAR45M07106,0.4797,3
sub-DSAR45M02340,4809,4809_1,,,
sub-DSAR45M02341,6250,6250_1,,,
sub-DSAR45M02342,4879,4879_1,,,
sub-DSAR45M02343,7666,7666_1,,,
sub-DSAR45M02344,6322,6322_1,,,
sub-DSAR45M02345,6101,6101_1,,,
sub-DSAR45M02346,5916,5916_1,,,
sub-DSAR45M02347,5897,5897_1,,,
sub-DSAR45M02348,6847,6847_1,,,
sub-DSAR45M02349,6276,6276_1,,,
sub-DSAR45M02350,911,911_1,sub-DSAR45M03383,0.4876,2
sub-DSAR45M02351,6814,6814_1,,,
sub-DSAR45M02352,5413,5413_1,,,
sub-DSAR45M02353,540,540_1,sub-DSAR45M02966,0.5336,2
sub-DSAR45M02354,4506,4506_1,,,
sub-DSAR45M02355,6674,6674_1,,,
sub-DSAR45M02356,670,670_1,sub-DSAR45M09946,0.4637,2
sub-DSAR45M02357,9077,9077_1,,,
sub-DSAR45M02358,2337,2337_1,,,
sub-DSAR45M02359,7640,7640_1,,,
sub-DSAR45M02360,2104,2104_1,,,
sub-DSAR45M02361,8038,8038_1,,,
sub-DSAR45M02362,1625,1625_1,sub-DSAR45M09440,0.5539,3
sub-DSAR45M02363,1723,1723_2,sub-DSAR45M08791,0.5527,3
sub-DSAR45M02364,1240,1240_1,sub-DSAR45M08358,0.5057,3
sub-DSAR45M02365,2351,2351_1,,,
sub-DSAR45M02366,5631,5631_1,,,
sub-DSAR45M02367,318,318_1,sub-DSAR45M07006,0.9996,1
sub-DSAR45M02368,9089,9089_1,,,
sub-DSAR45M02369,62,62_1,sub-DSAR45M01329,1.0,1
sub-DSAR45M02370,1465,1465_1,sub-DSAR45M05326,0.5321,3
sub-DSAR45M02371,76,76_1,sub-DSAR45M05478,0.9967,1
sub-DSAR45M02372,1205,1205_1,sub-DSAR45M01175,0.5138,3
sub-DSAR45M02373,4259,4259_1,,,
sub-DSAR45M02374,875,875_1,sub-DSAR45M09432,0.4701,2
sub-DSAR45M02375,5974,5974_1,,,
sub-DSAR45M02376,1251,1251_2,sub-DSAR45M08773,0.4552,3
sub-DSAR45M02377,4837,4837_1,,,
sub-DSAR45M02378,2582,2582_1,,,
sub-DSAR45M02379,597,597_1,sub-DSAR45M08486,0.42,2
sub-DSAR45M02380,36,36_1,sub-DSAR45M00256,0.9959,1
sub-DSAR45M02381,2165,2165_1,,,
sub-DSAR45M02382,2828,2828_1,,,
sub-DSAR45M02383,7573,7573_1,,,
sub-DSAR45M02384,2781,2781_1,,,
sub-DSAR45M02385,978,978_1,sub-DSAR45M08471,0.4145,2
sub-DSAR45M02386,851,851_1,sub-DSAR45M02721,0.5067,2
sub-DSAR45M02387,3187,3187_1,,,
sub-DSAR45M02388,714,714_1,sub-DSAR45M03082,0.4741,2
sub-DSAR45M02389,7500,7500_1,,,
sub-DSAR45M02390,4029,4029_1,,,
sub-DSAR45M02391,3104,3104_1,,,
sub-DSAR45M02392,9119,9119_1,,,
sub-DSAR45M02393,6622,6622_1,,,
sub-DSAR45M02394,6179,6179_1,,,
sub-DSAR45M02395,6599,6599_1,,,
sub-DSAR45M02396,1834,1834_2,sub-DSAR45M10918,0.5003,3
sub-DSAR45M02397,1293,1293_2,sub-DSAR45M03048,0.4686,3
sub-DSAR45M02398,3225,3225_1,,,
sub-DSAR45M02399,4799,4799_1,,,
sub-DSAR45M02400,157,157_1,sub-DSAR45M03626,0.9974,1
sub-DSAR45M02401,6134,6134_1,,,
sub-DSAR45M02402,8717,8717_1,,,
sub-DSAR45M02403,33,33_1,sub-DSAR45M11540,1.0,1
sub-DSAR45M02404,361,361_1,sub-DSAR45M09957,0.9979,1
sub-DSAR45M02405,6460,6460_1,,,
sub-DSAR45M02406,5642,5642_1,,,
sub-DSAR45M02407,7671,7671_1,,,
sub-DSAR45M02408,1948,1948_1,,,
sub-DSAR45M02409,323,323_1,sub-DSAR45M06979,0.9995,1
sub-DSAR45M02410,7771,7771_1,,,
sub-DSAR45M02411,9105,9105_1,,,
sub-DSAR45M02412,611,611_1,sub-DSAR45M03508,0.5582,2
sub-DSAR45M02413,8752,8752_1,,,
sub-DSAR45M02414,9629,9629_1,,,
sub-DSAR45M02415,522,522_1,sub-DSAR45M05843,0.5848,2
sub-DSAR45M02416,7100,7100_1,,,
sub-DSAR45M02417,415,415_1,sub-DSAR45M03310,1.0,1
sub-DSAR45M02418,2063,2063_1,,,
sub-DSAR45M02419,677,677_1,sub-DSAR45M06616,0.5126,2
sub-DSAR45M02420,11,11_1,sub-DSAR45M02301,0.9956,1
sub-DSAR45M02421,150,150_1,sub-DSAR45M00205,0.9974,1
sub-DSAR45M02422,7130,7130_1,,,
sub-DSAR45M02423,1598,1598_2,sub-DSAR45M06327,0.4697,3
sub-DSAR45M02424,7233,7233_1,,,
sub-DSAR45M02425,5217,5217_1,,,
sub-DSAR45M02426,5215,5215_1,,,
sub-DSAR45M02427,3533,3533_1,,,
sub-DSAR45M02428,602,602_1,sub-DSAR45M02476,0.4924,2
sub-DSAR45M02429,1995,1995_1,,,
sub-DSAR45M02430,1213,1213_2,sub-DSAR45M06141,0.4896,3
sub-DSAR45M02431,4169,4169_1,,,
sub-DSAR45M02432,2036,2036_1,,,
sub-DSAR45M02433,186,186_1,sub-DSAR45M07519,0.9975,1
sub-DSAR45M02434,4792,4792_1,,,
sub-DSAR45M02435,6559,6559_1,,,
sub-DSAR45M02436,5339,5339_1,,,
sub-DSAR45M02437,8437,8437_1,,,
sub-DSAR45M02438,250,250_1,sub-DSAR45M01824,0.998,1
sub-DSAR45M02439,3252,3252_1,,,
sub-DSAR45M02440,3984,3984_1,,,
sub-DSAR45M02441,1209,1209_1,sub-DSAR45M04799,0.4663,3
sub-DSAR45M02442,6186,6186_1,,,
sub-DSAR45M02443,1593,1593_2,sub-DSAR45M06732,0.4911,3
sub-DSAR45M02444,3150,3150_1,,,
sub-DSAR45M02445,41,41_1,sub-DSAR45M08522,0.997,1
sub-DSAR45M02446,4187,4187_1,,,
sub-DSAR45M02447,2727,2727_1,,,
sub-DSAR45M02448,7925,7925_1,,,
sub-DSAR45M02449,252,252_1,sub-DSAR45M05872,1.0,1
sub-DSAR45M02450,2423,2423_1,,,
sub-DSAR45M02451,9341,9341_1,,,
sub-DSAR45M02452,8242,8242_1,,,
sub-DSAR45M02453,2204,2204_1,,,
sub-DSAR45M02454,7978,7978_1,,,
sub-DSAR45M02455,5729,5729_1,,,
sub-DSAR45M02456,1883,1883_1,,,
sub-DSAR45M02457,7119,7119_1,,,
sub-DSAR45M02458,9556,9556_1,,,
sub-DSAR45M02459,4487,4487_1,,,
sub-DSAR45M02460,8791,8791_1,,,
sub-DSAR45M02461,3836,3836_1,,,
sub-DSAR45M02462,511,511_1,sub-DSAR45M04149,0.4733,2
sub-DSAR45M02463,709,709_1,sub-DSAR45M08641,0.478,2
sub-DSAR45M02464,3666,3666_1,,,
sub-DSAR45M02465,1990,1990_1,,,
sub-DSAR45M02466,950,950_1,sub-DSAR45M04381,0.4718,2
sub-DSAR45M02467,8541,8541_1,,,
sub-DSAR45M02468,9794,9794_1,,,
sub-DSAR45M02469,1031,1031_1,sub-DSAR45M03580,0.4694,2
sub-DSAR45M02470,4581,4581_1,,,
sub-DSAR45M02471,4870,4870_1,,,
sub-DSAR45M02472,2220,2220_1,,,
sub-DSAR45M02473,3017,3017_1,,,
sub-DSAR45M02474,2175,2175_1,,,
sub-DSAR45M02475,7326,7326_1,,,
sub-DSAR45M02476,602,602_1,sub-DSAR45M02428,0.4924,2
sub-DSAR45M02477,8140,8140_1,,,
sub-DSAR45M02478,8811,8811_1,,,
sub-DSAR45M02479,9278,9278_1,,,
sub-DSAR45M02480,378,378_1,sub-DSAR45M00224,1.0,1
sub-DSAR45M02481,4592,4592_1,,,
sub-DSAR45M02482,1915,1915_1,,,
sub-DSAR45M02483,369,369_1,sub-DSAR45M04368,0.9979,1
sub-DSAR45M02484,3232,3232_1,,,
sub-DSAR45M02485,6089,6089_1,,,
sub-DSAR45M02486,9273,9273_1,,,
sub-DSAR45M02487,6420,6420_1,,,
sub-DSAR45M02488,6187,6187_1,,,
sub-DSAR45M02489,7566,7566_1,,,
sub-DSAR45M02490,1437,1437_1,sub-DSAR45M07628,0.509,3
sub-DSAR45M02491,8907,8907_1,,,
sub-DSAR45M02492,9581,9581_1,,,
sub-DSAR45M02493,7843,7843_1,,,
sub-DSAR45M02494,5400,5400_1,,,
sub-DSAR45M02495,5879,5879_1,,,
sub-DSAR45M02496,8794,8794_1,,,
sub-DSAR45M02497,6900,6900_1,,,
sub-DSAR45M02498,1183,1183_1,sub-DSAR45M02072,0.5226,3
sub-DSAR45M02499,5072,5072_1,,,
sub-DSAR45M02500,4842,4842_1,,,
sub-DSAR45M02501,4545,4545_1,,,
sub-DSAR45M02502,228,228_1,sub-DSAR45M09510,0.9985,1
sub-DSAR45M02503,4165,4165_1,,,
sub-DSAR45M02504,1394,1394_1,sub-DSAR45M11326,0.463,3
sub-DSAR45M02505,3532,3532_1,,,
sub-DSAR45M02506,5145,5145_1,,,
sub-DSAR45M02507,2773,2773_1,,,
sub-DSAR45M02508,5775,5775_1,,,
sub-DSAR45M02509,2585,2585_1,,,
sub-DSAR45M02510,5306,5306_1,,,
sub-DSAR45M02511,4219,4219_1,,,
sub-DSAR45M02512,5149,5149_1,,,
sub-DSAR45M02513,4130,4130_1,,,
sub-DSAR45M02514,1478,1478_1,sub-DSAR45M08467,0.4675,3
sub-DSAR45M02515,87,87_1,sub-DSAR45M01405,0.9985,1
sub-DSAR45M02516,817,817_1,sub-DSAR45M10122,0.4892,2
sub-DSAR45M02517,7951,7951_1,,,
sub-DSAR45M02518,1453,1453_2,sub-DSAR45M03584,0.5007,3
sub-DSAR45M02519,1575,1575_1,sub-DSAR45M02986,0.5211,3
sub-DSAR45M02520,8162,8162_1,,,
sub-DSAR45M02521,538,538_1,sub-DSAR45M00052,0.438,2
sub-DSAR45M02522,1713,1713_1,sub-DSAR45M02239,0.5042,3
sub-DSAR45M02523,5008,5008_1,,,
sub-DSAR45M02524,4522,4522_1,,,
sub-DSAR45M02525,2282,2282_1,,,
sub-DSAR45M02526,9351,9351_1,,,
sub-DSAR45M02527,1345,1345_1,sub-DSAR45M06460,0.4972,3
sub-DSAR45M02528,1007,1007_1,sub-DSAR45M10783,0.5122,2
sub-DSAR45M02529,85,85_1,sub-DSAR45M11291,0.9952,1
sub-DSAR45M02530,648,648_1,sub-DSAR45M01112,0.5089,2
sub-DSAR45M02531,8232,8232_1,,,
sub-DSAR45M02532,4440,4440_1,,,
sub-DSAR45M02533,1644,1644_2,sub-DSAR45M03659,0.5798,3
sub-DSAR45M02534,9593,9593_1,,,
sub-DSAR45M02535,2739,2739_1,,,
sub-DSAR45M02536,5605,5605_1,,,
sub-DSAR45M02537,2382,2382_1,,,
sub-DSAR45M02538,4211,4211_1,,,
sub-DSAR45M02539,8059,8059_1,,,
sub-DSAR45M02540,3385,3385_1,,,
sub-DSAR45M02541,6142,6142_1,,,
sub-DSAR45M02542,8484,8484_1,,,
sub-DSAR45M02543,9493,9493_1,,,
sub-DSAR45M02544,627,627_1,sub-DSAR45M05292,0.5143,2
sub-DSAR45M02545,9061,9061_1,,,
sub-DSAR45M02546,6946,6946_1,,,
sub-DSAR45M02547,2037,2037_1,,,
sub-DSAR45M02548,9055,9055_1,,,
sub-DSAR45M02549,564,564_1,sub-DSAR45M00838,0.4842,2
sub-DSAR45M02550,102,102_1,sub-DSAR45M08542,1.0,1
sub-DSAR45M02551,454,454_1,sub-DSAR45M11136,0.441,2
sub-DSAR45M02552,5460,5460_1,,,
sub-DSAR45M02553,5761,5761_1,,,
sub-DSAR45M02554,1041,1041_1,sub-DSAR45M01039,0.5474,2
sub-DSAR45M02555,682,682_1,sub-DSAR45M10223,0.5138,2
sub-DSAR45M02556,2963,2963_1,,,
sub-DSAR45M02557,7991,7991_1,,,
sub-DSAR45M02558,8246,8246_1,,,
sub-DSAR45M02559,1722,1722_2,sub-DSAR45M04943,0.5276,3
sub-DSAR45M02560,3571,3571_1,,,
sub-DSAR45M02561,407,407_1,sub-DSAR45M00936,0.9973,1
sub-DSAR45M02562,3596,3596_1,,,
sub-DSAR45M02563,261,261_1,sub-DSAR45M05722,0.9969,1
sub-DSAR45M02564,1194,1194_1,sub-DSAR45M05899,0.4892,3
sub-DSAR45M02565,7577,7577_1,,,
sub-DSAR45M02566,8134,8134_1,,,
sub-DSAR45M02567,7486,7486_1,,,
sub-DSAR45M02568,4486,4486_1,,,
sub-DSAR45M02569,2894,2894_1,,,
sub-DSAR45M02570,2746,2746_1,,,
sub-DSAR45M02571,1119,1119_1,sub-DSAR45M08311,0.4946,3
sub-DSAR45M02572,3628,3628_1,,,
sub-DSAR45M02573,8902,8902_1,,,
sub-DSAR45M02574,3519,3519_1,,,
sub-DSAR45M02575,6388,6388_1,,,
sub-DSAR45M02576,4633,4633_1,,,
sub-DSAR45M02577,8657,8657_1,,,
sub-DSAR45M02578,6215,6215_1,,,
sub-DSAR45M02579,112,112_1,sub-DSAR45M07203,0.9972,1
sub-DSAR45M02580,2789,2789_1,,,
sub-DSAR45M02581,2536,2536_1,,,
sub-DSAR45M02582,8932,8932_1,,,
sub-DSAR45M02583,2300,2300_1,,,
sub-DSAR45M02584,9060,9060_1,,,
sub-DSAR45M02585,1146,1146_2,sub-DSAR45M00460,0.5718,3
sub-DSAR45M02586,1797,1797_1,sub-DSAR45M00008,0.4493,3
sub-DSAR45M02587,2871,2871_1,,,
sub-DSAR45M02588,1402,1402_1,sub-DSAR45M04193,0.5049,3
sub-DSAR45M02589,5470,5470_1,,,
sub-DSAR45M02590,8355,8355_1,,,
sub-DSAR45M02591,1128,1128_1,sub-DSAR45M02794,0.477,3
sub-DSAR45M02592,1165,1165_2,sub-DSAR45M07683,0.4349,3
sub-DSAR45M02593,7449,7449_1,,,
sub-DSAR45M02594,4348,4348_1,,,
sub-DSAR45M02595,221,221_1,sub-DSAR45M03045,1.0,1
sub-DSAR45M02596,5788,5788_1,,,
sub-DSAR45M02597,3851,3851_1,,,
sub-DSAR45M02598,8578,8578_1,,,
sub-DSAR45M02599,1534,1534_2,sub-DSAR45M01207,0.4566,3
sub-DSAR45M02600,3054,3054_1,,,
sub-DSAR45M02601,1336,1336_2,sub-DSAR45M05130,0.5058,3
sub-DSAR45M02602,22,22_1,sub-DSAR45M01571,0.9953,1
sub-DSAR45M02603,2419,2419_1,,,
sub-DSAR45M02604,101,101_1,sub-DSAR45M10965,0.9973,1
sub-DSAR45M02605,390,390_1,sub-DSAR45M01182,0.9927,1
sub-DSAR45M02606,490,490_1,sub-DSAR45M09834,0.4492,2
sub-DSAR45M02607,7997,7997_1,,,
sub-DSAR45M02608,8004,8004_1,,,
sub-DSAR45M02609,7790,7790_1,,,
sub-DSAR45M02610,6374,6374_1,,,
sub-DSAR45M02611,4105,4105_1,,,
sub-DSAR45M02612,240,240_1,sub-DSAR45M07363,0.9994,1
sub-DSAR45M02613,8464,8464_1,,,
sub-DSAR45M02614,9002,9002_1,,,
sub-DSAR45M02615,2675,2675_1,,,
sub-DSAR45M02616,1984,1984_1,,,
sub-DSAR45M02617,5748,5748_1,,,
sub-DSAR45M02618,609,609_1,sub-DSAR45M11202,0.481,2
sub-DSAR45M02619,793,793_1,sub-DSAR45M10492,0.5136,2
sub-DSAR45M02620,3409,3409_1,,,
sub-DSAR45M02621,7747,7747_1,,,
sub-DSAR45M02622,263,263_1,sub-DSAR45M11488,0.9996,1
sub-DSAR45M02623,198,198_1,sub-DSAR45M09626,0.9985,1
sub-DSAR45M02624,9275,9275_1,,,
sub-DSAR45M02625,2139,2139_1,,,
sub-DSAR45M02626,2459,2459_1,,,
sub-DSAR45M02627,1433,1433_2,sub-DSAR45M02723,0.5653,3
sub-DSAR45M02628,1101,1101_1,sub-DSAR45M04708,0.4775,3
sub-DSAR45M02629,1868,1868_1,,,
sub-DSAR45M02630,1383,1383_2,sub-DSAR45M01749,0.4741,3
sub-DSAR45M02631,5650,5650_1,,,
sub-DSAR45M02632,9249,9249_1,,,
sub-DSAR45M02633,1356,1356_1,sub-DSAR45M03922,0.4851,3
sub-DSAR45M02634,8451,8451_1,,,
sub-DSAR45M02635,1649,1649_2,sub-DSAR45M08857,0.4901,3
sub-DSAR45M02636,8150,8150_1,,,
sub-DSAR45M02637,6740,6740_1,,,
sub-DSAR45M02638,3555,3555_1,,,
sub-DSAR45M02639,30,30_1,sub-DSAR45M01204,0.9981,1
sub-DSAR45M02640,8983,8983_1,,,
sub-DSAR45M02641,1665,1665_1,sub-DSAR45M04782,0.4795,3
sub-DSAR45M02642,4902,4902_1,,,
sub-DSAR45M02643,6478,6478_1,,,
sub-DSAR45M02644,7815,7815_1,,,
sub-DSAR45M02645,4302,4302_1,,,
sub-DSAR45M02646,6693,6693_1,,,
sub-DSAR45M02647,8203,8203_1,,,
sub-DSAR45M02648,1738,1738_2,sub-DSAR45M08494,0.4944,3
sub-DSAR45M02649,2359,2359_1,,,
sub-DSAR45M02650,3783,3783_1,,,
sub-DSAR45M02651,2608,2608_1,,,
sub-DSAR45M02652,836,836_1,sub-DSAR45M08070,0.4974,2
sub-DSAR45M02653,7717,7717_1,,,
sub-DSAR45M02654,7315,7315_1,,,
sub-DSAR45M02655,9760,9760_1,,,
sub-DSAR45M02656,168,168_1,sub-DSAR45M09765,1.0,1
sub-DSAR45M02657,1622,1622_2,sub-DSAR45M03067,0.4878,3
sub-DSAR45M02658,5533,5533_1,,,
sub-DSAR45M02659,1552,1552_1,sub-DSAR45M01023,0.5259,3
sub-DSAR45M02660,3872,3872_1,,,
sub-DSAR45M02661,2068,2068_1,,,
sub-DSAR45M02662,6735,6735_1,,,
sub-DSAR45M02663,2814,2814_1,,,
sub-DSAR45M02664,801,801_1,sub-DSAR45M00707,0.4658,2
sub-DSAR45M02665,8497,8497_1,,,
sub-DSAR45M02666,6184,6184_1,,,
sub-DSAR45M02667,3461,3461_1,,,
sub-DSAR45M02668,5911,5911_1,,,
sub-DSAR45M02669,4570,4570_1,,,
sub-DSAR45M02670,4387,4387_1,,,
sub-DSAR45M02671,878,878_1,sub-DSAR45M05969,0.418,2
sub-DSAR45M02672,2432,2432_1,,,
sub-DSAR45M02673,1756,1756_2,sub-DSAR45M05131,0.5099,3
sub-DSAR45M02674,4467,4467_1,,,
sub-DSAR45M02675,1148,1148_2,sub-DSAR45M08631,0.4765,3
sub-DSAR45M02676,1204,1204_2,sub-DSAR45M04999,0.5093,3
sub-DSAR45M02677,5067,5067_1,,,
sub-DSAR45M02678,8552,8552_1,,,
sub-DSAR45M02679,1398,1398_1,sub-DSAR45M02173,0.5486,3
sub-DSAR45M02680,7278,7278_1,,,
sub-DSAR45M02681,257,257_1,sub-DSAR45M10740,0.9978,1
sub-DSAR45M02682,3808,3808_1,,,
sub-DSAR45M02683,6277,6277_1,,,
sub-DSAR45M02684,5129,5129_1,,,
sub-DSAR45M02685,1352,1352_1,sub-DSAR45M10959,0.5256,3
sub-DSAR45M02686,3398,3398_1,,,
sub-DSAR45M02687,943,943_1,sub-DSAR45M03133,0.5139,2
sub-DSAR45M02688,4834,4834_1,,,
sub-DSAR45M02689,9658,9658_1,,,
sub-DSAR45M02690,3617,3617_1,,,
sub-DSAR45M02691,5657,5657_1,,,
sub-DSAR45M02692,129,129_1,sub-DSAR45M05011,0.9993,1
sub-DSAR45M02693,5559,5559_1,,,
sub-DSAR45M02694,1302,1302_2,sub-DSAR45M04591,0.4107,3
sub-DSAR45M02695,2677,2677_1,,,
sub-DSAR45M02696,3993,3993_1,,,
sub-DSAR45M02697,7677,7677_1,,,
sub-DSAR45M02698,75,75_1,sub-DSAR45M09698,0.9989,1
sub-DSAR45M02699,8086,8086_1,,,
sub-DSAR45M02700,6199,6199_1,,,
sub-DSAR45M02701,5990,5990_1,,,
sub-DSAR45M02702,837,837_1,sub-DSAR45M08650,0.508,2
sub-DSAR45M02703,6284,6284_1,,,
sub-DSAR45M02704,5491,5491_1,,,
sub-DSAR45M02705,5188,5188_1,,,
sub-DSAR45M02706,7971,7971_1,,,
sub-DSAR45M02707,9490,9490_1,,,
sub-DSAR45M02708,7764,7764_1,,,
sub-DSAR45M02709,1636,1636_1,sub-DSAR45M05113,0.469,3
sub-DSAR45M02710,4663,4663_1,,,
sub-DSAR45M02711,9430,9430_1,,,
sub-DSAR45M02712,1586,1586_1,sub-DSAR45M07013,0.4397,3
sub-DSAR45M02713,2258,2258_1,,,
sub-DSAR45M02714,1620,1620_2,sub-DSAR45M04726,0.5439,3
sub-DSAR45M02715,1645,1645_2,sub-DSAR45M02844,0.5759,3
sub-DSAR45M02716,181,181_1,sub-DSAR45M09248,0.9954,1
sub-DSAR45M02717,7946,7946_1,,,
sub-DSAR45M02718,1844,1844_1,,,
sub-DSAR45M02719,3741,3741_1,,,
sub-DSAR45M02720,4569,4569_1,,,
sub-DSAR45M02721,851,851_1,sub-DSAR45M02386,0.5067,2
sub-DSAR45M02722,6012,6012_1,,,
sub-DSAR45M02723,1433,1433_1,sub-DSAR45M02627,0.5653,3
sub-DSAR45M02724,4970,4970_1,,,
sub-DSAR45M02725,64,64_1,sub-DSAR45M06031,0.9976,1
sub-DSAR45M02726,3962,3962_1,,,
sub-DSAR45M02727,7518,7518_1,,,
sub-DSAR45M02728,940,940_1,sub-DSAR45M00961,0.5003,2
sub-DSAR45M02729,9280,9280_1,,,
sub-DSAR45M02730,827,827_1,sub-DSAR45M00445,0.4819,2
sub-DSAR45M02731,1380,1380_2,sub-DSAR45M09093,0.5065,3
sub-DSAR45M02732,8070,8070_1,,,
sub-DSAR45M02733,5882,5882_1,,,
sub-DSAR45M02734,8324,8324_1,,,
sub-DSAR45M02735,4704,4704_1,,,
sub-DSAR45M02736,1521,1521_2,sub-DSAR45M07858,0.4476,3
sub-DSAR45M02737,7690,7690_1,,,
sub-DSAR45M02738,4197,4197_1,,,
sub-DSAR45M02739,6676,6676_1,,,
sub-DSAR45M02740,8744,8744_1,,,
sub-DSAR45M02741,4934,4934_1,,,
sub-DSAR45M02742,7563,7563_1,,,
sub-DSAR45M02743,2327,2327_1,,,
sub-DSAR45M02744,9625,9625_1,,,
sub-DSAR45M02745,5420,5420_1,,,
sub-DSAR45M02746,131,131_1,sub-DSAR45M10702,0.9971,1
sub-DSAR45M02747,1046,1046_1,sub-DSAR45M04775,0.5218,2
sub-DSAR45M02748,3376,3376_1,,,
sub-DSAR45M02749,7231,7231_1,,,
sub-DSAR45M02750,1104,1104_1,sub-DSAR45M07422,0.4615,3
sub-DSAR45M02751,3432,3432_1,,,
sub-DSAR45M02752,284,284_1,sub-DSAR45M09403,1.0,1
sub-DSAR45M02753,6585,6585_1,,,
sub-DSAR45M02754,1938,1938_1,,,
sub-DSAR45M02755,9806,9806_1,,,
sub-DSAR45M02756,200,200_1,sub-DSAR45M00553,0.9976,1
sub-DSAR45M02757,8584,8584_1,,,
sub-DSAR45M02758,4530,4530_1,,,
sub-DSAR45M02759,1081,1081_1,sub-DSAR45M09509,0.4875,3
sub-DSAR45M02760,7456,7456_1,,,
sub-DSAR45M02761,7053,7053_1,,,
sub-DSAR45M02762,641,641_1,sub-DSAR45M08896,0.5433,2
sub-DSAR45M02763,7235,7235_1,,,
sub-DSAR45M02764,7073,7073_1,,,
sub-DSAR45M02765,1290,1290_2,sub-DSAR45M11658,0.5293,3
sub-DSAR45M02766,3869,3869_1,,,
sub-DSAR45M02767,9773,9773_1,,,
sub-DSAR45M02768,5968,5968_1,,,
sub-DSAR45M02769,929,929_1,sub-DSAR45M07040,0.4595,2
sub-DSAR45M02770,9433,9433_1,,,
sub-DSAR45M02771,178,178_1,sub-DSAR45M11353,0.9997,1
sub-DSAR45M02772,455,455_1,sub-DSAR45M03394,0.4997,2
sub-DSAR45M02773,9106,9106_1,,,
sub-DSAR45M02774,148,148_1,sub-DSAR45M08620,1.0,1
sub-DSAR45M02775,1535,1535_2,sub-DSAR45M00756,0.529,3
sub-DSAR45M02776,2555,2555_1,,,
sub-DSAR45M02777,110,110_1,sub-DSAR45M07197,0.9961,1
sub-DSAR45M02778,4088,4088_1,,,
sub-DSAR45M02779,1259,1259_1,sub-DSAR45M06397,0.4323,3
sub-DSAR45M02780,1373,1373_1,sub-DSAR45M00798,0.4636,3
sub-DSAR45M02781,6757,6757_1,,,
sub-DSAR45M02782,691,691_1,sub-DSAR45M04958,0.4672,2
sub-DSAR45M02783,7150,7150_1,,,
sub-DSAR45M02784,5813,5813_1,,,
sub-DSAR45M02785,2880,2880_1,,,
sub-DSAR45M02786,6480,6480_1,,,
sub-DSAR45M02787,1519,1519_2,sub-DSAR45M04640,0.4942,3
sub-DSAR45M02788,6610,6610_1,,,
sub-DSAR45M02789,4094,4094_1,,,
sub-DSAR45M02790,2343,2343_1,,,
sub-DSAR45M02791,5371,5371_1,,,
sub-DSAR45M02792,5560,5560_1,,,
sub-DSAR45M02793,6862,6862_1,,,
sub-DSAR45M02794,1128,1128_2,sub-DSAR45M02591,0.477,3
sub-DSAR45M02795,2570,2570_1,,,
sub-DSAR45M02796,8619,8619_1,,,
sub-DSAR45M02797,2744,2744_1,,,
sub-DSAR45M02798,6164,6164_1,,,
sub-DSAR45M02799,7300,7300_1,,,
sub-DSAR45M02800,4567,4567_1,,,
sub-DSAR45M02801,3377,3377_1,,,
sub-DSAR45M02802,5021,5021_1,,,
sub-DSAR45M02803,600,600_1,sub-DSAR45M10222,0.4415,2
sub-DSAR45M02804,2960,2960_1,,,
sub-DSAR45M02805,3349,3349_1,,,
sub-DSAR45M02806,4134,4134_1,,,
sub-DSAR45M02807,7786,7786_1,,,
sub-DSAR45M02808,1379,1379_1,sub-DSAR45M08558,0.5432,3
sub-DSAR45M02809,5146,5146_1,,,
sub-DSAR45M02810,3459,3459_1,,,
sub-DSAR45M02811,5993,5993_1,,,
sub-DSAR45M02812,6025,6025_1,,,
sub-DSAR45M02813,7491,7491_1,,,
sub-DSAR45M02814,1208,1208_2,sub-DSAR45M03708,0.523,3
sub-DSAR45M02815,459,459_1,sub-DSAR45M06361,0.4629,2
sub-DSAR45M02816,1605,1605_1,sub-DSAR45M00464,0.4987,3
sub-DSAR45M02817,9253,9253_1,,,
sub-DSAR45M02818,6151,6151_1,,,
sub-DSAR45M02819,6973,6973_1,,,
sub-DSAR45M02820,403,403_1,sub-DSAR45M09664,0.9976,1
sub-DSAR45M02821,5041,5041_1,,,
sub-DSAR45M02822,3282,3282_1,,,
sub-DSAR45M02823,579,579_1,sub-DSAR45M01365,0.5354,2
sub-DSAR45M02824,9366,9366_1,,,
sub-DSAR45M02825,7662,7662_1,,,
sub-DSAR45M02826,1110,1110_1,sub-DSAR45M08499,0.5486,3
sub-DSAR45M02827,4122,4122_1,,,
sub-DSAR45M02828,8398,8398_1,,,
sub-DSAR45M02829,5165,5165_1,,,
sub-DSAR45M02830,9414,9414_1,,,
sub-DSAR45M02831,223,223_1,sub-DSAR45M04126,0.997,1
sub-DSAR45M02832,2238,2238_1,,,
sub-DSAR45M02833,7074,7074_1,,,
sub-DSAR45M02834,3073,3073_1,,,
sub-DSAR45M02835,159,159_1,sub-DSAR45M08485,0.9969,1
sub-DSAR45M02836,8672,8672_1,,,
sub-DSAR45M02837,1821,1821_2,sub-DSAR45M04237,0.4323,3
sub-DSAR45M02838,894,894_1,sub-DSAR45M01979,0.5134,2
sub-DSAR45M02839,3523,3523_1,,,
sub-DSAR45M02840,4681,4681_1,,,
sub-DSAR45M02841,3322,3322_1,,,
sub-DSAR45M02842,9335,9335_1,,,
sub-DSAR45M02843,4177,4177_1,,,
sub-DSAR45M02844,1645,1645_1,sub-DSAR45M02715,0.5759,3
sub-DSAR45M02845,5554,5554_1,,,
sub-DSAR45M02846,3767,3767_1,,,
sub-DSAR45M02847,9385,9385_1,,,
sub-DSAR45M02848,970,970_1,sub-DSAR45M03569,0.5395,2
sub-DSAR45M02849,9728,9728_1,,,
sub-DSAR45M02850,1592,1592_1,sub-DSAR45M06083,0.5113,3
sub-DSAR45M02851,8009,8009_1,,,
sub-DSAR45M02852,2693,2693_1,,,
sub-DSAR45M02853,9558,9558_1,,,
sub-DSAR45M02854,7344,7344_1,,,
sub-DSAR45M02855,8040,8040_1,,,
sub-DSAR45M02856,7923,7923_1,,,
sub-DSAR45M02857,1555,1555_2,sub-DSAR45M06622,0.5412,3
sub-DSAR45M02858,3912,3912_1,,,
sub-DSAR45M02859,5142,5142_1,,,
sub-DSAR45M02860,6812,6812_1,,,
sub-DSAR45M02861,7791,7791_1,,,
sub-DSAR45M02862,21,21_1,sub-DSAR45M07730,0.9969,1
sub-DSAR45M02863,63,63_1,sub-DSAR45M07856,0.9976,1
sub-DSAR45M02864,364,364_1,sub-DSAR45M05479,0.9987,1
sub-DSAR45M02865,8008,8008_1,,,
sub-DSAR45M02866,4192,4192_1,,,
sub-DSAR45M02867,1241,1241_1,sub-DSAR45M07689,0.518,3
sub-DSAR45M02868,8546,8546_1,,,
sub-DSAR45M02869,6498,6498_1,,,
sub-DSAR45M02870,8322,8322_1,,,
sub-DSAR45M02871,4416,4416_1,,,
sub-DSAR45M02872,821,821_1,sub-DSAR45M01170,0.5135,2
sub-DSAR45M02873,1257,1257_1,sub-DSAR45M07085,0.4801,3
sub-DSAR45M02874,6581,6581_1,,,
sub-DSAR45M02875,1284,1284_1,sub-DSAR45M05046,0.5847,3
sub-DSAR45M02876,973,973_1,sub-DSAR45M03791,0.4708,2
sub-DSAR45M02877,331,331_1,sub-DSAR45M04632,1.0,1
sub-DSAR45M02878,916,916_1,sub-DSAR45M07567,0.4615,2
sub-DSAR45M02879,295,295_1,sub-DSAR45M06114,1.0,1
sub-DSAR45M02880,6669,6669_1,,,
sub-DSAR45M02881,7895,7895_1,,,
sub-DSAR45M02882,598,598_1,sub-DSAR45M02252,0.4648,2
sub-DSAR45M02883,6448,6448_1,,,
sub-DSAR45M02884,3560,3560_1,,,
sub-DSAR45M02885,1400,1400_2,sub-DSAR45M04046,0.5567,3
sub-DSAR45M02886,2968,2968_1,,,
sub-DSAR45M02887,7192,7192_1,,,
sub-DSAR45M02888,4188,4188_1,,,
sub-DSAR45M02889,2775,2775_1,,,
sub-DSAR45M02890,1635,1635_1,sub-DSAR45M05145,0.5565,3
sub-DSAR45M02891,885,885_1,sub-DSAR45M00823,0.4953,2
sub-DSAR45M02892,7879,7879_1,,,
sub-DSAR45M02893,1307,1307_1,sub-DSAR45M01352,0.5065,3
sub-DSAR45M02894,3456,3456_1,,,
sub-DSAR45M02895,9831,9831_1,,,
sub-DSAR45M02896,573,573_1,sub-DSAR45M00074,0.5128,2
sub-DSAR45M02897,9248,9248_1,,,
sub-DSAR45M02898,3668,3668_1,,,
sub-DSAR45M02899,3387,3387_1,,,
sub-DSAR45M02900,248,248_1,sub-DSAR45M00116,0.9994,1
sub-DSAR45M02901,2791,2791_1,,,
sub-DSAR45M02902,7943,7943_1,,,
sub-DSAR45M02903,4109,4109_1,,,
sub-DSAR45M02904,587,587_1,sub-DSAR45M05682,0.5281,2
sub-DSAR45M02905,997,997_1,sub-DSAR45M06138,0.4912,2
sub-DSAR45M02906,1171,1171_1,sub-DSAR45M00853,0.5645,3
sub-DSAR45M02907,5179,5179_1,,,
sub-DSAR45M02908,7697,7697_1,,,
sub-DSAR45M02909,6124,6124_1,,,
sub-DSAR45M02910,2761,2761_1,,,
sub-DSAR45M02911,3165,3165_1,,,
sub-DSAR45M02912,910,910_1,sub-DSAR45M09006,0.5408,2
sub-DSAR45M02913,3052,3052_1,,,
sub-DSAR45M02914,3081,3081_1,,,
sub-DSAR45M02915,1047,1047_1,sub-DSAR45M11601,0.565,2
sub-DSAR45M02916,3619,3619_1,,,
sub-DSAR45M02917,406,406_1,sub-DSAR45M08792,0.9988,1
sub-DSAR45M02918,4345,4345_1,,,
sub-DSAR45M02919,1348,1348_2,sub-DSAR45M09400,0.4936,3
sub-DSAR45M02920,8571,8571_1,,,
sub-DSAR45M02921,8718,8718_1,,,
sub-DSAR45M02922,2438,2438_1,,,
sub-DSAR45M02923,6883,6883_1,,,
sub-DSAR45M02924,2759,2759_1,,,
sub-DSAR45M02925,1977,1977_1,,,
sub-DSAR45M02926,5282,5282_1,,,
sub-DSAR45M02927,824,824_1,sub-DSAR45M00164,0.5485,2
sub-DSAR45M02928,5479,5479_1,,,
sub-DSAR45M02929,1223,1223_2,sub-DSAR45M08628,0.5159,3
sub-DSAR45M02930,3904,3904_1,,,
sub-DSAR45M02931,3368,3368_1,,,
sub-DSAR45M02932,3067,3067_1,,,
sub-DSAR45M02933,111,111_1,sub-DSAR45M08034,1.0,1
sub-DSAR45M02934,880,880_1,sub-DSAR45M00343,0.5244,2
sub-DSAR45M02935,3033,3033_1,,,
sub-DSAR45M02936,4715,4715_1,,,
sub-DSAR45M02937,5184,5184_1,,,
sub-DSAR45M02938,4458,4458_1,,,
sub-DSAR45M02939,7819,7819_1,,,
sub-DSAR45M02940,711,711_1,sub-DSAR45M10606,0.5284,2
sub-DSAR45M02941,7537,7537_1,,,
sub-DSAR45M02942,232,232_1,sub-DSAR45M06186,0.9992,1
sub-DSAR45M02943,4137,4137_1,,,
sub-DSAR45M02944,5012,5012_1,,,
sub-DSAR45M02945,9266,9266_1,,,
sub-DSAR45M02946,3285,3285_1,,,
sub-DSAR45M02947,6904,6904_1,,,
sub-DSAR45M02948,107,107_1,sub-DSAR45M01626,0.9959,1
sub-DSAR45M02949,3953,3953_1,,,
sub-DSAR45M02950,1244,1244_1,sub-DSAR45M08027,0.4418,3
sub-DSAR45M02951,5321,5321_1,,,
sub-DSAR45M02952,2539,2539_1,,,
sub-DSAR45M02953,8970,8970_1,,,
sub-DSAR45M02954,270,270_1,sub-DSAR45M07777,0.9972,1
sub-DSAR45M02955,8335,8335_1,,,
sub-DSAR45M02956,426,426_1,sub-DSAR45M03384,0.4991,2
sub-DSAR45M02957,2665,2665_1,,,
sub-DSAR45M02958,1180,1180_2,sub-DSAR45M04134,0.509,3
sub-DSAR45M02959,6805,6805_1,,,
sub-DSAR45M02960,9747,9747_1,,,
sub-DSAR45M02961,3602,3602_1,,,
sub-DSAR45M02962,4429,4429_1,,,
sub-DSAR45M02963,1659,1659_2,sub-DSAR45M04402,0.4842,3
sub-DSAR45M02964,7455,7455_1,,,
sub-DSAR45M02965,3720,3720_1,,,
sub-DSAR45M02966,540,540_1,sub-DSAR45M02353,0.5336,2
sub-DSAR45M02967,6506,6506_1,,,
sub-DSAR45M02968,3323,3323_1,,,
sub-DSAR45M02969,605,605_1,sub-DSAR45M09166,0.5333,2
sub-DSAR45M02970,9311,9311_1,,,
sub-DSAR45M02971,4049,4049_1,,,
sub-DSAR45M02972,5769,5769_1,,,
sub-DSAR45M02973,7529,7529_1,,,
sub-DSAR45M02974,1168,1168_2,sub-DSAR45M00977,0.5322,3
sub-DSAR45M02975,6141,6141_1,,,
sub-DSAR45M02976,562,562_1,sub-DSAR45M06989,0.4072,2
sub-DSAR45M02977,5341,5341_1,,,
sub-DSAR45M02978,5340,5340_1,,,
sub-DSAR45M02979,8135,8135_1,,,
sub-DSAR45M02980,9770,9770_1,,,
sub-DSAR45M02981,8834,8834_1,,,
sub-DSAR45M02982,5403,5403_1,,,
sub-DSAR45M02983,3781,3781_1,,,
sub-DSAR45M02984,3120,3120_1,,,
sub-DSAR45M02985,2862,2862_1,,,
sub-DSAR45M02986,1575,1575_2,sub-DSAR45M02519,0.5211,3
sub-DSAR45M02987,7852,7852_1,,,
sub-DSAR45M02988,3093,3093_1,,,
sub-DSAR45M02989,6687,6687_1,,,
sub-DSAR45M02990,1340,1340_1,sub-DSAR45M03101,0.4375,3
sub-DSAR45M02991,236,236_1,sub-DSAR45M04778,0.9981,1
sub-DSAR45M02992,2820,2820_1,,,
sub-DSAR45M02993,3631,3631_1,,,
sub-DSAR45M02994,254,254_1,sub-DSAR45M07049,0.9995,1
sub-DSAR45M02995,371,371_1,sub-DSAR45M08281,0.9988,1
sub-DSAR45M02996,4339,4339_1,,,
sub-DSAR45M02997,6334,6334_1,,,
sub-DSAR45M02998,5352,5352_1,,,
sub-DSAR45M02999,6252,6252_1,,,
sub-DSAR45M03000,3435,3435_1,,,
sub-DSAR45M03001,3132,3132_1,,,
sub-DSAR45M03002,4254,4254_1,,,
sub-DSAR45M03003,3404,3404_1,,,
sub-DSAR45M03004,5661,5661_1,,,
sub-DSAR45M03005,458,458_1,sub-DSAR45M05216,0.4654,2
sub-DSAR45M03006,5391,5391_1,,,
sub-DSAR45M03007,8630,8630_1,,,
sub-DSAR45M03008,5055,5055_1,,,
sub-DSAR45M03009,8508,8508_1,,,
sub-DSAR45M03010,3703,3703_1,,,
sub-DSAR45M03011,2601,2601_1,,,
sub-DSAR45M03012,6771,6771_1,,,
sub-DSAR45M03013,6024,6024_1,,,
sub-DSAR45M03014,7310,7310_1,,,
sub-DSAR45M03015,8119,8119_1,,,
sub-DSAR45M03016,374,374_1,sub-DSAR45M04432,0.9951,1
sub-DSAR45M03017,9333,9333_1,,,
sub-DSAR45M03018,7880,7880_1,,,
sub-DSAR45M03019,5113,5113_1,,,
sub-DSAR45M03020,2798,2798_1,,,
sub-DSAR45M03021,1154,1154_1,sub-DSAR45M03763,0.5202,3
sub-DSAR45M03022,7932,7932_1,,,
sub-DSAR45M03023,550,550_1,sub-DSAR45M04589,0.5277,2
sub-DSAR45M03024,313,313_1,sub-DSAR45M03538,1.0,1
sub-DSAR45M03025,9468,9468_1,,,
sub-DSAR45M03026,108,108_1,sub-DSAR45M04937,0.9991,1
sub-DSAR45M03027,3811,3811_1,,,
sub-DSAR45M03028,7154,7154_1,,,
sub-DSAR45M03029,6270,6270_1,,,
sub-DSAR45M03030,5728,5728_1,,,
sub-DSAR45M03031,9241,9241_1,,,
sub-DSAR45M03032,9617,9617_1,,,
sub-DSAR45M03033,3044,3044_1,,,
sub-DSAR45M03034,8558,8558_1,,,
sub-DSAR45M03035,4654,4654_1,,,
sub-DSAR45M03036,1574,1574_2,sub-DSAR45M10922,0.443,3
sub-DSAR45M03037,291,291_1,sub-DSAR45M09552,1.0,1
sub-DSAR45M03038,4598,4598_1,,,
sub-DSAR45M03039,6802,6802_1,,,
sub-DSAR45M03040,952,952_1,sub-DSAR45M09870,0.5459,2
sub-DSAR45M03041,3835,3835_1,,,
sub-DSAR45M03042,2103,2103_1,,,
sub-DSAR45M03043,3786,3786_1,,,
sub-DSAR45M03044,4936,4936_1,,,
sub-DSAR45M03045,221,221_1,sub-DSAR45M02595,1.0,1
sub-DSAR45M03046,4624,4624_1,,,
sub-DSAR45M03047,8357,8357_1,,,
sub-DSAR45M03048,1293,1293_1,sub-DSAR45M02397,0.4686,3
sub-DSAR45M03049,5028,5028_1,,,
sub-DSAR45M03050,1866,1866_1,,,
sub-DSAR45M03051,3069,3069_1,,,
sub-DSAR45M03052,9268,9268_1,,,
sub-DSAR45M03053,8774,8774_1,,,
sub-DSAR45M03054,9445,9445_1,,,
sub-DSAR45M03055,7801,7801_1,,,
sub-DSAR45M03056,854,854_1,sub-DSAR45M10933,0.4837,2
sub-DSAR45M03057,5919,5919_1,,,
sub-DSAR45M03058,700,700_1,sub-DSAR45M06782,0.5213,2
sub-DSAR45M03059,4089,4089_1,,,
sub-DSAR45M03060,1115,1115_1,sub-DSAR45M07325,0.5292,3
sub-DSAR45M03061,9050,9050_1,,,
sub-DSAR45M03062,3206,3206_1,,,
sub-DSAR45M03063,6240,6240_1,,,
sub-DSAR45M03064,6095,6095_1,,,
sub-DSAR45M03065,2883,2883_1,,,
sub-DSAR45M03066,1482,1482_2,sub-DSAR45M02334,0.4893,3
sub-DSAR45M03067,1622,1622_1,sub-DSAR45M02657,0.4878,3
sub-DSAR45M03068,9139,9139_1,,,
sub-DSAR45M03069,4599,4599_1,,,
sub-DSAR45M03070,506,506_1,sub-DSAR45M00016,0.4383,2
sub-DSAR45M03071,7858,7858_1,,,
sub-DSAR45M03072,4690,4690_1,,,
sub-DSAR45M03073,1408,1408_2,sub-DSAR45M09900,0.4972,3
sub-DSAR45M03074,495,495_1,sub-DSAR45M01828,0.4266,2
sub-DSAR45M03075,8964,8964_1,,,
sub-DSAR45M03076,8915,8915_1,,,
sub-DSAR45M03077,9546,9546_1,,,
sub-DSAR45M03078,7145,7145_1,,,
sub-DSAR45M03079,7513,7513_1,,,
sub-DSAR45M03080,555,555_1,sub-DSAR45M04787,0.5154,2
sub-DSAR45M03081,191,191_1,sub-DSAR45M09581,0.9974,1
sub-DSAR45M03082,714,714_1,sub-DSAR45M02388,0.4741,2
sub-DSAR45M03083,1083,1083_1,sub-DSAR45M06158,0.4969,3
sub-DSAR45M03084,6175,6175_1,,,
sub-DSAR45M03085,3469,3469_1,,,
sub-DSAR45M03086,2573,2573_1,,,
sub-DSAR45M03087,7912,7912_1,,,
sub-DSAR45M03088,2605,2605_1,,,
sub-DSAR45M03089,5110,5110_1,,,
sub-DSAR45M03090,9063,9063_1,,,
sub-DSAR45M03091,6639,6639_1,,,
sub-DSAR45M03092,5909,5909_1,,,
sub-DSAR45M03093,6603,6603_1,,,
sub-DSAR45M03094,4872,4872_1,,,
sub-DSAR45M03095,2905,2905_1,,,
sub-DSAR45M03096,7656,7656_1,,,
sub-DSAR45M03097,470,470_1,sub-DSAR45M09798,0.5427,2
sub-DSAR45M03098,9017,9017_1,,,
sub-DSAR45M03099,2464,2464_1,,,
sub-DSAR45M03100,3240,3240_1,,,
sub-DSAR45M03101,1340,1340_2,sub-DSAR45M02990,0.4375,3
sub-DSAR45M03102,1621,1621_1,sub-DSAR45M07922,0.4604,3
sub-DSAR45M03103,5734,5734_1,,,
sub-DSAR45M03104,4213,4213_1,,,
sub-DSAR45M03105,65,65_1,sub-DSAR45M02053,0.9988,1
sub-DSAR45M03106,47,47_1,sub-DSAR45M05059,0.9971,1
sub-DSAR45M03107,5477,5477_1,,,
sub-DSAR45M03108,2646,2646_1,,,
sub-DSAR45M03109,6873,6873_1,,,
sub-DSAR45M03110,206,206_1,sub-DSAR45M09692,0.9972,1
sub-DSAR45M03111,9482,9482_1,,,
sub-DSAR45M03112,4761,4761_1,,,
sub-DSAR45M03113,7434,7434_1,,,
sub-DSAR45M03114,90,90_1,sub-DSAR45M00589,1.0,1
sub-DSAR45M03115,1106,1106_1,sub-DSAR45M06557,0.4839,3
sub-DSAR45M03116,1237,1237_1,sub-DSAR45M00866,0.5781,3
sub-DSAR45M03117,513,513_1,sub-DSAR45M04846,0.4488,2
sub-DSAR45M03118,144,144_1,sub-DSAR45M01730,0.9968,1
sub-DSAR45M03119,400,400_1,sub-DSAR45M01567,0.999,1
sub-DSAR45M03120,650,650_1,sub-DSAR45M09414,0.5071,2
sub-DSAR45M03121,4159,4159_1,,,
sub-DSAR45M03122,608,608_1,sub-DSAR45M11444,0.5179,2
sub-DSAR45M03123,1924,1924_1,,,
sub-DSAR45M03124,9323,9323_1,,,
sub-DSAR45M03125,14,14_1,sub-DSAR45M01878,0.9957,1
sub-DSAR45M03126,9153,9153_1,,,
sub-DSAR45M03127,701,701_1,sub-DSAR45M08781,0.4353,2
sub-DSAR45M03128,3742,3742_1,,,
sub-DSAR45M03129,1650,1650_2,sub-DSAR45M03761,0.5022,3
sub-DSAR45M03130,2316,2316_1,,,
sub-DSAR45M03131,9802,9802_1,,,
sub-DSAR45M03132,595,595_1,sub-DSAR45M11030,0.581,2
sub-DSAR45M03133,943,943_1,sub-DSAR45M02687,0.5139,2
sub-DSAR45M03134,1370,1370_2,sub-DSAR45M09985,0.5879,3
sub-DSAR45M03135,7939,7939_1,,,
sub-DSAR45M03136,2816,2816_1,,,
sub-DSAR45M03137,6479,6479_1,,,
sub-DSAR45M03138,7332,7332_1,,,
sub-DSAR45M03139,6466,6466_1,,,
sub-DSAR45M03140,5423,5423_1,,,
sub-DSAR45M03141,3603,3603_1,,,
sub-DSAR45M03142,6996,6996_1,,,
sub-DSAR45M03143,1422,1422_1,sub-DSAR45M11494,0.5817,3
sub-DSAR45M03144,1079,1079_1,sub-DSAR45M01298,0.5405,3
sub-DSAR45M03145,4012,4012_1,,,
sub-DSAR45M03146,4669,4669_1,,,
sub-DSAR45M03147,8191,8191_1,,,
sub-DSAR45M03148,8909,8909_1,,,
sub-DSAR45M03149,7787,7787_1,,,
sub-DSAR45M03150,3980,3980_1,,,
sub-DSAR45M03151,9689,9689_1,,,
sub-DSAR45M03152,971,971_1,sub-DSAR45M05338,0.4904,2
sub-DSAR45M03153,5005,5005_1,,,
sub-DSAR45M03154,1403,1403_2,sub-DSAR45M01033,0.5435,3
sub-DSAR45M03155,9644,9644_1,,,
sub-DSAR45M03156,5795,5795_1,,,
sub-DSAR45M03157,5433,5433_1,,,
sub-DSAR45M03158,4556,4556_1,,,
sub-DSAR45M03159,103,103_1,sub-DSAR45M01114,1.0,1
sub-DSAR45M03160,914,914_1,sub-DSAR45M01928,0.5135,2
sub-DSAR45M03161,8067,8067_1,,,
sub-DSAR45M03162,3562,3562_1,,,
sub-DSAR45M03163,6755,6755_1,,,
sub-DSAR45M03164,1973,1973_1,,,
sub-DSAR45M03165,6533,6533_1,,,
sub-DSAR45M03166,7205,7205_1,,,
sub-DSAR45M03167,7977,7977_1,,,
sub-DSAR45M03168,8383,8383_1,,,
sub-DSAR45M03169,7543,7543_1,,,
sub-DSAR45M03170,3546,3546_1,,,
sub-DSAR45M03171,1118,1118_2,sub-DSAR45M03321,0.4291,3
sub-DSAR45M03172,414,414_1,sub-DSAR45M10317,0.9971,1
sub-DSAR45M03173,2453,2453_1,,,
sub-DSAR45M03174,664,664_1,sub-DSAR45M06619,0.4889,2
sub-DSAR45M03175,9815,9815_1,,,
sub-DSAR45M03176,8968,8968_1,,,
sub-DSAR45M03177,3346,3346_1,,,
sub-DSAR45M03178,9423,9423_1,,,
sub-DSAR45M03179,734,734_1,sub-DSAR45M06553,0.4393,2
sub-DSAR45M03180,9270,9270_1,,,
sub-DSAR45M03181,4237,4237_1,,,
sub-DSAR45M03182,4155,4155_1,,,
sub-DSAR45M03183,4402,4402_1,,,
sub-DSAR45M03184,8036,8036_1,,,
sub-DSAR45M03185,5323,5323_1,,,
sub-DSAR45M03186,3200,3200_1,,,
sub-DSAR45M03187,6865,6865_1,,,
sub-DSAR45M03188,4923,4923_1,,,
sub-DSAR45M03189,8287,8287_1,,,
sub-DSAR45M03190,1530,1530_1,sub-DSAR45M09056,0.5034,3
sub-DSAR45M03191,158,158_1,sub-DSAR45M08607,0.9982,1
sub-DSAR45M03192,3146,3146_1,,,
sub-DSAR45M03193,8363,8363_1,,,
sub-DSAR45M03194,6099,6099_1,,,
sub-DSAR45M03195,4166,4166_1,,,
sub-DSAR45M03196,219,219_1,sub-DSAR45M09436,0.9959,1
sub-DSAR45M03197,6165,6165_1,,,
sub-DSAR45M03198,5719,5719_1,,,
sub-DSAR45M03199,7619,7619_1,,,
sub-DSAR45M03200,8258,8258_1,,,
sub-DSAR45M03201,7381,7381_1,,,
sub-DSAR45M03202,358,358_1,sub-DSAR45M04398,0.9983,1
sub-DSAR45M03203,7387,7387_1,,,
sub-DSAR45M03204,9413,9413_1,,,
sub-DSAR45M03205,8785,8785_1,,,
sub-DSAR45M03206,1243,1243_1,sub-DSAR45M08078,0.4378,3
sub-DSAR45M03207,237,237_1,sub-DSAR45M09118,0.9981,1
sub-DSAR45M03208,9663,9663_1,,,
sub-DSAR45M03209,1589,1589_2,sub-DSAR45M01649,0.4303,3
sub-DSAR45M03210,8370,8370_1,,,
sub-DSAR45M03211,1932,1932_1,,,
sub-DSAR45M03212,828,828_1,sub-DSAR45M04502,0.5245,2
sub-DSAR45M03213,8213,8213_1,,,
sub-DSAR45M03214,9220,9220_1,,,
sub-DSAR45M03215,7,7_1,sub-DSAR45M04443,0.9998,1
sub-DSAR45M03216,6426,6426_1,,,
sub-DSAR45M03217,322,322_1,sub-DSAR45M04616,1.0,1
sub-DSAR45M03218,9636,9636_1,,,
sub-DSAR45M03219,2976,2976_1,,,
sub-DSAR45M03220,6405,6405_1,,,
sub-DSAR45M03221,662,662_1,sub-DSAR45M07484,0.5047,2
sub-DSAR45M03222,4262,4262_1,,,
sub-DSAR45M03223,1533,1533_2,sub-DSAR45M01266,0.5158,3
sub-DSAR45M03224,5854,5854_1,,,
sub-DSAR45M03225,932,932_1,sub-DSAR45M09591,0.4963,2
sub-DSAR45M03226,230,230_1,sub-DSAR45M00865,0.9998,1
sub-DSAR45M03227,404,404_1,sub-DSAR45M05508,0.9991,1
sub-DSAR45M03228,3992,3992_1,,,
sub-DSAR45M03229,3062,3062_1,,,
sub-DSAR45M03230,9199,9199_1,,,
sub-DSAR45M03231,2643,2643_1,,,
sub-DSAR45M03232,4689,4689_1,,,
sub-DSAR45M03233,9788,9788_1,,,
sub-DSAR45M03234,680,680_1,sub-DSAR45M06830,0.4663,2
sub-DSAR45M03235,2402,2402_1,,,
sub-DSAR45M03236,1320,1320_1,sub-DSAR45M09394,0.4252,3
sub-DSAR45M03237,4347,4347_1,,,
sub-DSAR45M03238,3271,3271_1,,,
sub-DSAR45M03239,3926,3926_1,,,
sub-DSAR45M03240,3589,3589_1,,,
sub-DSAR45M03241,8786,8786_1,,,
sub-DSAR45M03242,8866,8866_1,,,
sub-DSAR45M03243,7638,7638_1,,,
sub-DSAR45M03244,9254,9254_1,,,
sub-DSAR45M03245,4118,4118_1,,,
sub-DSAR45M03246,5704,5704_1,,,
sub-DSAR45M03247,5231,5231_1,,,
sub-DSAR45M03248,631,631_1,sub-DSAR45M09734,0.517,2
sub-DSAR45M03249,1754,1754_2,sub-DSAR45M03264,0.4569,3
sub-DSAR45M03250,7568,7568_1,,,
sub-DSAR45M03251,856,856_1,sub-DSAR45M04120,0.5365,2
sub-DSAR45M03252,8644,8644_1,,,
sub-DSAR45M03253,1558,1558_1,sub-DSAR45M10574,0.4383,3
sub-DSAR45M03254,1218,1218_1,sub-DSAR45M04564,0.5131,3
sub-DSAR45M03255,7210,7210_1,,,
sub-DSAR45M03256,239,239_1,sub-DSAR45M09231,0.9982,1
sub-DSAR45M03257,2259,2259_1,,,
sub-DSAR45M03258,8945,8945_1,,,
sub-DSAR45M03259,2681,2681_1,,,
sub-DSAR45M03260,1144,1144_1,sub-DSAR45M06211,0.5554,3
sub-DSAR45M03261,4694,4694_1,,,
sub-DSAR45M03262,3477,3477_1,,,
sub-DSAR45M03263,9814,9814_1,,,
sub-DSAR45M03264,1754,1754_1,sub-DSAR45M03249,0.4569,3
sub-DSAR45M03265,9238,9238_1,,,
sub-DSAR45M03266,4539,4539_1,,,
sub-DSAR45M03267,1694,1694_2,sub-DSAR45M01038,0.5112,3
sub-DSAR45M03268,9589,9589_1,,,
sub-DSAR45M03269,6960,6960_1,,,
sub-DSAR45M03270,5405,5405_1,,,
sub-DSAR45M03271,145,145_1,sub-DSAR45M06404,0.998,1
sub-DSAR45M03272,7438,7438_1,,,
sub-DSAR45M03273,289,289_1,sub-DSAR45M03914,0.9983,1
sub-DSAR45M03274,1614,1614_2,sub-DSAR45M01142,0.572,3
sub-DSAR45M03275,1877,1877_1,,,
sub-DSAR45M03276,1384,1384_2,sub-DSAR45M10905,0.5746,3
sub-DSAR45M03277,1758,1758_1,sub-DSAR45M06615,0.51,3
sub-DSAR45M03278,9781,9781_1,,,
sub-DSAR45M03279,3420,3420_1,,,
sub-DSAR45M03280,8416,8416_1,,,
sub-DSAR45M03281,266,266_1,sub-DSAR45M11153,0.9985,1
sub-DSAR45M03282,723,723_1,sub-DSAR45M06224,0.4876,2
sub-DSAR45M03283,8253,8253_1,,,
sub-DSAR45M03284,4635,4635_1,,,
sub-DSAR45M03285,8129,8129_1,,,
sub-DSAR45M03286,5793,5793_1,,,
sub-DSAR45M03287,3395,3395_1,,,
sub-DSAR45M03288,1004,1004_1,sub-DSAR45M02091,0.4827,2
sub-DSAR45M03289,4559,4559_1,,,
sub-DSAR45M03290,6082,6082_1,,,
sub-DSAR45M03291,6033,6033_1,,,
sub-DSAR45M03292,312,312_1,sub-DSAR45M09119,0.9963,1
sub-DSAR45M03293,9054,9054_1,,,
sub-DSAR45M03294,9160,9160_1,,,
sub-DSAR45M03295,1496,1496_2,sub-DSAR45M05928,0.4493,3
sub-DSAR45M03296,296,296_1,sub-DSAR45M09745,1.0,1
sub-DSAR45M03297,456,456_1,sub-DSAR45M09273,0.5488,2
sub-DSAR45M03298,3843,3843_1,,,
sub-DSAR45M03299,9722,9722_1,,,
sub-DSAR45M03300,5257,5257_1,,,
sub-DSAR45M03301,5781,5781_1,,,
sub-DSAR45M03302,8151,8151_1,,,
sub-DSAR45M03303,6747,6747_1,,,
sub-DSAR45M03304,3101,3101_1,,,
sub-DSAR45M03305,7908,7908_1,,,
sub-DSAR45M03306,375,375_1,sub-DSAR45M00935,0.9995,1
sub-DSAR45M03307,4081,4081_1,,,
sub-DSAR45M03308,6345,6345_1,,,
sub-DSAR45M03309,433,433_1,sub-DSAR45M09029,0.5032,2
sub-DSAR45M03310,415,415_1,sub-DSAR45M02417,1.0,1
sub-DSAR45M03311,5441,5441_1,,,
sub-DSAR45M03312,7894,7894_1,,,
sub-DSAR45M03313,1822,1822_1,sub-DSAR45M03676,0.4872,3
sub-DSAR45M03314,8175,8175_1,,,
sub-DSAR45M03315,2211,2211_1,,,
sub-DSAR45M03316,9295,9295_1,,,
sub-DSAR45M03317,5886,5886_1,,,
sub-DSAR45M03318,2587,2587_1,,,
sub-DSAR45M03319,1399,1399_1,sub-DSAR45M06058,0.5106,3
sub-DSAR45M03320,8118,8118_1,,,
sub-DSAR45M03321,1118,1118_1,sub-DSAR45M03171,0.4291,3
sub-DSAR45M03322,1055,1055_1,sub-DSAR45M04512,0.5496,2
sub-DSAR45M03323,5939,5939_1,,,
sub-DSAR45M03324,3694,3694_1,,,
sub-DSAR45M03325,2996,2996_1,,,
sub-DSAR45M03326,8824,8824_1,,,
sub-DSAR45M03327,919,919_1,sub-DSAR45M02151,0.4599,2
sub-DSAR45M03328,7724,7724_1,,,
sub-DSAR45M03329,5690,5690_1,,,
sub-DSAR45M03330,5102,5102_1,,,
sub-DSAR45M03331,1045,1045_1,sub-DSAR45M00448,0.5473,2
sub-DSAR45M03332,9021,9021_1,,,
sub-DSAR45M03333,8666,8666_1,,,
sub-DSAR45M03334,6286,6286_1,,,
sub-DSAR45M03335,1987,1987_1,,,
sub-DSAR45M03336,7970,7970_1,,,
sub-DSAR45M03337,1326,1326_1,sub-DSAR45M04527,0.5222,3
sub-DSAR45M03338,8186,8186_1,,,
sub-DSAR45M03339,5983,5983_1,,,
sub-DSAR45M03340,2614,2614_1,,,
sub-DSAR45M03341,797,797_1,sub-DSAR45M01578,0.4451,2
sub-DSAR45M03342,5288,5288_1,,,
sub-DSAR45M03343,7540,7540_1,,,
sub-DSAR45M03344,304,304_1,sub-DSAR45M10720,0.9967,1
sub-DSAR45M03345,777,777_1,sub-DSAR45M07349,0.4646,2
sub-DSAR45M03346,79,79_1,sub-DSAR45M08243,0.999,1
sub-DSAR45M03347,7535,7535_1,,,
sub-DSAR45M03348,4008,4008_1,,,
sub-DSAR45M03349,234,234_1,sub-DSAR45M09444,1.0,1
sub-DSAR45M03350,379,379_1,sub-DSAR45M01063,0.9992,1
sub-DSAR45M03351,5976,5976_1,,,
sub-DSAR45M03352,8937,8937_1,,,
sub-DSAR45M03353,8297,8297_1,,,
sub-DSAR45M03354,8688,8688_1,,,
sub-DSAR45M03355,2178,2178_1,,,
sub-DSAR45M03356,2857,2857_1,,,
sub-DSAR45M03357,4233,4233_1,,,
sub-DSAR45M03358,6424,6424_1,,,
sub-DSAR45M03359,4515,4515_1,,,
sub-DSAR45M03360,6556,6556_1,,,
sub-DSAR45M03361,5203,5203_1,,,
sub-DSAR45M03362,752,752_1,sub-DSAR45M00839,0.5544,2
sub-DSAR45M03363,3223,3223_1,,,
sub-DSAR45M03364,3343,3343_1,,,
sub-DSAR45M03365,774,774_1,sub-DSAR45M09825,0.5164,2
sub-DSAR45M03366,7272,7272_1,,,
sub-DSAR45M03367,1291,1291_2,sub-DSAR45M04643,0.542,3
sub-DSAR45M03368,4727,4727_1,,,
sub-DSAR45M03369,3913,3913_1,,,
sub-DSAR45M03370,1252,1252_2,sub-DSAR45M09594,0.5896,3
sub-DSAR45M03371,5994,5994_1,,,
sub-DSAR45M03372,9222,9222_1,,,
sub-DSAR45M03373,6509,6509_1,,,
sub-DSAR45M03374,6574,6574_1,,,
sub-DSAR45M03375,1536,1536_1,sub-DSAR45M05311,0.4435,3
sub-DSAR45M03376,2426,2426_1,,,
sub-DSAR45M03377,3318,3318_1,,,
sub-DSAR45M03378,4789,4789_1,,,
sub-DSAR45M03379,410,410_1,sub-DSAR45M00147,0.9976,1
sub-DSAR45M03380,3746,3746_1,,,
sub-DSAR45M03381,1637,1637_1,sub-DSAR45M00726,0.5741,3
sub-DSAR45M03382,1491,1491_1,sub-DSAR45M01380,0.5892,3
sub-DSAR45M03383,911,911_1,sub-DSAR45M02350,0.4876,2
sub-DSAR45M03384,426,426_1,sub-DSAR45M02956,0.4991,2
sub-DSAR45M03385,497,497_1,sub-DSAR45M08998,0.4677,2
sub-DSAR45M03386,7067,7067_1,,,
sub-DSAR45M03387,8217,8217_1,,,
sub-DSAR45M03388,5873,5873_1,,,
sub-DSAR45M03389,6157,6157_1,,,
sub-DSAR45M03390,6741,6741_1,,,
sub-DSAR45M03391,8100,8100_1,,,
sub-DSAR45M03392,6336,6336_1,,,
sub-DSAR45M03393,2886,2886_1,,,
sub-DSAR45M03394,455,455_1,sub-DSAR45M02772,0.4997,2
sub-DSAR45M03395,1089,1089_2,sub-DSAR45M10949,0.4595,3
sub-DSAR45M03396,652,652_1,sub-DSAR45M08543,0.5283,2
sub-DSAR45M03397,1049,1049_1,sub-DSAR45M00193,0.5327,2
sub-DSAR45M03398,2766,2766_1,,,
sub-DSAR45M03399,5958,5958_1,,,
sub-DSAR45M03400,4269,4269_1,,,
sub-DSAR45M03401,6538,6538_1,,,
sub-DSAR45M03402,1847,1847_1,,,
sub-DSAR45M03403,2867,2867_1,,,
sub-DSAR45M03404,96,96_1,sub-DSAR45M01179,0.9975,1
sub-DSAR45M03405,2878,2878_1,,,
sub-DSAR45M03406,6637,6637_1,,,
sub-DSAR45M03407,3116,3116_1,,,
sub-DSAR45M03408,389,389_1,sub-DSAR45M11555,0.9975,1
sub-DSAR45M03409,5408,5408_1,,,
sub-DSAR45M03410,8343,8343_1,,,
sub-DSAR45M03411,6268,6268_1,,,
sub-DSAR45M03412,3722,3722_1,,,
sub-DSAR45M03413,1914,1914_1,,,
sub-DSAR45M03414,9422,9422_1,,,
sub-DSAR45M03415,2945,2945_1,,,
sub-DSAR45M03416,3275,3275_1,,,
sub-DSAR45M03417,3108,3108_1,,,
sub-DSAR45M03418,3817,3817_1,,,
sub-DSAR45M03419,1075,1075_2,sub-DSAR45M07804,0.5533,3
sub-DSAR45M03420,9302,9302_1,,,
sub-DSAR45M03421,4709,4709_1,,,
sub-DSAR45M03422,4991,4991_1,,,
sub-DSAR45M03423,581,581_1,sub-DSAR45M00718,0.3992,2
sub-DSAR45M03424,7463,7463_1,,,
sub-DSAR45M03425,4430,4430_1,,,
sub-DSAR45M03426,4261,4261_1,,,
sub-DSAR45M03427,933,933_1,sub-DSAR45M10960,0.395,2
sub-DSAR45M03428,4869,4869_1,,,
sub-DSAR45M03429,9610,9610_1,,,
sub-DSAR45M03430,784,784_1,sub-DSAR45M07933,0.5562,2
sub-DSAR45M03431,2097,2097_1,,,
sub-DSAR45M03432,6245,6245_1,,,
sub-DSAR45M03433,7964,7964_1,,,
sub-DSAR45M03434,1988,1988_1,,,
sub-DSAR45M03435,3455,3455_1,,,
sub-DSAR45M03436,4586,4586_1,,,
sub-DSAR45M03437,171,171_1,sub-DSAR45M03717,0.9986,1
sub-DSAR45M03438,7826,7826_1,,,
sub-DSAR45M03439,163,163_1,sub-DSAR45M02154,0.9982,1
sub-DSAR45M03440,3884,3884_1,,,
sub-DSAR45M03441,4585,4585_1,,,
sub-DSAR45M03442,5530,5530_1,,,
sub-DSAR45M03443,5379,5379_1,,,
sub-DSAR45M03444,2361,2361_1,,,
sub-DSAR45M03445,488,488_1,sub-DSAR45M07191,0.5152,2
sub-DSAR45M03446,6,6_1,sub-DSAR45M00951,0.9946,1
sub-DSAR45M03447,1945,1945_1,,,
sub-DSAR45M03448,5750,5750_1,,,
sub-DSAR45M03449,4564,4564_1,,,
sub-DSAR45M03450,127,127_1,sub-DSAR45M04107,0.9973,1
sub-DSAR45M03451,5576,5576_1,,,
sub-DSAR45M03452,7825,7825_1,,,
sub-DSAR45M03453,5597,5597_1,,,
sub-DSAR45M03454,8218,8218_1,,,
sub-DSAR45M03455,6442,6442_1,,,
sub-DSAR45M03456,7846,7846_1,,,
sub-DSAR45M03457,7867,7867_1,,,
sub-DSAR45M03458,8591,8591_1,,,
sub-DSAR45M03459,1419,1419_2,sub-DSAR45M03941,0.4974,3
sub-DSAR45M03460,975,975_1,sub-DSAR45M02246,0.5338,2
sub-DSAR45M03461,6668,6668_1,,,
sub-DSAR45M03462,1927,1927_1,,,
sub-DSAR45M03463,1456,1456_2,sub-DSAR45M06746,0.4887,3
sub-DSAR45M03464,7128,7128_1,,,
sub-DSAR45M03465,1067,1067_1,sub-DSAR45M03822,0.5319,3
sub-DSAR45M03466,7051,7051_1,,,
sub-DSAR45M03467,1134,1134_2,sub-DSAR45M07914,0.4798,3
sub-DSAR45M03468,804,804_1,sub-DSAR45M07407,0.5286,2
sub-DSAR45M03469,8949,8949_1,,,
sub-DSAR45M03470,895,895_1,sub-DSAR45M06210,0.5027,2
sub-DSAR45M03471,4183,4183_1,,,
sub-DSAR45M03472,8014,8014_1,,,
sub-DSAR45M03473,7812,7812_1,,,
sub-DSAR45M03474,2946,2946_1,,,
sub-DSAR45M03475,4297,4297_1,,,
sub-DSAR45M03476,8695,8695_1,,,
sub-DSAR45M03477,1471,1471_2,sub-DSAR45M02162,0.4805,3
sub-DSAR45M03478,164,164_1,sub-DSAR45M05906,0.9955,1
sub-DSAR45M03479,3231,3231_1,,,
sub-DSAR45M03480,8477,8477_1,,,
sub-DSAR45M03481,57,57_1,sub-DSAR45M04586,0.999,1
sub-DSAR45M03482,614,614_1,sub-DSAR45M08883,0.559,2
sub-DSAR45M03483,8379,8379_1,,,
sub-DSAR45M03484,8741,8741_1,,,
sub-DSAR45M03485,6201,6201_1,,,
sub-DSAR45M03486,3172,3172_1,,,
sub-DSAR45M03487,5565,5565_1,,,
sub-DSAR45M03488,3648,3648_1,,,
sub-DSAR45M03489,6982,6982_1,,,
sub-DSAR45M03490,8220,8220_1,,,
sub-DSAR45M03491,1719,1719_2,sub-DSAR45M10841,0.511,3
sub-DSAR45M03492,7368,7368_1,,,
sub-DSAR45M03493,545,545_1,sub-DSAR45M05038,0.4475,2
sub-DSAR45M03494,7507,7507_1,,,
sub-DSAR45M03495,493,493_1,sub-DSAR45M10683,0.5115,2
sub-DSAR45M03496,2701,2701_1,,,
sub-DSAR45M03497,3005,3005_1,,,
sub-DSAR45M03498,8034,8034_1,,,
sub-DSAR45M03499,5802,5802_1,,,
sub-DSAR45M03500,6121,6121_1,,,
sub-DSAR45M03501,4490,4490_1,,,
sub-DSAR45M03502,6761,6761_1,,,
sub-DSAR45M03503,1546,1546_1,sub-DSAR45M10834,0.5593,3
sub-DSAR45M03504,7478,7478_1,,,
sub-DSAR45M03505,7883,7883_1,,,
sub-DSAR45M03506,3491,3491_1,,,
sub-DSAR45M03507,7980,7980_1,,,
sub-DSAR45M03508,611,611_1,sub-DSAR45M02412,0.5582,2
sub-DSAR45M03509,4986,4986_1,,,
sub-DSAR45M03510,417,417_1,sub-DSAR45M03650,0.9992,1
sub-DSAR45M03511,1158,1158_1,sub-DSAR45M11412,0.4092,3
sub-DSAR45M03512,6147,6147_1,,,
sub-DSAR45M03513,2451,2451_1,,,
sub-DSAR45M03514,7183,7183_1,,,
sub-DSAR45M03515,1051,1051_1,sub-DSAR45M06440,0.564,2
sub-DSAR45M03516,5711,5711_1,,,
sub-DSAR45M03517,542,542_1,sub-DSAR45M03576,0.4385,2
sub-DSAR45M03518,813,813_1,sub-DSAR45M10982,0.4998,2
sub-DSAR45M03519,464,464_1,sub-DSAR45M05489,0.5021,2
sub-DSAR45M03520,939,939_1,sub-DSAR45M03934,0.6121,2
sub-DSAR45M03521,1489,1489_1,sub-DSAR45M04707,0.4413,3
sub-DSAR45M03522,1819,1819_2,sub-DSAR45M10691,0.5221,3
sub-DSAR45M03523,5723,5723_1,,,
sub-DSAR45M03524,3947,3947_1,,,
sub-DSAR45M03525,6427,6427_1,,,
sub-DSAR45M03526,8987,8987_1,,,
sub-DSAR45M03527,3903,3903_1,,,
sub-DSAR45M03528,9267,9267_1,,,
sub-DSAR45M03529,492,492_1,sub-DSAR45M01825,0.4765,2
sub-DSAR45M03530,2101,2101_1,,,
sub-DSAR45M03531,543,543_1,sub-DSAR45M10261,0.5245,2
sub-DSAR45M03532,4382,4382_1,,,
sub-DSAR45M03533,2924,2924_1,,,
sub-DSAR45M03534,2234,2234_1,,,
sub-DSAR45M03535,2433,2433_1,,,
sub-DSAR45M03536,3831,3831_1,,,
sub-DSAR45M03537,149,149_1,sub-DSAR45M10270,0.9969,1
sub-DSAR45M03538,313,313_1,sub-DSAR45M03024,1.0,1
sub-DSAR45M03539,8309,8309_1,,,
sub-DSAR45M03540,1124,1124_1,sub-DSAR45M07334,0.4466,3
sub-DSAR45M03541,2221,2221_1,,,
sub-DSAR45M03542,1050,1050_1,sub-DSAR45M10087,0.5019,2
sub-DSAR45M03543,7209,7209_1,,,
sub-DSAR45M03544,5695,5695_1,,,
sub-DSAR45M03545,1591,1591_1,sub-DSAR45M04940,0.5681,3
sub-DSAR45M03546,4978,4978_1,,,
sub-DSAR45M03547,5075,5075_1,,,
sub-DSAR45M03548,3906,3906_1,,,
sub-DSAR45M03549,9164,9164_1,,,
sub-DSAR45M03550,1455,1455_2,sub-DSAR45M05366,0.4799,3
sub-DSAR45M03551,6256,6256_1,,,
sub-DSAR45M03552,1261,1261_2,sub-DSAR45M09899,0.4812,3
sub-DSAR45M03553,2702,2702_1,,,
sub-DSAR45M03554,6057,6057_1,,,
sub-DSAR45M03555,5139,5139_1,,,
sub-DSAR45M03556,779,779_1,sub-DSAR45M06793,0.5039,2
sub-DSAR45M03557,673,673_1,sub-DSAR45M08015,0.4875,2
sub-DSAR45M03558,9444,9444_1,,,
sub-DSAR45M03559,1172,1172_2,sub-DSAR45M11283,0.4479,3
sub-DSAR45M03560,8982,8982_1,,,
sub-DSAR45M03561,3667,3667_1,,,
sub-DSAR45M03562,4716,4716_1,,,
sub-DSAR45M03563,1012,1012_1,sub-DSAR45M10626,0.4969,2
sub-DSAR45M03564,519,519_1,sub-DSAR45M11586,0.5538,2
sub-DSAR45M03565,6486,6486_1,,,
sub-DSAR45M03566,3022,3022_1,,,
sub-DSAR45M03567,2439,2439_1,,,
sub-DSAR45M03568,2083,2083_1,,,
sub-DSAR45M03569,970,970_1,sub-DSAR45M02848,0.5395,2
sub-DSAR45M03570,278,278_1,sub-DSAR45M08004,0.9958,1
sub-DSAR45M03571,1432,1432_1,sub-DSAR45M08111,0.5537,3
sub-DSAR45M03572,3792,3792_1,,,
sub-DSAR45M03573,6769,6769_1,,,
sub-DSAR45M03574,6282,6282_1,,,
sub-DSAR45M03575,3530,3530_1,,,
sub-DSAR45M03576,542,542_1,sub-DSAR45M03517,0.4385,2
sub-DSAR45M03577,8316,8316_1,,,
sub-DSAR45M03578,9665,9665_1,,,
sub-DSAR45M03579,7483,7483_1,,,
sub-DSAR45M03580,1031,1031_1,sub-DSAR45M02469,0.4694,2
sub-DSAR45M03581,9124,9124_1,,,
sub-DSAR45M03582,9176,9176_1,,,
sub-DSAR45M03583,167,167_1,sub-DSAR45M07482,1.0,1
sub-DSAR45M03584,1453,1453_1,sub-DSAR45M02518,0.5007,3
sub-DSAR45M03585,6522,6522_1,,,
sub-DSAR45M03586,713,713_1,sub-DSAR45M11064,0.4404,2
sub-DSAR45M03587,4110,4110_1,,,
sub-DSAR45M03588,8327,8327_1,,,
sub-DSAR45M03589,3507,3507_1,,,
sub-DSAR45M03590,4728,4728_1,,,
sub-DSAR45M03591,408,408_1,sub-DSAR45M00731,1.0,1
sub-DSAR45M03592,6188,6188_1,,,
sub-DSAR45M03593,3979,3979_1,,,
sub-DSAR45M03594,8792,8792_1,,,
sub-DSAR45M03595,77,77_1,sub-DSAR45M06010,0.9984,1
sub-DSAR45M03596,4408,4408_1,,,
sub-DSAR45M03597,643,643_1,sub-DSAR45M07031,0.4775,2
sub-DSAR45M03598,2147,2147_1,,,
sub-DSAR45M03599,3050,3050_1,,,
sub-DSAR45M03600,3946,3946_1,,,
sub-DSAR45M03601,7827,7827_1,,,
sub-DSAR45M03602,521,521_1,sub-DSAR45M03738,0.4253,2
sub-DSAR45M03603,7276,7276_1,,,
sub-DSAR45M03604,9325,9325_1,,,
sub-DSAR45M03605,4420,4420_1,,,
sub-DSAR45M03606,229,229_1,sub-DSAR45M05664,0.9998,1
sub-DSAR45M03607,2268,2268_1,,,
sub-DSAR45M03608,630,630_1,sub-DSAR45M00962,0.5039,2
sub-DSAR45M03609,1429,1429_2,sub-DSAR45M10407,0.5233,3
sub-DSAR45M03610,4240,4240_1,,,
sub-DSAR45M03611,8394,8394_1,,,
sub-DSAR45M03612,9247,9247_1,,,
sub-DSAR45M03613,3281,3281_1,,,
sub-DSAR45M03614,5311,5311_1,,,
sub-DSAR45M03615,1757,1757_1,sub-DSAR45M05312,0.5075,3
sub-DSAR45M03616,425,425_1,sub-DSAR45M05218,0.5022,2
sub-DSAR45M03617,9046,9046_1,,,
sub-DSAR45M03618,1334,1334_2,sub-DSAR45M09159,0.509,3
sub-DSAR45M03619,7320,7320_1,,,
sub-DSAR45M03620,3647,3647_1,,,
sub-DSAR45M03621,3092,3092_1,,,
sub-DSAR45M03622,3155,3155_1,,,
sub-DSAR45M03623,1841,1841_1,,,
sub-DSAR45M03624,5018,5018_1,,,
sub-DSAR45M03625,3762,3762_1,,,
sub-DSAR45M03626,157,157_1,sub-DSAR45M02400,0.9974,1
sub-DSAR45M03627,9111,9111_1,,,
sub-DSAR45M03628,7915,7915_1,,,
sub-DSAR45M03629,1378,1378_1,sub-DSAR45M10459,0.4702,3
sub-DSAR45M03630,8531,8531_1,,,
sub-DSAR45M03631,2868,2868_1,,,
sub-DSAR45M03632,5434,5434_1,,,
sub-DSAR45M03633,1358,1358_1,sub-DSAR45M09210,0.539,3
sub-DSAR45M03634,8956,8956_1,,,
sub-DSAR45M03635,6723,6723_1,,,
sub-DSAR45M03636,7479,7479_1,,,
sub-DSAR45M03637,6841,6841_1,,,
sub-DSAR45M03638,2228,2228_1,,,
sub-DSAR45M03639,1096,1096_1,sub-DSAR45M00137,0.5216,3
sub-DSAR45M03640,728,728_1,sub-DSAR45M10151,0.5038,2
sub-DSAR45M03641,1655,1655_1,sub-DSAR45M09511,0.4559,3
sub-DSAR45M03642,9539,9539_1,,,
sub-DSAR45M03643,1354,1354_1,sub-DSAR45M00260,0.5101,3
sub-DSAR45M03644,1296,1296_1,sub-DSAR45M08327,0.4211,3
sub-DSAR45M03645,3570,3570_1,,,
sub-DSAR45M03646,7078,7078_1,,,
sub-DSAR45M03647,105,105_1,sub-DSAR45M00298,0.9988,1
sub-DSAR45M03648,6302,6302_1,,,
sub-DSAR45M03649,5473,5473_1,,,
sub-DSAR45M03650,417,417_1,sub-DSAR45M03510,0.9992,1
sub-DSAR45M03651,4817,4817_1,,,
sub-DSAR45M03652,1329,1329_1,sub-DSAR45M06200,0.4658,3
sub-DSAR45M03653,8783,8783_1,,,
sub-DSAR45M03654,5922,5922_1,,,
sub-DSAR45M03655,2185,2185_1,,,
sub-DSAR45M03656,1561,1561_2,sub-DSAR45M09749,0.5154,3
sub-DSAR45M03657,8286,8286_1,,,
sub-DSAR45M03658,1169,1169_1,sub-DSAR45M01139,0.4904,3
sub-DSAR45M03659,1644,1644_1,sub-DSAR45M02533,0.5798,3
sub-DSAR45M03660,8498,8498_1,,,
sub-DSAR45M03661,1369,1369_2,sub-DSAR45M05934,0.5132,3
sub-DSAR45M03662,5076,5076_1,,,
sub-DSAR45M03663,7035,7035_1,,,
sub-DSAR45M03664,508,508_1,sub-DSAR45M07991,0.513,2
sub-DSAR45M03665,4771,4771_1,,,
sub-DSAR45M03666,9394,9394_1,,,
sub-DSAR45M03667,1975,1975_1,,,
sub-DSAR45M03668,356,356_1,sub-DSAR45M06078,1.0,1
sub-DSAR45M03669,1280,1280_1,sub-DSAR45M06207,0.4211,3
sub-DSAR45M03670,4366,4366_1,,,
sub-DSAR45M03671,623,623_1,sub-DSAR45M06125,0.5478,2
sub-DSAR45M03672,1502,1502_2,sub-DSAR45M06541,0.4881,3
sub-DSAR45M03673,739,739_1,sub-DSAR45M00034,0.5249,2
sub-DSAR45M03674,6935,6935_1,,,
sub-DSAR45M03675,484,484_1,sub-DSAR45M04604,0.5675,2
sub-DSAR45M03676,1822,1822_2,sub-DSAR45M03313,0.4872,3
sub-DSAR45M03677,267,267_1,sub-DSAR45M00051,1.0,1
sub-DSAR45M03678,947,947_1,sub-DSAR45M06340,0.5496,2
sub-DSAR45M03679,1077,1077_1,sub-DSAR45M05949,0.5382,3
sub-DSAR45M03680,343,343_1,sub-DSAR45M11206,0.9992,1
sub-DSAR45M03681,6030,6030_1,,,
sub-DSAR45M03682,439,439_1,sub-DSAR45M01892,0.4969,2
sub-DSAR45M03683,7176,7176_1,,,
sub-DSAR45M03684,6150,6150_1,,,
sub-DSAR45M03685,786,786_1,sub-DSAR45M09723,0.5026,2
sub-DSAR45M03686,4897,4897_1,,,
sub-DSAR45M03687,1488,1488_1,sub-DSAR45M06894,0.5324,3
sub-DSAR45M03688,5195,5195_1,,,
sub-DSAR45M03689,959,959_1,sub-DSAR45M10981,0.4843,2
sub-DSAR45M03690,7348,7348_1,,,
sub-DSAR45M03691,7415,7415_1,,,
sub-DSAR45M03692,1427,1427_2,sub-DSAR45M06806,0.5464,3
sub-DSAR45M03693,3175,3175_1,,,
sub-DSAR45M03694,2116,2116_1,,,
sub-DSAR45M03695,937,937_1,sub-DSAR45M06966,0.4636,2
sub-DSAR45M03696,8239,8239_1,,,
sub-DSAR45M03697,9398,9398_1,,,
sub-DSAR45M03698,3356,3356_1,,,
sub-DSAR45M03699,4046,4046_1,,,
sub-DSAR45M03700,9517,9517_1,,,
sub-DSAR45M03701,6936,6936_1,,,
sub-DSAR45M03702,315,315_1,sub-DSAR45M06313,0.9956,1
sub-DSAR45M03703,2866,2866_1,,,
sub-DSAR45M03704,8051,8051_1,,,
sub-DSAR45M03705,5964,5964_1,,,
sub-DSAR45M03706,9757,9757_1,,,
sub-DSAR45M03707,8545,8545_1,,,
sub-DSAR45M03708,1208,1208_1,sub-DSAR45M02814,0.523,3
sub-DSAR45M03709,4079,4079_1,,,
sub-DSAR45M03710,8882,8882_1,,,
sub-DSAR45M03711,2517,2517_1,,,
sub-DSAR45M03712,9143,9143_1,,,
sub-DSAR45M03713,2430,2430_1,,,
sub-DSAR45M03714,2751,2751_1,,,
sub-DSAR45M03715,7232,7232_1,,,
sub-DSAR45M03716,4309,4309_1,,,
sub-DSAR45M03717,171,171_1,sub-DSAR45M03437,0.9986,1
sub-DSAR45M03718,3960,3960_1,,,
sub-DSAR45M03719,9374,9374_1,,,
sub-DSAR45M03720,7265,7265_1,,,
sub-DSAR45M03721,7841,7841_1,,,
sub-DSAR45M03722,4025,4025_1,,,
sub-DSAR45M03723,3439,3439_1,,,
sub-DSAR45M03724,1066,1066_2,sub-DSAR45M11507,0.4107,3
sub-DSAR45M03725,9387,9387_1,,,
sub-DSAR45M03726,2008,2008_1,,,
sub-DSAR45M03727,4562,4562_1,,,
sub-DSAR45M03728,9114,9114_1,,,
sub-DSAR45M03729,1685,1685_1,sub-DSAR45M07801,0.381,3
sub-DSAR45M03730,882,882_1,sub-DSAR45M11305,0.5113,2
sub-DSAR45M03731,487,487_1,sub-DSAR45M00316,0.4431,2
sub-DSAR45M03732,802,802_1,sub-DSAR45M03751,0.58,2
sub-DSAR45M03733,1256,1256_2,sub-DSAR45M07206,0.5092,3
sub-DSAR45M03734,6658,6658_1,,,
sub-DSAR45M03735,3372,3372_1,,,
sub-DSAR45M03736,7772,7772_1,,,
sub-DSAR45M03737,349,349_1,sub-DSAR45M01049,0.9974,1
sub-DSAR45M03738,521,521_1,sub-DSAR45M03602,0.4253,2
sub-DSAR45M03739,6235,6235_1,,,
sub-DSAR45M03740,4123,4123_1,,,
sub-DSAR45M03741,1364,1364_1,sub-DSAR45M09650,0.497,3
sub-DSAR45M03742,3487,3487_1,,,
sub-DSAR45M03743,2603,2603_1,,,
sub-DSAR45M03744,2654,2654_1,,,
sub-DSAR45M03745,2655,2655_1,,,
sub-DSAR45M03746,9733,9733_1,,,
sub-DSAR45M03747,3864,3864_1,,,
sub-DSAR45M03748,3715,3715_1,,,
sub-DSAR45M03749,4618,4618_1,,,
sub-DSAR45M03750,197,197_1,sub-DSAR45M09272,0.9976,1
sub-DSAR45M03751,802,802_1,sub-DSAR45M03732,0.58,2
sub-DSAR45M03752,9166,9166_1,,,
sub-DSAR45M03753,9623,9623_1,,,
sub-DSAR45M03754,9670,9670_1,,,
sub-DSAR45M03755,8516,8516_1,,,
sub-DSAR45M03756,1390,1390_1,sub-DSAR45M06481,0.5212,3
sub-DSAR45M03757,1304,1304_2,sub-DSAR45M07032,0.6076,3
sub-DSAR45M03758,169,169_1,sub-DSAR45M00762,0.9984,1
sub-DSAR45M03759,1391,1391_2,sub-DSAR45M06716,0.4678,3
sub-DSAR45M03760,3375,3375_1,,,
sub-DSAR45M03761,1650,1650_1,sub-DSAR45M03129,0.5022,3
sub-DSAR45M03762,5463,5463_1,,,
sub-DSAR45M03763,1154,1154_2,sub-DSAR45M03021,0.5202,3
sub-DSAR45M03764,6774,6774_1,,,
sub-DSAR45M03765,1771,1771_2,sub-DSAR45M00013,0.5225,3
sub-DSAR45M03766,783,783_1,sub-DSAR45M08511,0.5399,2
sub-DSAR45M03767,1080,1080_2,sub-DSAR45M09800,0.4487,3
sub-DSAR45M03768,3472,3472_1,,,
sub-DSAR45M03769,104,104_1,sub-DSAR45M01328,0.9976,1
sub-DSAR45M03770,467,467_1,sub-DSAR45M10269,0.454,2
sub-DSAR45M03771,1054,1054_1,sub-DSAR45M03921,0.5541,2
sub-DSAR45M03772,303,303_1,sub-DSAR45M00175,0.9989,1
sub-DSAR45M03773,2514,2514_1,,,
sub-DSAR45M03774,2400,2400_1,,,
sub-DSAR45M03775,719,719_1,sub-DSAR45M04297,0.4425,2
sub-DSAR45M03776,4658,4658_1,,,
sub-DSAR45M03777,5717,5717_1,,,
sub-DSAR45M03778,2893,2893_1,,,
sub-DSAR45M03779,5469,5469_1,,,
sub-DSAR45M03780,9570,9570_1,,,
sub-DSAR45M03781,4485,4485_1,,,
sub-DSAR45M03782,1152,1152_1,sub-DSAR45M08775,0.519,3
sub-DSAR45M03783,3950,3950_1,,,
sub-DSAR45M03784,3829,3829_1,,,
sub-DSAR45M03785,4821,4821_1,,,
sub-DSAR45M03786,2885,2885_1,,,
sub-DSAR45M03787,4171,4171_1,,,
sub-DSAR45M03788,645,645_1,sub-DSAR45M00501,0.5973,2
sub-DSAR45M03789,5561,5561_1,,,
sub-DSAR45M03790,1026,1026_1,sub-DSAR45M08246,0.5068,2
sub-DSAR45M03791,973,973_1,sub-DSAR45M02876,0.4708,2
sub-DSAR45M03792,281,281_1,sub-DSAR45M05434,1.0,1
sub-DSAR45M03793,8349,8349_1,,,
sub-DSAR45M03794,2777,2777_1,,,
sub-DSAR45M03795,4312,4312_1,,,
sub-DSAR45M03796,7528,7528_1,,,
sub-DSAR45M03797,4954,4954_1,,,
sub-DSAR45M03798,799,799_1,sub-DSAR45M05902,0.4357,2
sub-DSAR45M03799,5177,5177_1,,,
sub-DSAR45M03800,418,418_1,sub-DSAR45M04407,0.9997,1
sub-DSAR45M03801,1643,1643_1,sub-DSAR45M02232,0.5156,3
sub-DSAR45M03802,818,818_1,sub-DSAR45M08613,0.4978,2
sub-DSAR45M03803,8626,8626_1,,,
sub-DSAR45M03804,7556,7556_1,,,
sub-DSAR45M03805,1069,1069_2,sub-DSAR45M00085,0.4839,3
sub-DSAR45M03806,7439,7439_1,,,
sub-DSAR45M03807,5270,5270_1,,,
sub-DSAR45M03808,931,931_1,sub-DSAR45M09193,0.4594,2
sub-DSAR45M03809,9735,9735_1,,,
sub-DSAR45M03810,544,544_1,sub-DSAR45M08209,0.4581,2
sub-DSAR45M03811,6119,6119_1,,,
sub-DSAR45M03812,3280,3280_1,,,
sub-DSAR45M03813,6993,6993_1,,,
sub-DSAR45M03814,2848,2848_1,,,
sub-DSAR45M03815,794,794_1,sub-DSAR45M04306,0.5109,2
sub-DSAR45M03816,4360,4360_1,,,
sub-DSAR45M03817,2538,2538_1,,,
sub-DSAR45M03818,5192,5192_1,,,
sub-DSAR45M03819,1753,1753_1,sub-DSAR45M05100,0.4172,3
sub-DSAR45M03820,5380,5380_1,,,
sub-DSAR45M03821,4770,4770_1,,,
sub-DSAR45M03822,1067,1067_2,sub-DSAR45M03465,0.5319,3
sub-DSAR45M03823,4561,4561_1,,,
sub-DSAR45M03824,906,906_1,sub-DSAR45M02253,0.4474,2
sub-DSAR45M03825,7195,7195_1,,,
sub-DSAR45M03826,8160,8160_1,,,
sub-DSAR45M03827,843,843_1,sub-DSAR45M05376,0.4883,2
sub-DSAR45M03828,6620,6620_1,,,
sub-DSAR45M03829,9099,9099_1,,,
sub-DSAR45M03830,891,891_1,sub-DSAR45M01274,0.612,2
sub-DSAR45M03831,4305,4305_1,,,
sub-DSAR45M03832,6910,6910_1,,,
sub-DSAR45M03833,1048,1048_1,sub-DSAR45M07297,0.5545,2
sub-DSAR45M03834,4158,4158_1,,,
sub-DSAR45M03835,7426,7426_1,,,
sub-DSAR45M03836,1337,1337_2,sub-DSAR45M11517,0.4082,3
sub-DSAR45M03837,2236,2236_1,,,
sub-DSAR45M03838,9011,9011_1,,,
sub-DSAR45M03839,6875,6875_1,,,
sub-DSAR45M03840,494,494_1,sub-DSAR45M04169,0.4562,2
sub-DSAR45M03841,3060,3060_1,,,
sub-DSAR45M03842,20,20_1,sub-DSAR45M06014,1.0,1
sub-DSAR45M03843,2526,2526_1,,,
sub-DSAR45M03844,1653,1653_1,sub-DSAR45M06000,0.4647,3
sub-DSAR45M03845,7488,7488_1,,,
sub-DSAR45M03846,4628,4628_1,,,
sub-DSAR45M03847,3997,3997_1,,,
sub-DSAR45M03848,2578,2578_1,,,
sub-DSAR45M03849,6711,6711_1,,,
sub-DSAR45M03850,6438,6438_1,,,
sub-DSAR45M03851,6490,6490_1,,,
sub-DSAR45M03852,305,305_1,sub-DSAR45M09668,1.0,1
sub-DSAR45M03853,3105,3105_1,,,
sub-DSAR45M03854,920,920_1,sub-DSAR45M05559,0.4515,2
sub-DSAR45M03855,5819,5819_1,,,
sub-DSAR45M03856,1785,1785_1,sub-DSAR45M01451,0.5262,3
sub-DSAR45M03857,1278,1278_1,sub-DSAR45M01440,0.6029,3
sub-DSAR45M03858,556,556_1,sub-DSAR45M08928,0.4636,2
sub-DSAR45M03859,5944,5944_1,,,
sub-DSAR45M03860,1166,1166_1,sub-DSAR45M09837,0.5083,3
sub-DSAR45M03861,1808,1808_1,sub-DSAR45M11421,0.459,3
sub-DSAR45M03862,5588,5588_1,,,
sub-DSAR45M03863,4250,4250_1,,,
sub-DSAR45M03864,9080,9080_1,,,
sub-DSAR45M03865,1111,1111_2,sub-DSAR45M06852,0.501,3
sub-DSAR45M03866,214,214_1,sub-DSAR45M00141,0.9979,1
sub-DSAR45M03867,4114,4114_1,,,
sub-DSAR45M03868,4637,4637_1,,,
sub-DSAR45M03869,1283,1283_1,sub-DSAR45M04050,0.4295,3
sub-DSAR45M03870,4894,4894_1,,,
sub-DSAR45M03871,4911,4911_1,,,
sub-DSAR45M03872,1332,1332_2,sub-DSAR45M11546,0.4583,3
sub-DSAR45M03873,3315,3315_1,,,
sub-DSAR45M03874,427,427_1,sub-DSAR45M11028,0.6108,2
sub-DSAR45M03875,2836,2836_1,,,
sub-DSAR45M03876,136,136_1,sub-DSAR45M10770,0.9956,1
sub-DSAR45M03877,80,80_1,sub-DSAR45M07239,0.999,1
sub-DSAR45M03878,8687,8687_1,,,
sub-DSAR45M03879,8373,8373_1,,,
sub-DSAR45M03880,563,563_1,sub-DSAR45M04057,0.541,2
sub-DSAR45M03881,2649,2649_1,,,
sub-DSAR45M03882,8549,8549_1,,,
sub-DSAR45M03883,4144,4144_1,,,
sub-DSAR45M03884,6494,6494_1,,,
sub-DSAR45M03885,176,176_1,sub-DSAR45M05513,0.9958,1
sub-DSAR45M03886,3008,3008_1,,,
sub-DSAR45M03887,1056,1056_1,sub-DSAR45M11346,0.4478,2
sub-DSAR45M03888,8812,8812_1,,,
sub-DSAR45M03889,402,402_1,sub-DSAR45M09786,0.9947,1
sub-DSAR45M03890,995,995_1,sub-DSAR45M06960,0.424,2
sub-DSAR45M03891,8400,8400_1,,,
sub-DSAR45M03892,9085,9085_1,,,
sub-DSAR45M03893,5346,5346_1,,,
sub-DSAR45M03894,699,699_1,sub-DSAR45M08242,0.5106,2
sub-DSAR45M03895,246,246_1,sub-DSAR45M09089,0.9997,1
sub-DSAR45M03896,7164,7164_1,,,
sub-DSAR45M03897,3125,3125_1,,,
sub-DSAR45M03898,8550,8550_1,,,
sub-DSAR45M03899,4898,4898_1,,,
sub-DSAR45M03900,8281,8281_1,,,
sub-DSAR45M03901,510,510_1,sub-DSAR45M01919,0.4547,2
sub-DSAR45M03902,707,707_1,sub-DSAR45M09883,0.5062,2
sub-DSAR45M03903,4145,4145_1,,,
sub-DSAR45M03904,5798,5798_1,,,
sub-DSAR45M03905,1720,1720_1,sub-DSAR45M01157,0.5153,3
sub-DSAR45M03906,7277,7277_1,,,
sub-DSAR45M03907,5077,5077_1,,,
sub-DSAR45M03908,7643,7643_1,,,
sub-DSAR45M03909,5297,5297_1,,,
sub-DSAR45M03910,7083,7083_1,,,
sub-DSAR45M03911,2173,2173_1,,,
sub-DSAR45M03912,3940,3940_1,,,
sub-DSAR45M03913,7629,7629_1,,,
sub-DSAR45M03914,289,289_1,sub-DSAR45M03273,0.9983,1
sub-DSAR45M03915,7590,7590_1,,,
sub-DSAR45M03916,8996,8996_1,,,
sub-DSAR45M03917,8501,8501_1,,,
sub-DSAR45M03918,753,753_1,sub-DSAR45M05400,0.4645,2
sub-DSAR45M03919,5663,5663_1,,,
sub-DSAR45M03920,9702,9702_1,,,
sub-DSAR45M03921,1054,1054_1,sub-DSAR45M03771,0.5541,2
sub-DSAR45M03922,1356,1356_2,sub-DSAR45M02633,0.4851,3
sub-DSAR45M03923,283,283_1,sub-DSAR45M01027,0.9987,1
sub-DSAR45M03924,4946,4946_1,,,
sub-DSAR45M03925,2602,2602_1,,,
sub-DSAR45M03926,3465,3465_1,,,
sub-DSAR45M03927,1102,1102_2,sub-DSAR45M04582,0.3998,3
sub-DSAR45M03928,796,796_1,sub-DSAR45M02180,0.573,2
sub-DSAR45M03929,9469,9469_1,,,
sub-DSAR45M03930,330,330_1,sub-DSAR45M09120,0.9972,1
sub-DSAR45M03931,2246,2246_1,,,
sub-DSAR45M03932,3001,3001_1,,,
sub-DSAR45M03933,6911,6911_1,,,
sub-DSAR45M03934,939,939_1,sub-DSAR45M03520,0.6121,2
sub-DSAR45M03935,7251,7251_1,,,
sub-DSAR45M03936,8567,8567_1,,,
sub-DSAR45M03937,546,546_1,sub-DSAR45M00049,0.5474,2
sub-DSAR45M03938,6278,6278_1,,,
sub-DSAR45M03939,5157,5157_1,,,
sub-DSAR45M03940,9774,9774_1,,,
sub-DSAR45M03941,1419,1419_1,sub-DSAR45M03459,0.4974,3
sub-DSAR45M03942,8471,8471_1,,,
sub-DSAR45M03943,1125,1125_2,sub-DSAR45M08728,0.5532,3
sub-DSAR45M03944,4276,4276_1,,,
sub-DSAR45M03945,8165,8165_1,,,
sub-DSAR45M03946,2661,2661_1,,,
sub-DSAR45M03947,1744,1744_1,sub-DSAR45M10716,0.5426,3
sub-DSAR45M03948,9324,9324_1,,,
sub-DSAR45M03949,9721,9721_1,,,
sub-DSAR45M03950,7101,7101_1,,,
sub-DSAR45M03951,5567,5567_1,,,
sub-DSAR45M03952,1964,1964_1,,,
sub-DSAR45M03953,8951,8951_1,,,
sub-DSAR45M03954,1027,1027_1,sub-DSAR45M10669,0.544,2
sub-DSAR45M03955,3510,3510_1,,,
sub-DSAR45M03956,8895,8895_1,,,
sub-DSAR45M03957,8851,8851_1,,,
sub-DSAR45M03958,1206,1206_1,sub-DSAR45M07718,0.5759,3
sub-DSAR45M03959,1703,1703_2,sub-DSAR45M08423,0.5899,3
sub-DSAR45M03960,8252,8252_1,,,
sub-DSAR45M03961,679,679_1,sub-DSAR45M09233,0.4498,2
sub-DSAR45M03962,9796,9796_1,,,
sub-DSAR45M03963,4400,4400_1,,,
sub-DSAR45M03964,7834,7834_1,,,
sub-DSAR45M03965,1670,1670_1,sub-DSAR45M11529,0.523,3
sub-DSAR45M03966,647,647_1,sub-DSAR45M07367,0.5301,2
sub-DSAR45M03967,7807,7807_1,,,
sub-DSAR45M03968,1926,1926_1,,,
sub-DSAR45M03969,9110,9110_1,,,
sub-DSAR45M03970,5715,5715_1,,,
sub-DSAR45M03971,1037,1037_1,sub-DSAR45M05304,0.4449,2
sub-DSAR45M03972,3144,3144_1,,,
sub-DSAR45M03973,1873,1873_1,,,
sub-DSAR45M03974,5551,5551_1,,,
sub-DSAR45M03975,3891,3891_1,,,
sub-DSAR45M03976,1522,1522_2,sub-DSAR45M09030,0.4027,3
sub-DSAR45M03977,6238,6238_1,,,
sub-DSAR45M03978,1789,1789_1,sub-DSAR45M05052,0.5288,3
sub-DSAR45M03979,3719,3719_1,,,
sub-DSAR45M03980,4271,4271_1,,,
sub-DSAR45M03981,6465,6465_1,,,
sub-DSAR45M03982,4280,4280_1,,,
sub-DSAR45M03983,5904,5904_1,,,
sub-DSAR45M03984,6074,6074_1,,,
sub-DSAR45M03985,82,82_1,sub-DSAR45M06745,0.9982,1
sub-DSAR45M03986,501,501_1,sub-DSAR45M00626,0.4696,2
sub-DSAR45M03987,8466,8466_1,,,
sub-DSAR45M03988,5853,5853_1,,,
sub-DSAR45M03989,7352,7352_1,,,
sub-DSAR45M03990,1818,1818_1,sub-DSAR45M10164,0.4935,3
sub-DSAR45M03991,3572,3572_1,,,
sub-DSAR45M03992,262,262_1,sub-DSAR45M09531,1.0,1
sub-DSAR45M03993,332,332_1,sub-DSAR45M00757,0.9956,1
sub-DSAR45M03994,2415,2415_1,,,
sub-DSAR45M03995,300,300_1,sub-DSAR45M09997,0.9953,1
sub-DSAR45M03996,1721,1721_2,sub-DSAR45M10650,0.4643,3
sub-DSAR45M03997,9524,9524_1,,,
sub-DSAR45M03998,4854,4854_1,,,
sub-DSAR45M03999,436,436_1,sub-DSAR45M10762,0.5561,2
sub-DSAR45M04000,4322,4322_1,,,
sub-DSAR45M04001,8422,8422_1,,,
sub-DSAR45M04002,4489,4489_1,,,
sub-DSAR45M04003,9696,9696_1,,,
sub-DSAR45M04004,9056,9056_1,,,
sub-DSAR45M04005,8502,8502_1,,,
sub-DSAR45M04006,6218,6218_1,,,
sub-DSAR45M04007,1708,1708_1,sub-DSAR45M08674,0.381,3
sub-DSAR45M04008,1633,1633_1,sub-DSAR45M04239,0.4578,3
sub-DSAR45M04009,3978,3978_1,,,
sub-DSAR45M04010,3302,3302_1,,,
sub-DSAR45M04011,5545,5545_1,,,
sub-DSAR45M04012,1333,1333_1,sub-DSAR45M07046,0.5171,3
sub-DSAR45M04013,7398,7398_1,,,
sub-DSAR45M04014,7728,7728_1,,,
sub-DSAR45M04015,3447,3447_1,,,
sub-DSAR45M04016,6925,6925_1,,,
sub-DSAR45M04017,307,307_1,sub-DSAR45M04180,0.9976,1
sub-DSAR45M04018,941,941_1,sub-DSAR45M00803,0.5229,2
sub-DSAR45M04019,8056,8056_1,,,
sub-DSAR45M04020,2325,2325_1,,,
sub-DSAR45M04021,5591,5591_1,,,
sub-DSAR45M04022,8256,8256_1,,,
sub-DSAR45M04023,8720,8720_1,,,
sub-DSAR45M04024,5726,5726_1,,,
sub-DSAR45M04025,15,15_1,sub-DSAR45M01964,0.9989,1
sub-DSAR45M04026,3942,3942_1,,,
sub-DSAR45M04027,1930,1930_1,,,
sub-DSAR45M04028,722,722_1,sub-DSAR45M02104,0.5272,2
sub-DSAR45M04029,9407,9407_1,,,
sub-DSAR45M04030,4706,4706_1,,,
sub-DSAR45M04031,7411,7411_1,,,
sub-DSAR45M04032,1410,1410_2,sub-DSAR45M09028,0.4681,3
sub-DSAR45M04033,8401,8401_1,,,
sub-DSAR45M04034,720,720_1,sub-DSAR45M09413,0.5412,2
sub-DSAR45M04035,9492,9492_1,,,
sub-DSAR45M04036,5526,5526_1,,,
sub-DSAR45M04037,7565,7565_1,,,
sub-DSAR45M04038,1698,1698_2,sub-DSAR45M07179,0.5391,3
sub-DSAR45M04039,1447,1447_1,sub-DSAR45M00410,0.5086,3
sub-DSAR45M04040,1222,1222_2,sub-DSAR45M11643,0.428,3
sub-DSAR45M04041,209,209_1,sub-DSAR45M00661,0.997,1
sub-DSAR45M04042,7829,7829_1,,,
sub-DSAR45M04043,2390,2390_1,,,
sub-DSAR45M04044,7414,7414_1,,,
sub-DSAR45M04045,6123,6123_1,,,
sub-DSAR45M04046,1400,1400_1,sub-DSAR45M02885,0.5567,3
sub-DSAR45M04047,9478,9478_1,,,
sub-DSAR45M04048,917,917_1,sub-DSAR45M08320,0.5405,2
sub-DSAR45M04049,3704,3704_1,,,
sub-DSAR45M04050,1283,1283_2,sub-DSAR45M03869,0.4295,3
sub-DSAR45M04051,3308,3308_1,,,
sub-DSAR45M04052,3656,3656_1,,,
sub-DSAR45M04053,6916,6916_1,,,
sub-DSAR45M04054,989,989_1,sub-DSAR45M05686,0.4541,2
sub-DSAR45M04055,8603,8603_1,,,
sub-DSAR45M04056,5211,5211_1,,,
sub-DSAR45M04057,563,563_1,sub-DSAR45M03880,0.541,2
sub-DSAR45M04058,486,486_1,sub-DSAR45M08515,0.4151,2
sub-DSAR45M04059,9742,9742_1,,,
sub-DSAR45M04060,1479,1479_2,sub-DSAR45M04412,0.5649,3
sub-DSAR45M04061,1577,1577_1,sub-DSAR45M05406,0.5217,3
sub-DSAR45M04062,2853,2853_1,,,
sub-DSAR45M04063,962,962_1,sub-DSAR45M10029,0.381,2
sub-DSAR45M04064,1226,1226_2,sub-DSAR45M10206,0.381,3
sub-DSAR45M04065,5396,5396_1,,,
sub-DSAR45M04066,4335,4335_1,,,
sub-DSAR45M04067,380,380_1,sub-DSAR45M04343,0.9966,1
sub-DSAR45M04068,9740,9740_1,,,
sub-DSAR45M04069,4977,4977_1,,,
sub-DSAR45M04070,1601,1601_1,sub-DSAR45M00511,0.5527,3
sub-DSAR45M04071,788,788_1,sub-DSAR45M01504,0.4672,2
sub-DSAR45M04072,5865,5865_1,,,
sub-DSAR45M04073,4800,4800_1,,,
sub-DSAR45M04074,222,222_1,sub-DSAR45M10518,0.994,1
sub-DSAR45M04075,8507,8507_1,,,
sub-DSAR45M04076,622,622_1,sub-DSAR45M02261,0.4874,2
sub-DSAR45M04077,8940,8940_1,,,
sub-DSAR45M04078,2740,2740_1,,,
sub-DSAR45M04079,765,765_1,sub-DSAR45M01708,0.5363,2
sub-DSAR45M04080,3876,3876_1,,,
sub-DSAR45M04081,4228,4228_1,,,
sub-DSAR45M04082,2812,2812_1,,,
sub-DSAR45M04083,9682,9682_1,,,
sub-DSAR45M04084,2387,2387_1,,,
sub-DSAR45M04085,1850,1850_1,,,
sub-DSAR45M04086,7601,7601_1,,,
sub-DSAR45M04087,6231,6231_1,,,
sub-DSAR45M04088,5603,5603_1,,,
sub-DSAR45M04089,7549,7549_1,,,
sub-DSAR45M04090,810,810_1,sub-DSAR45M09027,0.55,2
sub-DSAR45M04091,3056,3056_1,,,
sub-DSAR45M04092,5950,5950_1,,,
sub-DSAR45M04093,3306,3306_1,,,
sub-DSAR45M04094,8447,8447_1,,,
sub-DSAR45M04095,1346,1346_2,sub-DSAR45M08382,0.4671,3
sub-DSAR45M04096,2148,2148_1,,,
sub-DSAR45M04097,7576,7576_1,,,
sub-DSAR45M04098,2892,2892_1,,,
sub-DSAR45M04099,6115,6115_1,,,
sub-DSAR45M04100,4988,4988_1,,,
sub-DSAR45M04101,4331,4331_1,,,
sub-DSAR45M04102,3397,3397_1,,,
sub-DSAR45M04103,8707,8707_1,,,
sub-DSAR45M04104,9225,9225_1,,,
sub-DSAR45M04105,3492,3492_1,,,
sub-DSAR45M04106,5199,5199_1,,,
sub-DSAR45M04107,127,127_1,sub-DSAR45M03450,0.9973,1
sub-DSAR45M04108,8251,8251_1,,,
sub-DSAR45M04109,7018,7018_1,,,
sub-DSAR45M04110,9750,9750_1,,,
sub-DSAR45M04111,2849,2849_1,,,
sub-DSAR45M04112,8013,8013_1,,,
sub-DSAR45M04113,1675,1675_2,sub-DSAR45M05943,0.575,3
sub-DSAR45M04114,8765,8765_1,,,
sub-DSAR45M04115,1792,1792_2,sub-DSAR45M07870,0.5409,3
sub-DSAR45M04116,1082,1082_1,sub-DSAR45M02317,0.4399,3
sub-DSAR45M04117,66,66_1,sub-DSAR45M05826,0.9987,1
sub-DSAR45M04118,6673,6673_1,,,
sub-DSAR45M04119,7099,7099_1,,,
sub-DSAR45M04120,856,856_1,sub-DSAR45M03251,0.5365,2
sub-DSAR45M04121,6028,6028_1,,,
sub-DSAR45M04122,1,1_1,sub-DSAR45M05482,0.9975,1
sub-DSAR45M04123,3933,3933_1,,,
sub-DSAR45M04124,845,845_1,sub-DSAR45M02143,0.5368,2
sub-DSAR45M04125,434,434_1,sub-DSAR45M02183,0.4832,2
sub-DSAR45M04126,223,223_1,sub-DSAR45M02831,0.997,1
sub-DSAR45M04127,621,621_1,sub-DSAR45M00179,0.3833,2
sub-DSAR45M04128,980,980_1,sub-DSAR45M06218,0.4079,2
sub-DSAR45M04129,4315,4315_1,,,
sub-DSAR45M04130,1141,1141_1,sub-DSAR45M00265,0.4786,3
sub-DSAR45M04131,1140,1140_1,sub-DSAR45M00004,0.51,3
sub-DSAR45M04132,9308,9308_1,,,
sub-DSAR45M04133,7120,7120_1,,,
sub-DSAR45M04134,1180,1180_1,sub-DSAR45M02958,0.509,3
sub-DSAR45M04135,4132,4132_1,,,
sub-DSAR45M04136,9346,9346_1,,,
sub-DSAR45M04137,638,638_1,sub-DSAR45M11544,0.5566,2
sub-DSAR45M04138,8734,8734_1,,,
sub-DSAR45M04139,395,395_1,sub-DSAR45M06170,0.998,1
sub-DSAR45M04140,805,805_1,sub-DSAR45M05172,0.5984,2
sub-DSAR45M04141,8595,8595_1,,,
sub-DSAR45M04142,924,924_1,sub-DSAR45M10995,0.5131,2
sub-DSAR45M04143,1393,1393_1,sub-DSAR45M00948,0.5102,3
sub-DSAR45M04144,2457,2457_1,,,
sub-DSAR45M04145,7898,7898_1,,,
sub-DSAR45M04146,2401,2401_1,,,
sub-DSAR45M04147,7329,7329_1,,,
sub-DSAR45M04148,8295,8295_1,,,
sub-DSAR45M04149,511,511_1,sub-DSAR45M02462,0.4733,2
sub-DSAR45M04150,1687,1687_2,sub-DSAR45M07786,0.3938,3
sub-DSAR45M04151,3825,3825_1,,,
sub-DSAR45M04152,3614,3614_1,,,
sub-DSAR45M04153,7448,7448_1,,,
sub-DSAR45M04154,2975,2975_1,,,
sub-DSAR45M04155,1526,1526_2,sub-DSAR45M10287,0.5144,3
sub-DSAR45M04156,4576,4576_1,,,
sub-DSAR45M04157,6060,6060_1,,,
sub-DSAR45M04158,9678,9678_1,,,
sub-DSAR45M04159,1752,1752_1,sub-DSAR45M08131,0.4943,3
sub-DSAR45M04160,4058,4058_1,,,
sub-DSAR45M04161,156,156_1,sub-DSAR45M07340,1.0,1
sub-DSAR45M04162,3482,3482_1,,,
sub-DSAR45M04163,9475,9475_1,,,
sub-DSAR45M04164,4124,4124_1,,,
sub-DSAR45M04165,1718,1718_1,sub-DSAR45M00419,0.513,3
sub-DSAR45M04166,3345,3345_1,,,
sub-DSAR45M04167,1610,1610_2,sub-DSAR45M08202,0.4989,3
sub-DSAR45M04168,688,688_1,sub-DSAR45M09434,0.4644,2
sub-DSAR45M04169,494,494_1,sub-DSAR45M03840,0.4562,2
sub-DSAR45M04170,7871,7871_1,,,
sub-DSAR45M04171,2860,2860_1,,,
sub-DSAR45M04172,7482,7482_1,,,
sub-DSAR45M04173,580,580_1,sub-DSAR45M06591,0.5088,2
sub-DSAR45M04174,347,347_1,sub-DSAR45M10738,1.0,1
sub-DSAR45M04175,5499,5499_1,,,
sub-DSAR45M04176,1270,1270_1,sub-DSAR45M06109,0.5721,3
sub-DSAR45M04177,9180,9180_1,,,
sub-DSAR45M04178,5406,5406_1,,,
sub-DSAR45M04179,5369,5369_1,,,
sub-DSAR45M04180,307,307_1,sub-DSAR45M04017,0.9976,1
sub-DSAR45M04181,6343,6343_1,,,
sub-DSAR45M04182,7094,7094_1,,,
sub-DSAR45M04183,8572,8572_1,,,
sub-DSAR45M04184,8475,8475_1,,,
sub-DSAR45M04185,1127,1127_2,sub-DSAR45M08721,0.5617,3
sub-DSAR45M04186,8077,8077_1,,,
sub-DSAR45M04187,242,242_1,sub-DSAR45M02043,0.9979,1
sub-DSAR45M04188,1392,1392_1,sub-DSAR45M04808,0.5001,3
sub-DSAR45M04189,9382,9382_1,,,
sub-DSAR45M04190,2338,2338_1,,,
sub-DSAR45M04191,808,808_1,sub-DSAR45M01770,0.5128,2
sub-DSAR45M04192,8716,8716_1,,,
sub-DSAR45M04193,1402,1402_2,sub-DSAR45M02588,0.5049,3
sub-DSAR45M04194,8570,8570_1,,,
sub-DSAR45M04195,7630,7630_1,,,
sub-DSAR45M04196,3803,3803_1,,,
sub-DSAR45M04197,7664,7664_1,,,
sub-DSAR45M04198,5101,5101_1,,,
sub-DSAR45M04199,1297,1297_1,sub-DSAR45M07358,0.622,3
sub-DSAR45M04200,760,760_1,sub-DSAR45M09063,0.5111,2
sub-DSAR45M04201,2134,2134_1,,,
sub-DSAR45M04202,3967,3967_1,,,
sub-DSAR45M04203,1210,1210_1,sub-DSAR45M01985,0.5394,3
sub-DSAR45M04204,1661,1661_1,sub-DSAR45M04521,0.3942,3
sub-DSAR45M04205,557,557_1,sub-DSAR45M07133,0.3986,2
sub-DSAR45M04206,6785,6785_1,,,
sub-DSAR45M04207,3814,3814_1,,,
sub-DSAR45M04208,1547,1547_1,sub-DSAR45M09417,0.4725,3
sub-DSAR45M04209,5682,5682_1,,,
sub-DSAR45M04210,1842,1842_1,,,
sub-DSAR45M04211,6244,6244_1,,,
sub-DSAR45M04212,4368,4368_1,,,
sub-DSAR45M04213,7487,7487_1,,,
sub-DSAR45M04214,1683,1683_2,sub-DSAR45M07586,0.4754,3
sub-DSAR45M04215,9584,9584_1,,,
sub-DSAR45M04216,6829,6829_1,,,
sub-DSAR45M04217,6848,6848_1,,,
sub-DSAR45M04218,6738,6738_1,,,
sub-DSAR45M04219,1377,1377_1,sub-DSAR45M10468,0.4974,3
sub-DSAR45M04220,5417,5417_1,,,
sub-DSAR45M04221,9401,9401_1,,,
sub-DSAR45M04222,8628,8628_1,,,
sub-DSAR45M04223,8539,8539_1,,,
sub-DSAR45M04224,3255,3255_1,,,
sub-DSAR45M04225,4659,4659_1,,,
sub-DSAR45M04226,7270,7270_1,,,
sub-DSAR45M04227,1609,1609_2,sub-DSAR45M11284,0.381,3
sub-DSAR45M04228,7102,7102_1,,,
sub-DSAR45M04229,3091,3091_1,,,
sub-DSAR45M04230,9383,9383_1,,,
sub-DSAR45M04231,2944,2944_1,,,
sub-DSAR45M04232,5686,5686_1,,,
sub-DSAR45M04233,2796,2796_1,,,
sub-DSAR45M04234,8072,8072_1,,,
sub-DSAR45M04235,9618,9618_1,,,
sub-DSAR45M04236,2024,2024_1,,,
sub-DSAR45M04237,1821,1821_1,sub-DSAR45M02837,0.4323,3
sub-DSAR45M04238,7469,7469_1,,,
sub-DSAR45M04239,1633,1633_2,sub-DSAR45M04008,0.4578,3
sub-DSAR45M04240,498,498_1,sub-DSAR45M01433,0.4665,2
sub-DSAR45M04241,3515,3515_1,,,
sub-DSAR45M04242,624,624_1,sub-DSAR45M01230,0.5445,2
sub-DSAR45M04243,4540,4540_1,,,
sub-DSAR45M04244,2806,2806_1,,,
sub-DSAR45M04245,4615,4615_1,,,
sub-DSAR45M04246,1160,1160_2,sub-DSAR45M05075,0.5513,3
sub-DSAR45M04247,7253,7253_1,,,
sub-DSAR45M04248,4449,4449_1,,,
sub-DSAR45M04249,7987,7987_1,,,
sub-DSAR45M04250,8392,8392_1,,,
sub-DSAR45M04251,2888,2888_1,,,
sub-DSAR45M04252,8650,8650_1,,,
sub-DSAR45M04253,610,610_1,sub-DSAR45M08334,0.4132,2
sub-DSAR45M04254,97,97_1,sub-DSAR45M09850,0.9962,1
sub-DSAR45M04255,4133,4133_1,,,
sub-DSAR45M04256,619,619_1,sub-DSAR45M00110,0.5569,2
sub-DSAR45M04257,9240,9240_1,,,
sub-DSAR45M04258,2404,2404_1,,,
sub-DSAR45M04259,8105,8105_1,,,
sub-DSAR45M04260,830,830_1,sub-DSAR45M02052,0.541,2
sub-DSAR45M04261,3244,3244_1,,,
sub-DSAR45M04262,2378,2378_1,,,
sub-DSAR45M04263,5047,5047_1,,,
sub-DSAR45M04264,3471,3471_1,,,
sub-DSAR45M04265,651,651_1,sub-DSAR45M11428,0.5237,2
sub-DSAR45M04266,9399,9399_1,,,
sub-DSAR45M04267,3841,3841_1,,,
sub-DSAR45M04268,7887,7887_1,,,
sub-DSAR45M04269,4121,4121_1,,,
sub-DSAR45M04270,9223,9223_1,,,
sub-DSAR45M04271,1099,1099_2,sub-DSAR45M09307,0.4724,3
sub-DSAR45M04272,5298,5298_1,,,
sub-DSAR45M04273,3685,3685_1,,,
sub-DSAR45M04274,4001,4001_1,,,
sub-DSAR45M04275,1289,1289_2,sub-DSAR45M10045,0.4935,3
sub-DSAR45M04276,2576,2576_1,,,
sub-DSAR45M04277,7313,7313_1,,,
sub-DSAR45M04278,7244,7244_1,,,
sub-DSAR45M04279,2982,2982_1,,,
sub-DSAR45M04280,1060,1060_1,sub-DSAR45M10031,0.5025,2
sub-DSAR45M04281,4407,4407_1,,,
sub-DSAR45M04282,2197,2197_1,,,
sub-DSAR45M04283,4385,4385_1,,,
sub-DSAR45M04284,7775,7775_1,,,
sub-DSAR45M04285,3290,3290_1,,,
sub-DSAR45M04286,2904,2904_1,,,
sub-DSAR45M04287,5670,5670_1,,,
sub-DSAR45M04288,271,271_1,sub-DSAR45M08706,0.9991,1
sub-DSAR45M04289,7527,7527_1,,,
sub-DSAR45M04290,2411,2411_1,,,
sub-DSAR45M04291,833,833_1,sub-DSAR45M10181,0.4074,2
sub-DSAR45M04292,1787,1787_2,sub-DSAR45M07109,0.4516,3
sub-DSAR45M04293,7988,7988_1,,,
sub-DSAR45M04294,5255,5255_1,,,
sub-DSAR45M04295,1531,1531_1,sub-DSAR45M00379,0.5048,3
sub-DSAR45M04296,829,829_1,sub-DSAR45M05883,0.4665,2
sub-DSAR45M04297,719,719_1,sub-DSAR45M03775,0.4425,2
sub-DSAR45M04298,3641,3641_1,,,
sub-DSAR45M04299,9543,9543_1,,,
sub-DSAR45M04300,1167,1167_2,sub-DSAR45M10685,0.4628,3
sub-DSAR45M04301,4422,4422_1,,,
sub-DSAR45M04302,9272,9272_1,,,
sub-DSAR45M04303,6295,6295_1,,,
sub-DSAR45M04304,5208,5208_1,,,
sub-DSAR45M04305,7683,7683_1,,,
sub-DSAR45M04306,794,794_1,sub-DSAR45M03815,0.5109,2
sub-DSAR45M04307,9537,9537_1,,,
sub-DSAR45M04308,8988,8988_1,,,
sub-DSAR45M04309,3535,3535_1,,,
sub-DSAR45M04310,1224,1224_1,sub-DSAR45M07327,0.5654,3
sub-DSAR45M04311,7309,7309_1,,,
sub-DSAR45M04312,4043,4043_1,,,
sub-DSAR45M04313,18,18_1,sub-DSAR45M07639,0.9981,1
sub-DSAR45M04314,925,925_1,sub-DSAR45M01076,0.4915,2
sub-DSAR45M04315,6036,6036_1,,,
sub-DSAR45M04316,1477,1477_1,sub-DSAR45M00616,0.5384,3
sub-DSAR45M04317,5952,5952_1,,,
sub-DSAR45M04318,5407,5407_1,,,
sub-DSAR45M04319,1529,1529_2,sub-DSAR45M06526,0.5554,3
sub-DSAR45M04320,879,879_1,sub-DSAR45M04393,0.5294,2
sub-DSAR45M04321,5457,5457_1,,,
sub-DSAR45M04322,6394,6394_1,,,
sub-DSAR45M04323,2504,2504_1,,,
sub-DSAR45M04324,202,202_1,sub-DSAR45M08869,0.9966,1
sub-DSAR45M04325,3317,3317_1,,,
sub-DSAR45M04326,615,615_1,sub-DSAR45M01342,0.5299,2
sub-DSAR45M04327,927,927_1,sub-DSAR45M10053,0.4574,2
sub-DSAR45M04328,2200,2200_1,,,
sub-DSAR45M04329,2233,2233_1,,,
sub-DSAR45M04330,5694,5694_1,,,
sub-DSAR45M04331,422,422_1,sub-DSAR45M09377,0.5346,2
sub-DSAR45M04332,6070,6070_1,,,
sub-DSAR45M04333,7739,7739_1,,,
sub-DSAR45M04334,4390,4390_1,,,
sub-DSAR45M04335,4380,4380_1,,,
sub-DSAR45M04336,1801,1801_1,sub-DSAR45M11002,0.5776,3
sub-DSAR45M04337,2799,2799_1,,,
sub-DSAR45M04338,1960,1960_1,,,
sub-DSAR45M04339,646,646_1,sub-DSAR45M10533,0.4896,2
sub-DSAR45M04340,560,560_1,sub-DSAR45M10408,0.5596,2
sub-DSAR45M04341,3565,3565_1,,,
sub-DSAR45M04342,977,977_1,sub-DSAR45M09660,0.591,2
sub-DSAR45M04343,380,380_1,sub-DSAR45M04067,0.9966,1
sub-DSAR45M04344,8901,8901_1,,,
sub-DSAR45M04345,5893,5893_1,,,
sub-DSAR45M04346,1310,1310_1,sub-DSAR45M06238,0.523,3
sub-DSAR45M04347,4072,4072_1,,,
sub-DSAR45M04348,4500,4500_1,,,
sub-DSAR45M04349,1343,1343_2,sub-DSAR45M02178,0.4523,3
sub-DSAR45M04350,5274,5274_1,,,
sub-DSAR45M04351,3842,3842_1,,,
sub-DSAR45M04352,7321,7321_1,,,
sub-DSAR45M04353,166,166_1,sub-DSAR45M06742,1.0,1
sub-DSAR45M04354,1215,1215_2,sub-DSAR45M09863,0.443,3
sub-DSAR45M04355,7379,7379_1,,,
sub-DSAR45M04356,7206,7206_1,,,
sub-DSAR45M04357,9650,9650_1,,,
sub-DSAR45M04358,6482,6482_1,,,
sub-DSAR45M04359,1813,1813_2,sub-DSAR45M06309,0.5767,3
sub-DSAR45M04360,2505,2505_1,,,
sub-DSAR45M04361,3274,3274_1,,,
sub-DSAR45M04362,3107,3107_1,,,
sub-DSAR45M04363,1038,1038_1,sub-DSAR45M01558,0.605,2
sub-DSAR45M04364,3986,3986_1,,,
sub-DSAR45M04365,7617,7617_1,,,
sub-DSAR45M04366,2842,2842_1,,,
sub-DSAR45M04367,5693,5693_1,,,
sub-DSAR45M04368,369,369_1,sub-DSAR45M02483,0.9979,1
sub-DSAR45M04369,8604,8604_1,,,
sub-DSAR45M04370,4700,4700_1,,,
sub-DSAR45M04371,6974,6974_1,,,
sub-DSAR45M04372,9731,9731_1,,,
sub-DSAR45M04373,8017,8017_1,,,
sub-DSAR45M04374,316,316_1,sub-DSAR45M02069,0.9993,1
sub-DSAR45M04375,4594,4594_1,,,
sub-DSAR45M04376,3363,3363_1,,,
sub-DSAR45M04377,71,71_1,sub-DSAR45M09402,1.0,1
sub-DSAR45M04378,6709,6709_1,,,
sub-DSAR45M04379,8195,8195_1,,,
sub-DSAR45M04380,5098,5098_1,,,
sub-DSAR45M04381,950,950_1,sub-DSAR45M02466,0.4718,2
sub-DSAR45M04382,3287,3287_1,,,
sub-DSAR45M04383,4813,4813_1,,,
sub-DSAR45M04384,319,319_1,sub-DSAR45M04493,1.0,1
sub-DSAR45M04385,1658,1658_1,sub-DSAR45M05455,0.5301,3
sub-DSAR45M04386,3991,3991_1,,,
sub-DSAR45M04387,6360,6360_1,,,
sub-DSAR45M04388,6156,6156_1,,,
sub-DSAR45M04389,2174,2174_1,,,
sub-DSAR45M04390,2084,2084_1,,,
sub-DSAR45M04391,8569,8569_1,,,
sub-DSAR45M04392,6843,6843_1,,,
sub-DSAR45M04393,879,879_1,sub-DSAR45M04320,0.5294,2
sub-DSAR45M04394,887,887_1,sub-DSAR45M09034,0.488,2
sub-DSAR45M04395,8689,8689_1,,,
sub-DSAR45M04396,6704,6704_1,,,
sub-DSAR45M04397,8318,8318_1,,,
sub-DSAR45M04398,358,358_1,sub-DSAR45M03202,0.9983,1
sub-DSAR45M04399,4740,4740_1,,,
sub-DSAR45M04400,8547,8547_1,,,
sub-DSAR45M04401,416,416_1,sub-DSAR45M06786,0.9945,1
sub-DSAR45M04402,1659,1659_1,sub-DSAR45M02963,0.4842,3
sub-DSAR45M04403,7742,7742_1,,,
sub-DSAR45M04404,658,658_1,sub-DSAR45M05547,0.4828,2
sub-DSAR45M04405,7254,7254_1,,,
sub-DSAR45M04406,8515,8515_1,,,
sub-DSAR45M04407,418,418_1,sub-DSAR45M03800,0.9997,1
sub-DSAR45M04408,899,899_1,sub-DSAR45M01962,0.454,2
sub-DSAR45M04409,9367,9367_1,,,
sub-DSAR45M04410,8887,8887_1,,,
sub-DSAR45M04411,475,475_1,sub-DSAR45M10306,0.4002,2
sub-DSAR45M04412,1479,1479_1,sub-DSAR45M04060,0.5649,3
sub-DSAR45M04413,7811,7811_1,,,
sub-DSAR45M04414,2012,2012_1,,,
sub-DSAR45M04415,9462,9462_1,,,
sub-DSAR45M04416,8493,8493_1,,,
sub-DSAR45M04417,117,117_1,sub-DSAR45M00760,0.9988,1
sub-DSAR45M04418,5112,5112_1,,,
sub-DSAR45M04419,5235,5235_1,,,
sub-DSAR45M04420,6593,6593_1,,,
sub-DSAR45M04421,7580,7580_1,,,
sub-DSAR45M04422,5107,5107_1,,,
sub-DSAR45M04423,2705,2705_1,,,
sub-DSAR45M04424,3945,3945_1,,,
sub-DSAR45M04425,4856,4856_1,,,
sub-DSAR45M04426,7290,7290_1,,,
sub-DSAR45M04427,1828,1828_1,sub-DSAR45M01118,0.4901,3
sub-DSAR45M04428,70,70_1,sub-DSAR45M06212,0.9966,1
sub-DSAR45M04429,2662,2662_1,,,
sub-DSAR45M04430,4275,4275_1,,,
sub-DSAR45M04431,6227,6227_1,,,
sub-DSAR45M04432,374,374_1,sub-DSAR45M03016,0.9951,1
sub-DSAR45M04433,431,431_1,sub-DSAR45M11047,0.5036,2
sub-DSAR45M04434,9079,9079_1,,,
sub-DSAR45M04435,9432,9432_1,,,
sub-DSAR45M04436,8423,8423_1,,,
sub-DSAR45M04437,7115,7115_1,,,
sub-DSAR45M04438,1528,1528_2,sub-DSAR45M05820,0.5966,3
sub-DSAR45M04439,6666,6666_1,,,
sub-DSAR45M04440,31,31_1,sub-DSAR45M06505,0.9952,1
sub-DSAR45M04441,7458,7458_1,,,
sub-DSAR45M04442,8178,8178_1,,,
sub-DSAR45M04443,7,7_1,sub-DSAR45M03215,0.9998,1
sub-DSAR45M04444,5575,5575_1,,,
sub-DSAR45M04445,7689,7689_1,,,
sub-DSAR45M04446,1568,1568_1,sub-DSAR45M04486,0.5269,3
sub-DSAR45M04447,6417,6417_1,,,
sub-DSAR45M04448,2673,2673_1,,,
sub-DSAR45M04449,6312,6312_1,,,
sub-DSAR45M04450,6929,6929_1,,,
sub-DSAR45M04451,4284,4284_1,,,
sub-DSAR45M04452,4548,4548_1,,,
sub-DSAR45M04453,5687,5687_1,,,
sub-DSAR45M04454,2081,2081_1,,,
sub-DSAR45M04455,8831,8831_1,,,
sub-DSAR45M04456,1163,1163_1,sub-DSAR45M10947,0.5464,3
sub-DSAR45M04457,1498,1498_2,sub-DSAR45M09333,0.5431,3
sub-DSAR45M04458,1011,1011_1,sub-DSAR45M05160,0.5906,2
sub-DSAR45M04459,9135,9135_1,,,
sub-DSAR45M04460,6576,6576_1,,,
sub-DSAR45M04461,6770,6770_1,,,
sub-DSAR45M04462,265,265_1,sub-DSAR45M00294,0.9982,1
sub-DSAR45M04463,1275,1275_1,sub-DSAR45M10351,0.5013,3
sub-DSAR45M04464,2906,2906_1,,,
sub-DSAR45M04465,9703,9703_1,,,
sub-DSAR45M04466,528,528_1,sub-DSAR45M10413,0.4049,2
sub-DSAR45M04467,5999,5999_1,,,
sub-DSAR45M04468,1176,1176_2,sub-DSAR45M05896,0.5207,3
sub-DSAR45M04469,1900,1900_1,,,
sub-DSAR45M04470,9209,9209_1,,,
sub-DSAR45M04471,4054,4054_1,,,
sub-DSAR45M04472,5821,5821_1,,,
sub-DSAR45M04473,7357,7357_1,,,
sub-DSAR45M04474,4464,4464_1,,,
sub-DSAR45M04475,3046,3046_1,,,
sub-DSAR45M04476,3154,3154_1,,,
sub-DSAR45M04477,321,321_1,sub-DSAR45M00076,0.9995,1
sub-DSAR45M04478,132,132_1,sub-DSAR45M05245,0.9966,1
sub-DSAR45M04479,2782,2782_1,,,
sub-DSAR45M04480,1604,1604_1,sub-DSAR45M10472,0.4391,3
sub-DSAR45M04481,2254,2254_1,,,
sub-DSAR45M04482,5518,5518_1,,,
sub-DSAR45M04483,4358,4358_1,,,
sub-DSAR45M04484,1263,1263_1,sub-DSAR45M00332,0.4677,3
sub-DSAR45M04485,1344,1344_2,sub-DSAR45M04506,0.5672,3
sub-DSAR45M04486,1568,1568_2,sub-DSAR45M04446,0.5269,3
sub-DSAR45M04487,4256,4256_1,,,
sub-DSAR45M04488,525,525_1,sub-DSAR45M06363,0.4547,2
sub-DSAR45M04489,6852,6852_1,,,
sub-DSAR45M04490,88,88_1,sub-DSAR45M07092,0.9955,1
sub-DSAR45M04491,3000,3000_1,,,
sub-DSAR45M04492,4514,4514_1,,,
sub-DSAR45M04493,319,319_1,sub-DSAR45M04384,1.0,1
sub-DSAR45M04494,6396,6396_1,,,
sub-DSAR45M04495,7318,7318_1,,,
sub-DSAR45M04496,8409,8409_1,,,
sub-DSAR45M04497,8417,8417_1,,,
sub-DSAR45M04498,3261,3261_1,,,
sub-DSAR45M04499,243,243_1,sub-DSAR45M00251,1.0,1
sub-DSAR45M04500,3386,3386_1,,,
sub-DSAR45M04501,6117,6117_1,,,
sub-DSAR45M04502,828,828_1,sub-DSAR45M03212,0.5245,2
sub-DSAR45M04503,5569,5569_1,,,
sub-DSAR45M04504,1573,1573_1,sub-DSAR45M07220,0.4566,3
sub-DSAR45M04505,5696,5696_1,,,
sub-DSAR45M04506,1344,1344_1,sub-DSAR45M04485,0.5672,3
sub-DSAR45M04507,892,892_1,sub-DSAR45M06342,0.501,2
sub-DSAR45M04508,3484,3484_1,,,
sub-DSAR45M04509,809,809_1,sub-DSAR45M08094,0.6158,2
sub-DSAR45M04510,7000,7000_1,,,
sub-DSAR45M04511,4830,4830_1,,,
sub-DSAR45M04512,1055,1055_1,sub-DSAR45M03322,0.5496,2
sub-DSAR45M04513,1353,1353_1,sub-DSAR45M10593,0.5425,3
sub-DSAR45M04514,3434,3434_1,,,
sub-DSAR45M04515,8406,8406_1,,,
sub-DSAR45M04516,4157,4157_1,,,
sub-DSAR45M04517,7965,7965_1,,,
sub-DSAR45M04518,3118,3118_1,,,
sub-DSAR45M04519,5680,5680_1,,,
sub-DSAR45M04520,4150,4150_1,,,
sub-DSAR45M04521,1661,1661_2,sub-DSAR45M04204,0.3942,3
sub-DSAR45M04522,1667,1667_2,sub-DSAR45M00547,0.4975,3
sub-DSAR45M04523,6152,6152_1,,,
sub-DSAR45M04524,857,857_1,sub-DSAR45M05495,0.5194,2
sub-DSAR45M04525,9484,9484_1,,,
sub-DSAR45M04526,2765,2765_1,,,
sub-DSAR45M04527,1326,1326_2,sub-DSAR45M03337,0.5222,3
sub-DSAR45M04528,1022,1022_1,sub-DSAR45M08574,0.5172,2
sub-DSAR45M04529,115,115_1,sub-DSAR45M05661,0.9969,1
sub-DSAR45M04530,3236,3236_1,,,
sub-DSAR45M04531,7792,7792_1,,,
sub-DSAR45M04532,1904,1904_1,,,
sub-DSAR45M04533,5767,5767_1,,,
sub-DSAR45M04534,4085,4085_1,,,
sub-DSAR45M04535,3121,3121_1,,,
sub-DSAR45M04536,5803,5803_1,,,
sub-DSAR45M04537,8285,8285_1,,,
sub-DSAR45M04538,4326,4326_1,,,
sub-DSAR45M04539,6813,6813_1,,,
sub-DSAR45M04540,996,996_1,sub-DSAR45M08741,0.5751,2
sub-DSAR45M04541,8640,8640_1,,,
sub-DSAR45M04542,1362,1362_2,sub-DSAR45M10576,0.5053,3
sub-DSAR45M04543,1469,1469_2,sub-DSAR45M01262,0.4471,3
sub-DSAR45M04544,9234,9234_1,,,
sub-DSAR45M04545,245,245_1,sub-DSAR45M08230,0.999,1
sub-DSAR45M04546,8712,8712_1,,,
sub-DSAR45M04547,7457,7457_1,,,
sub-DSAR45M04548,3029,3029_1,,,
sub-DSAR45M04549,3605,3605_1,,,
sub-DSAR45M04550,6446,6446_1,,,
sub-DSAR45M04551,155,155_1,sub-DSAR45M05829,0.996,1
sub-DSAR45M04552,338,338_1,sub-DSAR45M08310,0.9992,1
sub-DSAR45M04553,1300,1300_2,sub-DSAR45M01612,0.5153,3
sub-DSAR45M04554,2522,2522_1,,,
sub-DSAR45M04555,2261,2261_1,,,
sub-DSAR45M04556,4622,4622_1,,,
sub-DSAR45M04557,7334,7334_1,,,
sub-DSAR45M04558,3045,3045_1,,,
sub-DSAR45M04559,7873,7873_1,,,
sub-DSAR45M04560,7013,7013_1,,,
sub-DSAR45M04561,6838,6838_1,,,
sub-DSAR45M04562,5163,5163_1,,,
sub-DSAR45M04563,5063,5063_1,,,
sub-DSAR45M04564,1218,1218_2,sub-DSAR45M03254,0.5131,3
sub-DSAR45M04565,5843,5843_1,,,
sub-DSAR45M04566,3326,3326_1,,,
sub-DSAR45M04567,1651,1651_1,sub-DSAR45M10795,0.5353,3
sub-DSAR45M04568,1057,1057_1,sub-DSAR45M10342,0.4778,2
sub-DSAR45M04569,3457,3457_1,,,
sub-DSAR45M04570,4457,4457_1,,,
sub-DSAR45M04571,8091,8091_1,,,
sub-DSAR45M04572,253,253_1,sub-DSAR45M08127,1.0,1
sub-DSAR45M04573,872,872_1,sub-DSAR45M09244,0.4786,2
sub-DSAR45M04574,8404,8404_1,,,
sub-DSAR45M04575,1182,1182_1,sub-DSAR45M07172,0.5426,3
sub-DSAR45M04576,6267,6267_1,,,
sub-DSAR45M04577,634,634_1,sub-DSAR45M09610,0.5162,2
sub-DSAR45M04578,9178,9178_1,,,
sub-DSAR45M04579,3999,3999_1,,,
sub-DSAR45M04580,1015,1015_1,sub-DSAR45M07428,0.5028,2
sub-DSAR45M04581,2088,2088_1,,,
sub-DSAR45M04582,1102,1102_1,sub-DSAR45M03927,0.3998,3
sub-DSAR45M04583,4613,4613_1,,,
sub-DSAR45M04584,4577,4577_1,,,
sub-DSAR45M04585,6596,6596_1,,,
sub-DSAR45M04586,57,57_1,sub-DSAR45M03481,0.999,1
sub-DSAR45M04587,3758,3758_1,,,
sub-DSAR45M04588,8015,8015_1,,,
sub-DSAR45M04589,550,550_1,sub-DSAR45M03023,0.5277,2
sub-DSAR45M04590,3880,3880_1,,,
sub-DSAR45M04591,1302,1302_1,sub-DSAR45M02694,0.4107,3
sub-DSAR45M04592,337,337_1,sub-DSAR45M09954,0.9942,1
sub-DSAR45M04593,9671,9671_1,,,
sub-DSAR45M04594,8638,8638_1,,,
sub-DSAR45M04595,4022,4022_1,,,
sub-DSAR45M04596,5309,5309_1,,,
sub-DSAR45M04597,3369,3369_1,,,
sub-DSAR45M04598,4642,4642_1,,,
sub-DSAR45M04599,695,695_1,sub-DSAR45M05738,0.4397,2
sub-DSAR45M04600,5636,5636_1,,,
sub-DSAR45M04601,9088,9088_1,,,
sub-DSAR45M04602,4796,4796_1,,,
sub-DSAR45M04603,3818,3818_1,,,
sub-DSAR45M04604,484,484_1,sub-DSAR45M03675,0.5675,2
sub-DSAR45M04605,1247,1247_1,sub-DSAR45M07592,0.4403,3
sub-DSAR45M04606,1073,1073_1,sub-DSAR45M04853,0.5443,3
sub-DSAR45M04607,1016,1016_1,sub-DSAR45M07209,0.4987,2
sub-DSAR45M04608,3452,3452_1,,,
sub-DSAR45M04609,8566,8566_1,,,
sub-DSAR45M04610,8634,8634_1,,,
sub-DSAR45M04611,8931,8931_1,,,
sub-DSAR45M04612,196,196_1,sub-DSAR45M07901,0.9985,1
sub-DSAR45M04613,413,413_1,sub-DSAR45M01432,0.9953,1
sub-DSAR45M04614,6777,6777_1,,,
sub-DSAR45M04615,7022,7022_1,,,
sub-DSAR45M04616,322,322_1,sub-DSAR45M03217,1.0,1
sub-DSAR45M04617,9157,9157_1,,,
sub-DSAR45M04618,5738,5738_1,,,
sub-DSAR45M04619,9749,9749_1,,,
sub-DSAR45M04620,288,288_1,sub-DSAR45M09500,0.9984,1
sub-DSAR45M04621,6945,6945_1,,,
sub-DSAR45M04622,6087,6087_1,,,
sub-DSAR45M04623,5284,5284_1,,,
sub-DSAR45M04624,7153,7153_1,,,
sub-DSAR45M04625,2283,2283_1,,,
sub-DSAR45M04626,7138,7138_1,,,
sub-DSAR45M04627,6748,6748_1,,,
sub-DSAR45M04628,8829,8829_1,,,
sub-DSAR45M04629,3408,3408_1,,,
sub-DSAR45M04630,373,373_1,sub-DSAR45M08871,0.9959,1
sub-DSAR45M04631,5324,5324_1,,,
sub-DSAR45M04632,331,331_1,sub-DSAR45M02877,1.0,1
sub-DSAR45M04633,6881,6881_1,,,
sub-DSAR45M04634,5790,5790_1,,,
sub-DSAR45M04635,2225,2225_1,,,
sub-DSAR45M04636,5233,5233_1,,,
sub-DSAR45M04637,6980,6980_1,,,
sub-DSAR45M04638,152,152_1,sub-DSAR45M00508,0.9972,1
sub-DSAR45M04639,1086,1086_2,sub-DSAR45M06757,0.4321,3
sub-DSAR45M04640,1519,1519_1,sub-DSAR45M02787,0.4942,3
sub-DSAR45M04641,7722,7722_1,,,
sub-DSAR45M04642,7105,7105_1,,,
sub-DSAR45M04643,1291,1291_1,sub-DSAR45M03367,0.542,3
sub-DSAR45M04644,886,886_1,sub-DSAR45M01206,0.4515,2
sub-DSAR45M04645,4365,4365_1,,,
sub-DSAR45M04646,6107,6107_1,,,
sub-DSAR45M04647,8653,8653_1,,,
sub-DSAR45M04648,8311,8311_1,,,
sub-DSAR45M04649,3745,3745_1,,,
sub-DSAR45M04650,5616,5616_1,,,
sub-DSAR45M04651,6832,6832_1,,,
sub-DSAR45M04652,5850,5850_1,,,
sub-DSAR45M04653,3670,3670_1,,,
sub-DSAR45M04654,2745,2745_1,,,
sub-DSAR45M04655,660,660_1,sub-DSAR45M04669,0.4964,2
sub-DSAR45M04656,1705,1705_1,sub-DSAR45M02220,0.4723,3
sub-DSAR45M04657,9206,9206_1,,,
sub-DSAR45M04658,2940,2940_1,,,
sub-DSAR45M04659,3211,3211_1,,,
sub-DSAR45M04660,4588,4588_1,,,
sub-DSAR45M04661,8596,8596_1,,,
sub-DSAR45M04662,437,437_1,sub-DSAR45M07199,0.4647,2
sub-DSAR45M04663,640,640_1,sub-DSAR45M08396,0.4484,2
sub-DSAR45M04664,6269,6269_1,,,
sub-DSAR45M04665,3878,3878_1,,,
sub-DSAR45M04666,750,750_1,sub-DSAR45M08705,0.4607,2
sub-DSAR45M04667,1309,1309_2,sub-DSAR45M00304,0.5314,3
sub-DSAR45M04668,2212,2212_1,,,
sub-DSAR45M04669,660,660_1,sub-DSAR45M04655,0.4964,2
sub-DSAR45M04670,2490,2490_1,,,
sub-DSAR45M04671,5646,5646_1,,,
sub-DSAR45M04672,7162,7162_1,,,
sub-DSAR45M04673,5683,5683_1,,,
sub-DSAR45M04674,1234,1234_2,sub-DSAR45M06165,0.4819,3
sub-DSAR45M04675,6197,6197_1,,,
sub-DSAR45M04676,1696,1696_1,sub-DSAR45M07081,0.4844,3
sub-DSAR45M04677,6768,6768_1,,,
sub-DSAR45M04678,294,294_1,sub-DSAR45M06227,0.9955,1
sub-DSAR45M04679,9406,9406_1,,,
sub-DSAR45M04680,2260,2260_1,,,
sub-DSAR45M04681,5697,5697_1,,,
sub-DSAR45M04682,3178,3178_1,,,
sub-DSAR45M04683,2075,2075_1,,,
sub-DSAR45M04684,8991,8991_1,,,
sub-DSAR45M04685,7249,7249_1,,,
sub-DSAR45M04686,8372,8372_1,,,
sub-DSAR45M04687,130,130_1,sub-DSAR45M07396,0.9951,1
sub-DSAR45M04688,2076,2076_1,,,
sub-DSAR45M04689,908,908_1,sub-DSAR45M01018,0.5437,2
sub-DSAR45M04690,3138,3138_1,,,
sub-DSAR45M04691,7794,7794_1,,,
sub-DSAR45M04692,5589,5589_1,,,
sub-DSAR45M04693,7461,7461_1,,,
sub-DSAR45M04694,9777,9777_1,,,
sub-DSAR45M04695,5182,5182_1,,,
sub-DSAR45M04696,1494,1494_2,sub-DSAR45M05996,0.4535,3
sub-DSAR45M04697,3071,3071_1,,,
sub-DSAR45M04698,1606,1606_2,sub-DSAR45M07754,0.5313,3
sub-DSAR45M04699,1361,1361_2,sub-DSAR45M01300,0.4187,3
sub-DSAR45M04700,1404,1404_1,sub-DSAR45M00275,0.5826,3
sub-DSAR45M04701,247,247_1,sub-DSAR45M05236,0.9982,1
sub-DSAR45M04702,2125,2125_1,,,
sub-DSAR45M04703,1396,1396_2,sub-DSAR45M11261,0.4487,3
sub-DSAR45M04704,6469,6469_1,,,
sub-DSAR45M04705,154,154_1,sub-DSAR45M00115,1.0,1
sub-DSAR45M04706,4878,4878_1,,,
sub-DSAR45M04707,1489,1489_2,sub-DSAR45M03521,0.4413,3
sub-DSAR45M04708,1101,1101_2,sub-DSAR45M02628,0.4775,3
sub-DSAR45M04709,4836,4836_1,,,
sub-DSAR45M04710,3497,3497_1,,,
sub-DSAR45M04711,7799,7799_1,,,
sub-DSAR45M04712,5805,5805_1,,,
sub-DSAR45M04713,7185,7185_1,,,
sub-DSAR45M04714,2792,2792_1,,,
sub-DSAR45M04715,5300,5300_1,,,
sub-DSAR45M04716,5091,5091_1,,,
sub-DSAR45M04717,4858,4858_1,,,
sub-DSAR45M04718,9257,9257_1,,,
sub-DSAR45M04719,6776,6776_1,,,
sub-DSAR45M04720,6567,6567_1,,,
sub-DSAR45M04721,9369,9369_1,,,
sub-DSAR45M04722,4945,4945_1,,,
sub-DSAR45M04723,1631,1631_2,sub-DSAR45M00470,0.4722,3
sub-DSAR45M04724,1229,1229_1,sub-DSAR45M08323,0.513,3
sub-DSAR45M04725,3824,3824_1,,,
sub-DSAR45M04726,1620,1620_1,sub-DSAR45M02714,0.5439,3
sub-DSAR45M04727,4274,4274_1,,,
sub-DSAR45M04728,9208,9208_1,,,
sub-DSAR45M04729,4253,4253_1,,,
sub-DSAR45M04730,5016,5016_1,,,
sub-DSAR45M04731,1697,1697_2,sub-DSAR45M00789,0.5253,3
sub-DSAR45M04732,9709,9709_1,,,
sub-DSAR45M04733,3658,3658_1,,,
sub-DSAR45M04734,2653,2653_1,,,
sub-DSAR45M04735,1925,1925_1,,,
sub-DSAR45M04736,7122,7122_1,,,
sub-DSAR45M04737,4113,4113_1,,,
sub-DSAR45M04738,8891,8891_1,,,
sub-DSAR45M04739,8618,8618_1,,,
sub-DSAR45M04740,1472,1472_1,sub-DSAR45M07753,0.5055,3
sub-DSAR45M04741,1097,1097_2,sub-DSAR45M08636,0.5422,3
sub-DSAR45M04742,4505,4505_1,,,
sub-DSAR45M04743,7062,7062_1,,,
sub-DSAR45M04744,282,282_1,sub-DSAR45M06499,0.9974,1
sub-DSAR45M04745,1013,1013_1,sub-DSAR45M10186,0.5375,2
sub-DSAR45M04746,567,567_1,sub-DSAR45M00813,0.5433,2
sub-DSAR45M04747,5878,5878_1,,,
sub-DSAR45M04748,4292,4292_1,,,
sub-DSAR45M04749,1098,1098_2,sub-DSAR45M06360,0.5281,3
sub-DSAR45M04750,3517,3517_1,,,
sub-DSAR45M04751,6003,6003_1,,,
sub-DSAR45M04752,7194,7194_1,,,
sub-DSAR45M04753,5954,5954_1,,,
sub-DSAR45M04754,6487,6487_1,,,
sub-DSAR45M04755,9294,9294_1,,,
sub-DSAR45M04756,2720,2720_1,,,
sub-DSAR45M04757,352,352_1,sub-DSAR45M01086,0.999,1
sub-DSAR45M04758,2434,2434_1,,,
sub-DSAR45M04759,7451,7451_1,,,
sub-DSAR45M04760,9515,9515_1,,,
sub-DSAR45M04761,8888,8888_1,,,
sub-DSAR45M04762,9185,9185_1,,,
sub-DSAR45M04763,5003,5003_1,,,
sub-DSAR45M04764,3983,3983_1,,,
sub-DSAR45M04765,4277,4277_1,,,
sub-DSAR45M04766,9637,9637_1,,,
sub-DSAR45M04767,333,333_1,sub-DSAR45M00130,0.9954,1
sub-DSAR45M04768,629,629_1,sub-DSAR45M06887,0.5311,2
sub-DSAR45M04769,2299,2299_1,,,
sub-DSAR45M04770,2160,2160_1,,,
sub-DSAR45M04771,1902,1902_1,,,
sub-DSAR45M04772,7255,7255_1,,,
sub-DSAR45M04773,988,988_1,sub-DSAR45M08137,0.4785,2
sub-DSAR45M04774,690,690_1,sub-DSAR45M06551,0.5343,2
sub-DSAR45M04775,1046,1046_1,sub-DSAR45M02747,0.5218,2
sub-DSAR45M04776,1955,1955_1,,,
sub-DSAR45M04777,6083,6083_1,,,
sub-DSAR45M04778,236,236_1,sub-DSAR45M02991,0.9981,1
sub-DSAR45M04779,6350,6350_1,,,
sub-DSAR45M04780,1701,1701_1,sub-DSAR45M02040,0.465,3
sub-DSAR45M04781,7027,7027_1,,,
sub-DSAR45M04782,1665,1665_2,sub-DSAR45M02641,0.4795,3
sub-DSAR45M04783,674,674_1,sub-DSAR45M06268,0.5881,2
sub-DSAR45M04784,3931,3931_1,,,
sub-DSAR45M04785,1191,1191_2,sub-DSAR45M01421,0.5028,3
sub-DSAR45M04786,68,68_1,sub-DSAR45M09211,0.997,1
sub-DSAR45M04787,555,555_1,sub-DSAR45M03080,0.5154,2
sub-DSAR45M04788,368,368_1,sub-DSAR45M05007,0.9978,1
sub-DSAR45M04789,5827,5827_1,,,
sub-DSAR45M04790,4519,4519_1,,,
sub-DSAR45M04791,775,775_1,sub-DSAR45M07885,0.455,2
sub-DSAR45M04792,9633,9633_1,,,
sub-DSAR45M04793,3809,3809_1,,,
sub-DSAR45M04794,1129,1129_1,sub-DSAR45M02008,0.5176,3
sub-DSAR45M04795,2530,2530_1,,,
sub-DSAR45M04796,2859,2859_1,,,
sub-DSAR45M04797,858,858_1,sub-DSAR45M09780,0.5565,2
sub-DSAR45M04798,8757,8757_1,,,
sub-DSAR45M04799,1209,1209_2,sub-DSAR45M02441,0.4663,3
sub-DSAR45M04800,1063,1063_1,sub-DSAR45M09020,0.5122,2
sub-DSAR45M04801,7522,7522_1,,,
sub-DSAR45M04802,7602,7602_1,,,
sub-DSAR45M04803,9808,9808_1,,,
sub-DSAR45M04804,2485,2485_1,,,
sub-DSAR45M04805,5448,5448_1,,,
sub-DSAR45M04806,568,568_1,sub-DSAR45M06037,0.4098,2
sub-DSAR45M04807,1768,1768_2,sub-DSAR45M08336,0.4177,3
sub-DSAR45M04808,1392,1392_2,sub-DSAR45M04188,0.5001,3
sub-DSAR45M04809,6324,6324_1,,,
sub-DSAR45M04810,8110,8110_1,,,
sub-DSAR45M04811,93,93_1,sub-DSAR45M05622,0.9971,1
sub-DSAR45M04812,3764,3764_1,,,
sub-DSAR45M04813,5838,5838_1,,,
sub-DSAR45M04814,2208,2208_1,,,
sub-DSAR45M04815,3640,3640_1,,,
sub-DSAR45M04816,3551,3551_1,,,
sub-DSAR45M04817,5383,5383_1,,,
sub-DSAR45M04818,8099,8099_1,,,
sub-DSAR45M04819,7333,7333_1,,,
sub-DSAR45M04820,7870,7870_1,,,
sub-DSAR45M04821,4210,4210_1,,,
sub-DSAR45M04822,3708,3708_1,,,
sub-DSAR45M04823,5664,5664_1,,,
sub-DSAR45M04824,9184,9184_1,,,
sub-DSAR45M04825,2055,2055_1,,,
sub-DSAR45M04826,5066,5066_1,,,
sub-DSAR45M04827,4764,4764_1,,,
sub-DSAR45M04828,7392,7392_1,,,
sub-DSAR45M04829,8087,8087_1,,,
sub-DSAR45M04830,9565,9565_1,,,
sub-DSAR45M04831,7520,7520_1,,,
sub-DSAR45M04832,1709,1709_2,sub-DSAR45M06934,0.4823,3
sub-DSAR45M04833,3682,3682_1,,,
sub-DSAR45M04834,9051,9051_1,,,
sub-DSAR45M04835,9007,9007_1,,,
sub-DSAR45M04836,7418,7418_1,,,
sub-DSAR45M04837,1443,1443_2,sub-DSAR45M09014,0.4761,3
sub-DSAR45M04838,3494,3494_1,,,
sub-DSAR45M04839,5304,5304_1,,,
sub-DSAR45M04840,4167,4167_1,,,
sub-DSAR45M04841,5774,5774_1,,,
sub-DSAR45M04842,1033,1033_1,sub-DSAR45M07561,0.5002,2
sub-DSAR45M04843,124,124_1,sub-DSAR45M08168,0.9946,1
sub-DSAR45M04844,1248,1248_2,sub-DSAR45M08490,0.4767,3
sub-DSAR45M04845,3134,3134_1,,,
sub-DSAR45M04846,513,513_1,sub-DSAR45M03117,0.4488,2
sub-DSAR45M04847,7058,7058_1,,,
sub-DSAR45M04848,6959,6959_1,,,
sub-DSAR45M04849,45,45_1,sub-DSAR45M09956,0.9971,1
sub-DSAR45M04850,3229,3229_1,,,
sub-DSAR45M04851,7591,7591_1,,,
sub-DSAR45M04852,8548,8548_1,,,
sub-DSAR45M04853,1073,1073_2,sub-DSAR45M04606,0.5443,3
sub-DSAR45M04854,8573,8573_1,,,
sub-DSAR45M04855,4395,4395_1,,,
sub-DSAR45M04856,5858,5858_1,,,
sub-DSAR45M04857,859,859_1,sub-DSAR45M00714,0.5069,2
sub-DSAR45M04858,2624,2624_1,,,
sub-DSAR45M04859,7627,7627_1,,,
sub-DSAR45M04860,5096,5096_1,,,
sub-DSAR45M04861,8027,8027_1,,,
sub-DSAR45M04862,7355,7355_1,,,
sub-DSAR45M04863,5281,5281_1,,,
sub-DSAR45M04864,354,354_1,sub-DSAR45M06599,0.9937,1
sub-DSAR45M04865,9460,9460_1,,,
sub-DSAR45M04866,4717,4717_1,,,
sub-DSAR45M04867,9772,9772_1,,,
sub-DSAR45M04868,6456,6456_1,,,
sub-DSAR45M04869,9523,9523_1,,,
sub-DSAR45M04870,1775,1775_1,sub-DSAR45M01973,0.4748,3
sub-DSAR45M04871,742,742_1,sub-DSAR45M11449,0.5928,2
sub-DSAR45M04872,7777,7777_1,,,
sub-DSAR45M04873,6978,6978_1,,,
sub-DSAR45M04874,9377,9377_1,,,
sub-DSAR45M04875,8380,8380_1,,,
sub-DSAR45M04876,6017,6017_1,,,
sub-DSAR45M04877,948,948_1,sub-DSAR45M05040,0.5243,2
sub-DSAR45M04878,4383,4383_1,,,
sub-DSAR45M04879,5607,5607_1,,,
sub-DSAR45M04880,1162,1162_2,sub-DSAR45M05940,0.5532,3
sub-DSAR45M04881,8784,8784_1,,,
sub-DSAR45M04882,9214,9214_1,,,
sub-DSAR45M04883,850,850_1,sub-DSAR45M00455,0.5526,2
sub-DSAR45M04884,2900,2900_1,,,
sub-DSAR45M04885,1190,1190_1,sub-DSAR45M00611,0.5285,3
sub-DSAR45M04886,743,743_1,sub-DSAR45M00597,0.5812,2
sub-DSAR45M04887,1389,1389_2,sub-DSAR45M10182,0.5567,3
sub-DSAR45M04888,8976,8976_1,,,
sub-DSAR45M04889,3084,3084_1,,,
sub-DSAR45M04890,5156,5156_1,,,
sub-DSAR45M04891,1157,1157_2,sub-DSAR45M02108,0.4156,3
sub-DSAR45M04892,3018,3018_1,,,
sub-DSAR45M04893,6000,6000_1,,,
sub-DSAR45M04894,1678,1678_1,sub-DSAR45M06271,0.5336,3
sub-DSAR45M04895,8892,8892_1,,,
sub-DSAR45M04896,6684,6684_1,,,
sub-DSAR45M04897,6243,6243_1,,,
sub-DSAR45M04898,1692,1692_1,sub-DSAR45M06308,0.4973,3
sub-DSAR45M04899,2271,2271_1,,,
sub-DSAR45M04900,7555,7555_1,,,
sub-DSAR45M04901,4826,4826_1,,,
sub-DSAR45M04902,2598,2598_1,,,
sub-DSAR45M04903,5033,5033_1,,,
sub-DSAR45M04904,9825,9825_1,,,
sub-DSAR45M04905,3669,3669_1,,,
sub-DSAR45M04906,516,516_1,sub-DSAR45M05363,0.4726,2
sub-DSAR45M04907,8344,8344_1,,,
sub-DSAR45M04908,3743,3743_1,,,
sub-DSAR45M04909,9599,9599_1,,,
sub-DSAR45M04910,6140,6140_1,,,
sub-DSAR45M04911,5751,5751_1,,,
sub-DSAR45M04912,5133,5133_1,,,
sub-DSAR45M04913,515,515_1,sub-DSAR45M06576,0.4604,2
sub-DSAR45M04914,1640,1640_1,sub-DSAR45M00365,0.4881,3
sub-DSAR45M04915,2808,2808_1,,,
sub-DSAR45M04916,9285,9285_1,,,
sub-DSAR45M04917,5666,5666_1,,,
sub-DSAR45M04918,2718,2718_1,,,
sub-DSAR45M04919,755,755_1,sub-DSAR45M05055,0.4737,2
sub-DSAR45M04920,1832,1832_2,sub-DSAR45M00248,0.5052,3
sub-DSAR45M04921,6387,6387_1,,,
sub-DSAR45M04922,7541,7541_1,,,
sub-DSAR45M04923,9086,9086_1,,,
sub-DSAR45M04924,6203,6203_1,,,
sub-DSAR45M04925,8389,8389_1,,,
sub-DSAR45M04926,3316,3316_1,,,
sub-DSAR45M04927,7599,7599_1,,,
sub-DSAR45M04928,2679,2679_1,,,
sub-DSAR45M04929,8079,8079_1,,,
sub-DSAR45M04930,6132,6132_1,,,
sub-DSAR45M04931,5542,5542_1,,,
sub-DSAR45M04932,3593,3593_1,,,
sub-DSAR45M04933,9707,9707_1,,,
sub-DSAR45M04934,1800,1800_1,sub-DSAR45M07898,0.5834,3
sub-DSAR45M04935,8743,8743_1,,,
sub-DSAR45M04936,1557,1557_1,sub-DSAR45M07473,0.4722,3
sub-DSAR45M04937,108,108_1,sub-DSAR45M03026,0.9991,1
sub-DSAR45M04938,2823,2823_1,,,
sub-DSAR45M04939,9362,9362_1,,,
sub-DSAR45M04940,1591,1591_2,sub-DSAR45M03545,0.5681,3
sub-DSAR45M04941,2031,2031_1,,,
sub-DSAR45M04942,9765,9765_1,,,
sub-DSAR45M04943,1722,1722_1,sub-DSAR45M02559,0.5276,3
sub-DSAR45M04944,7252,7252_1,,,
sub-DSAR45M04945,4711,4711_1,,,
sub-DSAR45M04946,2964,2964_1,,,
sub-DSAR45M04947,1889,1889_1,,,
sub-DSAR45M04948,4947,4947_1,,,
sub-DSAR45M04949,4142,4142_1,,,
sub-DSAR45M04950,9014,9014_1,,,
sub-DSAR45M04951,8291,8291_1,,,
sub-DSAR45M04952,5517,5517_1,,,
sub-DSAR45M04953,4452,4452_1,,,
sub-DSAR45M04954,7598,7598_1,,,
sub-DSAR45M04955,9614,9614_1,,,
sub-DSAR45M04956,5953,5953_1,,,
sub-DSAR45M04957,5453,5453_1,,,
sub-DSAR45M04958,691,691_1,sub-DSAR45M02782,0.4672,2
sub-DSAR45M04959,7060,7060_1,,,
sub-DSAR45M04960,1947,1947_1,,,
sub-DSAR45M04961,2534,2534_1,,,
sub-DSAR45M04962,500,500_1,sub-DSAR45M00385,0.4521,2
sub-DSAR45M04963,5963,5963_1,,,
sub-DSAR45M04964,9034,9034_1,,,
sub-DSAR45M04965,8612,8612_1,,,
sub-DSAR45M04966,2548,2548_1,,,
sub-DSAR45M04967,3989,3989_1,,,
sub-DSAR45M04968,72,72_1,sub-DSAR45M00522,0.9971,1
sub-DSAR45M04969,3313,3313_1,,,
sub-DSAR45M04970,211,211_1,sub-DSAR45M09429,1.0,1
sub-DSAR45M04971,7267,7267_1,,,
sub-DSAR45M04972,1225,1225_1,sub-DSAR45M05120,0.5074,3
sub-DSAR45M04973,3364,3364_1,,,
sub-DSAR45M04974,2412,2412_1,,,
sub-DSAR45M04975,4739,4739_1,,,
sub-DSAR45M04976,6071,6071_1,,,
sub-DSAR45M04977,7732,7732_1,,,
sub-DSAR45M04978,2639,2639_1,,,
sub-DSAR45M04979,3821,3821_1,,,
sub-DSAR45M04980,8267,8267_1,,,
sub-DSAR45M04981,238,238_1,sub-DSAR45M10018,0.9964,1
sub-DSAR45M04982,6385,6385_1,,,
sub-DSAR45M04983,3090,3090_1,,,
sub-DSAR45M04984,2393,2393_1,,,
sub-DSAR45M04985,1666,1666_2,sub-DSAR45M01070,0.4557,3
sub-DSAR45M04986,905,905_1,sub-DSAR45M05637,0.4696,2
sub-DSAR45M04987,1388,1388_1,sub-DSAR45M09803,0.5204,3
sub-DSAR45M04988,2052,2052_1,,,
sub-DSAR45M04989,7639,7639_1,,,
sub-DSAR45M04990,3798,3798_1,,,
sub-DSAR45M04991,7311,7311_1,,,
sub-DSAR45M04992,2215,2215_1,,,
sub-DSAR45M04993,1258,1258_1,sub-DSAR45M08584,0.5456,3
sub-DSAR45M04994,7371,7371_1,,,
sub-DSAR45M04995,4170,4170_1,,,
sub-DSAR45M04996,1341,1341_1,sub-DSAR45M05654,0.5072,3
sub-DSAR45M04997,4754,4754_1,,,
sub-DSAR45M04998,5056,5056_1,,,
sub-DSAR45M04999,1204,1204_1,sub-DSAR45M02676,0.5093,3
sub-DSAR45M05000,4720,4720_1,,,
sub-DSAR45M05001,8625,8625_1,,,
sub-DSAR45M05002,7620,7620_1,,,
sub-DSAR45M05003,9603,9603_1,,,
sub-DSAR45M05004,9038,9038_1,,,
sub-DSAR45M05005,8255,8255_1,,,
sub-DSAR45M05006,1308,1308_1,sub-DSAR45M08448,0.5028,3
sub-DSAR45M05007,368,368_1,sub-DSAR45M04788,0.9978,1
sub-DSAR45M05008,5578,5578_1,,,
sub-DSAR45M05009,8054,8054_1,,,
sub-DSAR45M05010,6380,6380_1,,,
sub-DSAR45M05011,129,129_1,sub-DSAR45M02692,0.9993,1
sub-DSAR45M05012,4640,4640_1,,,
sub-DSAR45M05013,392,392_1,sub-DSAR45M01510,0.9979,1
sub-DSAR45M05014,1565,1565_1,sub-DSAR45M11429,0.4674,3
sub-DSAR45M05015,5452,5452_1,,,
sub-DSAR45M05016,27,27_1,sub-DSAR45M00952,0.9971,1
sub-DSAR45M05017,8216,8216_1,,,
sub-DSAR45M05018,8872,8872_1,,,
sub-DSAR45M05019,5997,5997_1,,,
sub-DSAR45M05020,7668,7668_1,,,
sub-DSAR45M05021,6578,6578_1,,,
sub-DSAR45M05022,1695,1695_2,sub-DSAR45M05414,0.5182,3
sub-DSAR45M05023,5250,5250_1,,,
sub-DSAR45M05024,5731,5731_1,,,
sub-DSAR45M05025,6823,6823_1,,,
sub-DSAR45M05026,6607,6607_1,,,
sub-DSAR45M05027,8520,8520_1,,,
sub-DSAR45M05028,1439,1439_1,sub-DSAR45M06695,0.5457,3
sub-DSAR45M05029,2331,2331_1,,,
sub-DSAR45M05030,9686,9686_1,,,
sub-DSAR45M05031,4180,4180_1,,,
sub-DSAR45M05032,3499,3499_1,,,
sub-DSAR45M05033,9613,9613_1,,,
sub-DSAR45M05034,7285,7285_1,,,
sub-DSAR45M05035,6389,6389_1,,,
sub-DSAR45M05036,1578,1578_1,sub-DSAR45M11381,0.4795,3
sub-DSAR45M05037,5705,5705_1,,,
sub-DSAR45M05038,545,545_1,sub-DSAR45M03493,0.4475,2
sub-DSAR45M05039,6338,6338_1,,,
sub-DSAR45M05040,948,948_1,sub-DSAR45M04877,0.5243,2
sub-DSAR45M05041,1271,1271_2,sub-DSAR45M11118,0.5153,3
sub-DSAR45M05042,6084,6084_1,,,
sub-DSAR45M05043,596,596_1,sub-DSAR45M08082,0.4225,2
sub-DSAR45M05044,3289,3289_1,,,
sub-DSAR45M05045,7594,7594_1,,,
sub-DSAR45M05046,1284,1284_2,sub-DSAR45M02875,0.5847,3
sub-DSAR45M05047,465,465_1,sub-DSAR45M09696,0.4509,2
sub-DSAR45M05048,5833,5833_1,,,
sub-DSAR45M05049,9144,9144_1,,,
sub-DSAR45M05050,5389,5389_1,,,
sub-DSAR45M05051,1979,1979_1,,,
sub-DSAR45M05052,1789,1789_2,sub-DSAR45M03978,0.5288,3
sub-DSAR45M05053,3436,3436_1,,,
sub-DSAR45M05054,922,922_1,sub-DSAR45M05436,0.5221,2
sub-DSAR45M05055,755,755_1,sub-DSAR45M04919,0.4737,2
sub-DSAR45M05056,4432,4432_1,,,
sub-DSAR45M05057,7516,7516_1,,,
sub-DSAR45M05058,2487,2487_1,,,
sub-DSAR45M05059,47,47_1,sub-DSAR45M03106,0.9971,1
sub-DSAR45M05060,834,834_1,sub-DSAR45M00826,0.5057,2
sub-DSAR45M05061,4886,4886_1,,,
sub-DSAR45M05062,2935,2935_1,,,
sub-DSAR45M05063,8521,8521_1,,,
sub-DSAR45M05064,7007,7007_1,,,
sub-DSAR45M05065,4937,4937_1,,,
sub-DSAR45M05066,3761,3761_1,,,
sub-DSAR45M05067,8592,8592_1,,,
sub-DSAR45M05068,6358,6358_1,,,
sub-DSAR45M05069,4648,4648_1,,,
sub-DSAR45M05070,8981,8981_1,,,
sub-DSAR45M05071,5131,5131_1,,,
sub-DSAR45M05072,1179,1179_1,sub-DSAR45M06601,0.4877,3
sub-DSAR45M05073,412,412_1,sub-DSAR45M01251,1.0,1
sub-DSAR45M05074,91,91_1,sub-DSAR45M00149,0.9998,1
sub-DSAR45M05075,1160,1160_1,sub-DSAR45M04246,0.5513,3
sub-DSAR45M05076,3470,3470_1,,,
sub-DSAR45M05077,7186,7186_1,,,
sub-DSAR45M05078,2442,2442_1,,,
sub-DSAR45M05079,125,125_1,sub-DSAR45M01202,0.9989,1
sub-DSAR45M05080,9648,9648_1,,,
sub-DSAR45M05081,3777,3777_1,,,
sub-DSAR45M05082,446,446_1,sub-DSAR45M08872,0.544,2
sub-DSAR45M05083,9263,9263_1,,,
sub-DSAR45M05084,2255,2255_1,,,
sub-DSAR45M05085,1265,1265_1,sub-DSAR45M05692,0.4821,3
sub-DSAR45M05086,6253,6253_1,,,
sub-DSAR45M05087,3325,3325_1,,,
sub-DSAR45M05088,5447,5447_1,,,
sub-DSAR45M05089,4406,4406_1,,,
sub-DSAR45M05090,7888,7888_1,,,
sub-DSAR45M05091,341,341_1,sub-DSAR45M09917,0.9994,1
sub-DSAR45M05092,4186,4186_1,,,
sub-DSAR45M05093,7200,7200_1,,,
sub-DSAR45M05094,8305,8305_1,,,
sub-DSAR45M05095,6430,6430_1,,,
sub-DSAR45M05096,317,317_1,sub-DSAR45M01588,0.9946,1
sub-DSAR45M05097,9797,9797_1,,,
sub-DSAR45M05098,477,477_1,sub-DSAR45M05460,0.468,2
sub-DSAR45M05099,6072,6072_1,,,
sub-DSAR45M05100,1753,1753_2,sub-DSAR45M03819,0.4172,3
sub-DSAR45M05101,9567,9567_1,,,
sub-DSAR45M05102,7069,7069_1,,,
sub-DSAR45M05103,6484,6484_1,,,
sub-DSAR45M05104,7462,7462_1,,,
sub-DSAR45M05105,1545,1545_1,sub-DSAR45M09789,0.5104,3
sub-DSAR45M05106,7660,7660_1,,,
sub-DSAR45M05107,2016,2016_1,,,
sub-DSAR45M05108,5883,5883_1,,,
sub-DSAR45M05109,3277,3277_1,,,
sub-DSAR45M05110,6332,6332_1,,,
sub-DSAR45M05111,2831,2831_1,,,
sub-DSAR45M05112,1702,1702_2,sub-DSAR45M07533,0.4703,3
sub-DSAR45M05113,1636,1636_2,sub-DSAR45M02709,0.469,3
sub-DSAR45M05114,552,552_1,sub-DSAR45M07357,0.5177,2
sub-DSAR45M05115,2902,2902_1,,,
sub-DSAR45M05116,9359,9359_1,,,
sub-DSAR45M05117,381,381_1,sub-DSAR45M05453,0.997,1
sub-DSAR45M05118,421,421_1,sub-DSAR45M00699,0.5356,2
sub-DSAR45M05119,1551,1551_2,sub-DSAR45M05452,0.5088,3
sub-DSAR45M05120,1225,1225_2,sub-DSAR45M04972,0.5074,3
sub-DSAR45M05121,1233,1233_2,sub-DSAR45M06902,0.4947,3
sub-DSAR45M05122,7287,7287_1,,,
sub-DSAR45M05123,1126,1126_1,sub-DSAR45M10993,0.5374,3
sub-DSAR45M05124,8225,8225_1,,,
sub-DSAR45M05125,900,900_1,sub-DSAR45M11259,0.5305,2
sub-DSAR45M05126,1751,1751_2,sub-DSAR45M05998,0.5081,3
sub-DSAR45M05127,1682,1682_1,sub-DSAR45M01576,0.4984,3
sub-DSAR45M05128,3390,3390_1,,,
sub-DSAR45M05129,1330,1330_2,sub-DSAR45M10383,0.4349,3
sub-DSAR45M05130,1336,1336_1,sub-DSAR45M02601,0.5058,3
sub-DSAR45M05131,1756,1756_1,sub-DSAR45M02673,0.5099,3
sub-DSAR45M05132,3038,3038_1,,,
sub-DSAR45M05133,461,461_1,sub-DSAR45M05930,0.4883,2
sub-DSAR45M05134,4968,4968_1,,,
sub-DSAR45M05135,1093,1093_2,sub-DSAR45M01693,0.5016,3
sub-DSAR45M05136,2022,2022_1,,,
sub-DSAR45M05137,3048,3048_1,,,
sub-DSAR45M05138,9561,9561_1,,,
sub-DSAR45M05139,362,362_1,sub-DSAR45M06206,0.9992,1
sub-DSAR45M05140,5108,5108_1,,,
sub-DSAR45M05141,9200,9200_1,,,
sub-DSAR45M05142,7949,7949_1,,,
sub-DSAR45M05143,7354,7354_1,,,
sub-DSAR45M05144,287,287_1,sub-DSAR45M11462,0.9965,1
sub-DSAR45M05145,1635,1635_2,sub-DSAR45M02890,0.5565,3
sub-DSAR45M05146,1861,1861_1,,,
sub-DSAR45M05147,3996,3996_1,,,
sub-DSAR45M05148,5061,5061_1,,,
sub-DSAR45M05149,1786,1786_1,sub-DSAR45M11627,0.4393,3
sub-DSAR45M05150,4461,4461_1,,,
sub-DSAR45M05151,4920,4920_1,,,
sub-DSAR45M05152,2480,2480_1,,,
sub-DSAR45M05153,2199,2199_1,,,
sub-DSAR45M05154,1319,1319_2,sub-DSAR45M06880,0.4765,3
sub-DSAR45M05155,3283,3283_1,,,
sub-DSAR45M05156,3654,3654_1,,,
sub-DSAR45M05157,3707,3707_1,,,
sub-DSAR45M05158,6051,6051_1,,,
sub-DSAR45M05159,1499,1499_1,sub-DSAR45M09606,0.5968,3
sub-DSAR45M05160,1011,1011_1,sub-DSAR45M04458,0.5906,2
sub-DSAR45M05161,7761,7761_1,,,
sub-DSAR45M05162,8486,8486_1,,,
sub-DSAR45M05163,7167,7167_1,,,
sub-DSAR45M05164,4824,4824_1,,,
sub-DSAR45M05165,5625,5625_1,,,
sub-DSAR45M05166,9639,9639_1,,,
sub-DSAR45M05167,8395,8395_1,,,
sub-DSAR45M05168,1064,1064_1,sub-DSAR45M07129,0.5465,3
sub-DSAR45M05169,618,618_1,sub-DSAR45M09190,0.4788,2
sub-DSAR45M05170,3079,3079_1,,,
sub-DSAR45M05171,4442,4442_1,,,
sub-DSAR45M05172,805,805_1,sub-DSAR45M04140,0.5984,2
sub-DSAR45M05173,4337,4337_1,,,
sub-DSAR45M05174,3785,3785_1,,,
sub-DSAR45M05175,8376,8376_1,,,
sub-DSAR45M05176,2237,2237_1,,,
sub-DSAR45M05177,6849,6849_1,,,
sub-DSAR45M05178,8517,8517_1,,,
sub-DSAR45M05179,8751,8751_1,,,
sub-DSAR45M05180,1301,1301_2,sub-DSAR45M09041,0.5939,3
sub-DSAR45M05181,846,846_1,sub-DSAR45M06799,0.3833,2
sub-DSAR45M05182,3518,3518_1,,,
sub-DSAR45M05183,6867,6867_1,,,
sub-DSAR45M05184,5572,5572_1,,,
sub-DSAR45M05185,4469,4469_1,,,
sub-DSAR45M05186,6754,6754_1,,,
sub-DSAR45M05187,6053,6053_1,,,
sub-DSAR45M05188,38,38_1,sub-DSAR45M09951,0.9973,1
sub-DSAR45M05189,8340,8340_1,,,
sub-DSAR45M05190,7059,7059_1,,,
sub-DSAR45M05191,46,46_1,sub-DSAR45M06529,0.9976,1
sub-DSAR45M05192,5490,5490_1,,,
sub-DSAR45M05193,7064,7064_1,,,
sub-DSAR45M05194,3804,3804_1,,,
sub-DSAR45M05195,6804,6804_1,,,
sub-DSAR45M05196,8989,8989_1,,,
sub-DSAR45M05197,993,993_1,sub-DSAR45M10128,0.5136,2
sub-DSAR45M05198,4552,4552_1,,,
sub-DSAR45M05199,853,853_1,sub-DSAR45M02263,0.5118,2
sub-DSAR45M05200,1511,1511_2,sub-DSAR45M01473,0.4515,3
sub-DSAR45M05201,8614,8614_1,,,
sub-DSAR45M05202,4512,4512_1,,,
sub-DSAR45M05203,7286,7286_1,,,
sub-DSAR45M05204,2731,2731_1,,,
sub-DSAR45M05205,3725,3725_1,,,
sub-DSAR45M05206,725,725_1,sub-DSAR45M01593,0.4944,2
sub-DSAR45M05207,6481,6481_1,,,
sub-DSAR45M05208,9008,9008_1,,,
sub-DSAR45M05209,1918,1918_1,,,
sub-DSAR45M05210,6652,6652_1,,,
sub-DSAR45M05211,1553,1553_1,sub-DSAR45M06876,0.381,3
sub-DSAR45M05212,48,48_1,sub-DSAR45M11392,0.9994,1
sub-DSAR45M05213,1862,1862_1,,,
sub-DSAR45M05214,2760,2760_1,,,
sub-DSAR45M05215,9297,9297_1,,,
sub-DSAR45M05216,458,458_1,sub-DSAR45M03005,0.4654,2
sub-DSAR45M05217,363,363_1,sub-DSAR45M08199,1.0,1
sub-DSAR45M05218,425,425_1,sub-DSAR45M03616,0.5022,2
sub-DSAR45M05219,3304,3304_1,,,
sub-DSAR45M05220,8442,8442_1,,,
sub-DSAR45M05221,7388,7388_1,,,
sub-DSAR45M05222,5216,5216_1,,,
sub-DSAR45M05223,6597,6597_1,,,
sub-DSAR45M05224,1958,1958_1,,,
sub-DSAR45M05225,8946,8946_1,,,
sub-DSAR45M05226,8659,8659_1,,,
sub-DSAR45M05227,666,666_1,sub-DSAR45M02153,0.4885,2
sub-DSAR45M05228,9660,9660_1,,,
sub-DSAR45M05229,5482,5482_1,,,
sub-DSAR45M05230,7039,7039_1,,,
sub-DSAR45M05231,1227,1227_2,sub-DSAR45M09360,0.4144,3
sub-DSAR45M05232,1114,1114_2,sub-DSAR45M10645,0.4669,3
sub-DSAR45M05233,1246,1246_1,sub-DSAR45M10281,0.4202,3
sub-DSAR45M05234,1740,1740_1,sub-DSAR45M00625,0.439,3
sub-DSAR45M05235,6172,6172_1,,,
sub-DSAR45M05236,247,247_1,sub-DSAR45M04701,0.9982,1
sub-DSAR45M05237,3137,3137_1,,,
sub-DSAR45M05238,1462,1462_2,sub-DSAR45M07791,0.5388,3
sub-DSAR45M05239,4748,4748_1,,,
sub-DSAR45M05240,4193,4193_1,,,
sub-DSAR45M05241,6937,6937_1,,,
sub-DSAR45M05242,1001,1001_1,sub-DSAR45M02067,0.4878,2
sub-DSAR45M05243,2580,2580_1,,,
sub-DSAR45M05244,9360,9360_1,,,
sub-DSAR45M05245,132,132_1,sub-DSAR45M04478,0.9966,1
sub-DSAR45M05246,2313,2313_1,,,
sub-DSAR45M05247,1321,1321_2,sub-DSAR45M01446,0.5562,3
sub-DSAR45M05248,7033,7033_1,,,
sub-DSAR45M05249,5538,5538_1,,,
sub-DSAR45M05250,6642,6642_1,,,
sub-DSAR45M05251,6118,6118_1,,,
sub-DSAR45M05252,1150,1150_1,sub-DSAR45M10032,0.4547,3
sub-DSAR45M05253,6794,6794_1,,,
sub-DSAR45M05254,9602,9602_1,,,
sub-DSAR45M05255,4267,4267_1,,,
sub-DSAR45M05256,5946,5946_1,,,
sub-DSAR45M05257,147,147_1,sub-DSAR45M00297,0.9922,1
sub-DSAR45M05258,5,5_1,sub-DSAR45M01105,1.0,1
sub-DSAR45M05259,702,702_1,sub-DSAR45M07821,0.491,2
sub-DSAR45M05260,5523,5523_1,,,
sub-DSAR45M05261,8529,8529_1,,,
sub-DSAR45M05262,3314,3314_1,,,
sub-DSAR45M05263,1201,1201_1,sub-DSAR45M09675,0.492,3
sub-DSAR45M05264,635,635_1,sub-DSAR45M08010,0.4633,2
sub-DSAR45M05265,6551,6551_1,,,
sub-DSAR45M05266,868,868_1,sub-DSAR45M06873,0.4742,2
sub-DSAR45M05267,8678,8678_1,,,
sub-DSAR45M05268,12,12_1,sub-DSAR45M10305,0.997,1
sub-DSAR45M05269,3189,3189_1,,,
sub-DSAR45M05270,4062,4062_1,,,
sub-DSAR45M05271,4056,4056_1,,,
sub-DSAR45M05272,6733,6733_1,,,
sub-DSAR45M05273,4550,4550_1,,,
sub-DSAR45M05274,5302,5302_1,,,
sub-DSAR45M05275,1671,1671_1,sub-DSAR45M08656,0.3858,3
sub-DSAR45M05276,4568,4568_1,,,
sub-DSAR45M05277,3948,3948_1,,,
sub-DSAR45M05278,4102,4102_1,,,
sub-DSAR45M05279,4446,4446_1,,,
sub-DSAR45M05280,6765,6765_1,,,
sub-DSAR45M05281,1941,1941_1,,,
sub-DSAR45M05282,3885,3885_1,,,
sub-DSAR45M05283,5325,5325_1,,,
sub-DSAR45M05284,1826,1826_2,sub-DSAR45M01620,0.4797,3
sub-DSAR45M05285,397,397_1,sub-DSAR45M00822,0.999,1
sub-DSAR45M05286,7592,7592_1,,,
sub-DSAR45M05287,6571,6571_1,,,
sub-DSAR45M05288,10,10_1,sub-DSAR45M02262,0.9958,1
sub-DSAR45M05289,7473,7473_1,,,
sub-DSAR45M05290,4024,4024_1,,,
sub-DSAR45M05291,2166,2166_1,,,
sub-DSAR45M05292,627,627_1,sub-DSAR45M02544,0.5143,2
sub-DSAR45M05293,4002,4002_1,,,
sub-DSAR45M05294,2515,2515_1,,,
sub-DSAR45M05295,7524,7524_1,,,
sub-DSAR45M05296,3254,3254_1,,,
sub-DSAR45M05297,7849,7849_1,,,
sub-DSAR45M05298,4059,4059_1,,,
sub-DSAR45M05299,2352,2352_1,,,
sub-DSAR45M05300,1951,1951_1,,,
sub-DSAR45M05301,2216,2216_1,,,
sub-DSAR45M05302,2044,2044_1,,,
sub-DSAR45M05303,7931,7931_1,,,
sub-DSAR45M05304,1037,1037_1,sub-DSAR45M03971,0.4449,2
sub-DSAR45M05305,1794,1794_1,sub-DSAR45M08979,0.4857,3
sub-DSAR45M05306,1767,1767_2,sub-DSAR45M05861,0.5662,3
sub-DSAR45M05307,4526,4526_1,,,
sub-DSAR45M05308,6894,6894_1,,,
sub-DSAR45M05309,7930,7930_1,,,
sub-DSAR45M05310,2625,2625_1,,,
sub-DSAR45M05311,1536,1536_2,sub-DSAR45M03375,0.4435,3
sub-DSAR45M05312,1757,1757_2,sub-DSAR45M03615,0.5075,3
sub-DSAR45M05313,1116,1116_2,sub-DSAR45M09081,0.556,3
sub-DSAR45M05314,8676,8676_1,,,
sub-DSAR45M05315,7293,7293_1,,,
sub-DSAR45M05316,3214,3214_1,,,
sub-DSAR45M05317,5372,5372_1,,,
sub-DSAR45M05318,7853,7853_1,,,
sub-DSAR45M05319,7957,7957_1,,,
sub-DSAR45M05320,6507,6507_1,,,
sub-DSAR45M05321,6297,6297_1,,,
sub-DSAR45M05322,1989,1989_1,,,
sub-DSAR45M05323,4272,4272_1,,,
sub-DSAR45M05324,726,726_1,sub-DSAR45M09171,0.4812,2
sub-DSAR45M05325,7269,7269_1,,,
sub-DSAR45M05326,1465,1465_2,sub-DSAR45M02370,0.5321,3
sub-DSAR45M05327,7261,7261_1,,,
sub-DSAR45M05328,1737,1737_1,sub-DSAR45M07868,0.4833,3
sub-DSAR45M05329,9506,9506_1,,,
sub-DSAR45M05330,1413,1413_2,sub-DSAR45M00209,0.5009,3
sub-DSAR45M05331,345,345_1,sub-DSAR45M07413,0.9995,1
sub-DSAR45M05332,6640,6640_1,,,
sub-DSAR45M05333,9746,9746_1,,,
sub-DSAR45M05334,5924,5924_1,,,
sub-DSAR45M05335,2373,2373_1,,,
sub-DSAR45M05336,9466,9466_1,,,
sub-DSAR45M05337,8130,8130_1,,,
sub-DSAR45M05338,971,971_1,sub-DSAR45M03152,0.4904,2
sub-DSAR45M05339,5988,5988_1,,,
sub-DSAR45M05340,5489,5489_1,,,
sub-DSAR45M05341,3145,3145_1,,,
sub-DSAR45M05342,5170,5170_1,,,
sub-DSAR45M05343,5194,5194_1,,,
sub-DSAR45M05344,7490,7490_1,,,
sub-DSAR45M05345,5293,5293_1,,,
sub-DSAR45M05346,8443,8443_1,,,
sub-DSAR45M05347,4087,4087_1,,,
sub-DSAR45M05348,7435,7435_1,,,
sub-DSAR45M05349,2619,2619_1,,,
sub-DSAR45M05350,2764,2764_1,,,
sub-DSAR45M05351,7304,7304_1,,,
sub-DSAR45M05352,5971,5971_1,,,
sub-DSAR45M05353,2347,2347_1,,,
sub-DSAR45M05354,6784,6784_1,,,
sub-DSAR45M05355,9191,9191_1,,,
sub-DSAR45M05356,3816,3816_1,,,
sub-DSAR45M05357,3790,3790_1,,,
sub-DSAR45M05358,8104,8104_1,,,
sub-DSAR45M05359,852,852_1,sub-DSAR45M02254,0.5022,2
sub-DSAR45M05360,4662,4662_1,,,
sub-DSAR45M05361,772,772_1,sub-DSAR45M07584,0.4936,2
sub-DSAR45M05362,423,423_1,sub-DSAR45M10608,0.4895,2
sub-DSAR45M05363,516,516_1,sub-DSAR45M04906,0.4726,2
sub-DSAR45M05364,9679,9679_1,,,
sub-DSAR45M05365,286,286_1,sub-DSAR45M09337,0.9959,1
sub-DSAR45M05366,1455,1455_1,sub-DSAR45M03550,0.4799,3
sub-DSAR45M05367,1524,1524_1,sub-DSAR45M09217,0.4756,3
sub-DSAR45M05368,1250,1250_2,sub-DSAR45M06455,0.5396,3
sub-DSAR45M05369,4004,4004_1,,,
sub-DSAR45M05370,4198,4198_1,,,
sub-DSAR45M05371,558,558_1,sub-DSAR45M09025,0.4737,2
sub-DSAR45M05372,578,578_1,sub-DSAR45M06220,0.4521,2
sub-DSAR45M05373,1773,1773_1,sub-DSAR45M05552,0.5502,3
sub-DSAR45M05374,1464,1464_1,sub-DSAR45M00780,0.5386,3
sub-DSAR45M05375,7746,7746_1,,,
sub-DSAR45M05376,843,843_1,sub-DSAR45M03827,0.4883,2
sub-DSAR45M05377,1221,1221_1,sub-DSAR45M08866,0.5378,3
sub-DSAR45M05378,3355,3355_1,,,
sub-DSAR45M05379,9314,9314_1,,,
sub-DSAR45M05380,3042,3042_1,,,
sub-DSAR45M05381,7929,7929_1,,,
sub-DSAR45M05382,2725,2725_1,,,
sub-DSAR45M05383,2509,2509_1,,,
sub-DSAR45M05384,7514,7514_1,,,
sub-DSAR45M05385,6363,6363_1,,,
sub-DSAR45M05386,3727,3727_1,,,
sub-DSAR45M05387,324,324_1,sub-DSAR45M08001,0.9959,1
sub-DSAR45M05388,1566,1566_1,sub-DSAR45M08825,0.5699,3
sub-DSAR45M05389,9391,9391_1,,,
sub-DSAR45M05390,7754,7754_1,,,
sub-DSAR45M05391,3559,3559_1,,,
sub-DSAR45M05392,7042,7042_1,,,
sub-DSAR45M05393,1254,1254_2,sub-DSAR45M07968,0.5685,3
sub-DSAR45M05394,5961,5961_1,,,
sub-DSAR45M05395,8966,8966_1,,,
sub-DSAR45M05396,2172,2172_1,,,
sub-DSAR45M05397,8462,8462_1,,,
sub-DSAR45M05398,9834,9834_1,,,
sub-DSAR45M05399,6139,6139_1,,,
sub-DSAR45M05400,753,753_1,sub-DSAR45M03918,0.4645,2
sub-DSAR45M05401,1249,1249_2,sub-DSAR45M08842,0.5122,3
sub-DSAR45M05402,3709,3709_1,,,
sub-DSAR45M05403,7117,7117_1,,,
sub-DSAR45M05404,3148,3148_1,,,
sub-DSAR45M05405,7713,7713_1,,,
sub-DSAR45M05406,1577,1577_2,sub-DSAR45M04061,0.5217,3
sub-DSAR45M05407,3190,3190_1,,,
sub-DSAR45M05408,7738,7738_1,,,
sub-DSAR45M05409,984,984_1,sub-DSAR45M07803,0.4783,2
sub-DSAR45M05410,4242,4242_1,,,
sub-DSAR45M05411,771,771_1,sub-DSAR45M10712,0.4605,2
sub-DSAR45M05412,5553,5553_1,,,
sub-DSAR45M05413,1434,1434_2,sub-DSAR45M07076,0.5282,3
sub-DSAR45M05414,1695,1695_1,sub-DSAR45M05022,0.5182,3
sub-DSAR45M05415,6961,6961_1,,,
sub-DSAR45M05416,7869,7869_1,,,
sub-DSAR45M05417,7423,7423_1,,,
sub-DSAR45M05418,7422,7422_1,,,
sub-DSAR45M05419,8107,8107_1,,,
sub-DSAR45M05420,6422,6422_1,,,
sub-DSAR45M05421,6942,6942_1,,,
sub-DSAR45M05422,3295,3295_1,,,
sub-DSAR45M05423,5601,5601_1,,,
sub-DSAR45M05424,4248,4248_1,,,
sub-DSAR45M05425,8959,8959_1,,,
sub-DSAR45M05426,1806,1806_1,sub-DSAR45M07125,0.5189,3
sub-DSAR45M05427,7824,7824_1,,,
sub-DSAR45M05428,517,517_1,sub-DSAR45M09442,0.5426,2
sub-DSAR45M05429,9036,9036_1,,,
sub-DSAR45M05430,218,218_1,sub-DSAR45M08043,1.0,1
sub-DSAR45M05431,7347,7347_1,,,
sub-DSAR45M05432,2333,2333_1,,,
sub-DSAR45M05433,9787,9787_1,,,
sub-DSAR45M05434,281,281_1,sub-DSAR45M03792,1.0,1
sub-DSAR45M05435,2758,2758_1,,,
sub-DSAR45M05436,922,922_1,sub-DSAR45M05054,0.5221,2
sub-DSAR45M05437,1827,1827_2,sub-DSAR45M10421,0.5222,3
sub-DSAR45M05438,6822,6822_1,,,
sub-DSAR45M05439,3082,3082_1,,,
sub-DSAR45M05440,5552,5552_1,,,
sub-DSAR45M05441,6577,6577_1,,,
sub-DSAR45M05442,8334,8334_1,,,
sub-DSAR45M05443,1520,1520_1,sub-DSAR45M10336,0.4267,3
sub-DSAR45M05444,3865,3865_1,,,
sub-DSAR45M05445,7082,7082_1,,,
sub-DSAR45M05446,1910,1910_1,,,
sub-DSAR45M05447,5467,5467_1,,,
sub-DSAR45M05448,2586,2586_1,,,
sub-DSAR45M05449,2213,2213_1,,,
sub-DSAR45M05450,8799,8799_1,,,
sub-DSAR45M05451,3163,3163_1,,,
sub-DSAR45M05452,1551,1551_1,sub-DSAR45M05119,0.5088,3
sub-DSAR45M05453,381,381_1,sub-DSAR45M05117,0.997,1
sub-DSAR45M05454,1285,1285_1,sub-DSAR45M09858,0.473,3
sub-DSAR45M05455,1658,1658_2,sub-DSAR45M04385,0.5301,3
sub-DSAR45M05456,1843,1843_1,,,
sub-DSAR45M05457,847,847_1,sub-DSAR45M02125,0.4958,2
sub-DSAR45M05458,689,689_1,sub-DSAR45M11084,0.4563,2
sub-DSAR45M05459,6471,6471_1,,,
sub-DSAR45M05460,477,477_1,sub-DSAR45M05098,0.468,2
sub-DSAR45M05461,3588,3588_1,,,
sub-DSAR45M05462,5940,5940_1,,,
sub-DSAR45M05463,2717,2717_1,,,
sub-DSAR45M05464,7561,7561_1,,,
sub-DSAR45M05465,8852,8852_1,,,
sub-DSAR45M05466,5017,5017_1,,,
sub-DSAR45M05467,6643,6643_1,,,
sub-DSAR45M05468,7180,7180_1,,,
sub-DSAR45M05469,7028,7028_1,,,
sub-DSAR45M05470,6526,6526_1,,,
sub-DSAR45M05471,8229,8229_1,,,
sub-DSAR45M05472,2269,2269_1,,,
sub-DSAR45M05473,4209,4209_1,,,
sub-DSAR45M05474,9152,9152_1,,,
sub-DSAR45M05475,2838,2838_1,,,
sub-DSAR45M05476,2287,2287_1,,,
sub-DSAR45M05477,216,216_1,sub-DSAR45M07734,0.9995,1
sub-DSAR45M05478,76,76_1,sub-DSAR45M02371,0.9967,1
sub-DSAR45M05479,364,364_1,sub-DSAR45M02864,0.9987,1
sub-DSAR45M05480,9196,9196_1,,,
sub-DSAR45M05481,807,807_1,sub-DSAR45M06826,0.4675,2
sub-DSAR45M05482,1,1_1,sub-DSAR45M04122,0.9975,1
sub-DSAR45M05483,745,745_1,sub-DSAR45M11195,0.5286,2
sub-DSAR45M05484,6080,6080_1,,,
sub-DSAR45M05485,2950,2950_1,,,
sub-DSAR45M05486,6133,6133_1,,,
sub-DSAR45M05487,7043,7043_1,,,
sub-DSAR45M05488,6339,6339_1,,,
sub-DSAR45M05489,464,464_1,sub-DSAR45M03519,0.5021,2
sub-DSAR45M05490,1211,1211_2,sub-DSAR45M06387,0.5156,3
sub-DSAR45M05491,4412,4412_1,,,
sub-DSAR45M05492,7098,7098_1,,,
sub-DSAR45M05493,3119,3119_1,,,
sub-DSAR45M05494,5138,5138_1,,,
sub-DSAR45M05495,857,857_1,sub-DSAR45M04524,0.5194,2
sub-DSAR45M05496,782,782_1,sub-DSAR45M10774,0.4902,2
sub-DSAR45M05497,592,592_1,sub-DSAR45M06847,0.5232,2
sub-DSAR45M05498,6798,6798_1,,,
sub-DSAR45M05499,4413,4413_1,,,
sub-DSAR45M05500,616,616_1,sub-DSAR45M01017,0.4867,2
sub-DSAR45M05501,8347,8347_1,,,
sub-DSAR45M05502,1292,1292_1,sub-DSAR45M07961,0.5952,3
sub-DSAR45M05503,489,489_1,sub-DSAR45M07581,0.4438,2
sub-DSAR45M05504,1728,1728_1,sub-DSAR45M05715,0.527,3
sub-DSAR45M05505,4888,4888_1,,,
sub-DSAR45M05506,3199,3199_1,,,
sub-DSAR45M05507,7089,7089_1,,,
sub-DSAR45M05508,404,404_1,sub-DSAR45M03227,0.9991,1
sub-DSAR45M05509,2669,2669_1,,,
sub-DSAR45M05510,1315,1315_1,sub-DSAR45M00514,0.5763,3
sub-DSAR45M05511,6018,6018_1,,,
sub-DSAR45M05512,6746,6746_1,,,
sub-DSAR45M05513,176,176_1,sub-DSAR45M03885,0.9958,1
sub-DSAR45M05514,5917,5917_1,,,
sub-DSAR45M05515,9436,9436_1,,,
sub-DSAR45M05516,2742,2742_1,,,
sub-DSAR45M05517,5513,5513_1,,,
sub-DSAR45M05518,3695,3695_1,,,
sub-DSAR45M05519,5443,5443_1,,,
sub-DSAR45M05520,8865,8865_1,,,
sub-DSAR45M05521,1741,1741_1,sub-DSAR45M11604,0.4726,3
sub-DSAR45M05522,4181,4181_1,,,
sub-DSAR45M05523,1869,1869_1,,,
sub-DSAR45M05524,1831,1831_1,sub-DSAR45M07767,0.5444,3
sub-DSAR45M05525,1371,1371_2,sub-DSAR45M08563,0.457,3
sub-DSAR45M05526,1795,1795_1,sub-DSAR45M00065,0.6142,3
sub-DSAR45M05527,5237,5237_1,,,
sub-DSAR45M05528,1385,1385_1,sub-DSAR45M00736,0.4333,3
sub-DSAR45M05529,903,903_1,sub-DSAR45M00539,0.4583,2
sub-DSAR45M05530,4928,4928_1,,,
sub-DSAR45M05531,2948,2948_1,,,
sub-DSAR45M05532,4037,4037_1,,,
sub-DSAR45M05533,1704,1704_1,sub-DSAR45M01188,0.5543,3
sub-DSAR45M05534,1170,1170_1,sub-DSAR45M02135,0.4783,3
sub-DSAR45M05535,3787,3787_1,,,
sub-DSAR45M05536,8222,8222_1,,,
sub-DSAR45M05537,4708,4708_1,,,
sub-DSAR45M05538,9832,9832_1,,,
sub-DSAR45M05539,6342,6342_1,,,
sub-DSAR45M05540,6608,6608_1,,,
sub-DSAR45M05541,2546,2546_1,,,
sub-DSAR45M05542,8102,8102_1,,,
sub-DSAR45M05543,1470,1470_2,sub-DSAR45M06915,0.4996,3
sub-DSAR45M05544,366,366_1,sub-DSAR45M10994,0.9956,1
sub-DSAR45M05545,8275,8275_1,,,
sub-DSAR45M05546,1748,1748_2,sub-DSAR45M06443,0.5063,3
sub-DSAR45M05547,658,658_1,sub-DSAR45M04404,0.4828,2
sub-DSAR45M05548,1381,1381_1,sub-DSAR45M08725,0.5439,3
sub-DSAR45M05549,6680,6680_1,,,
sub-DSAR45M05550,1287,1287_1,sub-DSAR45M05919,0.4467,3
sub-DSAR45M05551,9525,9525_1,,,
sub-DSAR45M05552,1773,1773_2,sub-DSAR45M05373,0.5502,3
sub-DSAR45M05553,1025,1025_1,sub-DSAR45M06417,0.4679,2
sub-DSAR45M05554,460,460_1,sub-DSAR45M10989,0.543,2
sub-DSAR45M05555,4394,4394_1,,,
sub-DSAR45M05556,1474,1474_2,sub-DSAR45M01223,0.4621,3
sub-DSAR45M05557,7862,7862_1,,,
sub-DSAR45M05558,7676,7676_1,,,
sub-DSAR45M05559,920,920_1,sub-DSAR45M03854,0.4515,2
sub-DSAR45M05560,907,907_1,sub-DSAR45M09475,0.6001,2
sub-DSAR45M05561,5507,5507_1,,,
sub-DSAR45M05562,2856,2856_1,,,
sub-DSAR45M05563,5243,5243_1,,,
sub-DSAR45M05564,4341,4341_1,,,
sub-DSAR45M05565,6467,6467_1,,,
sub-DSAR45M05566,9339,9339_1,,,
sub-DSAR45M05567,3339,3339_1,,,
sub-DSAR45M05568,5828,5828_1,,,
sub-DSAR45M05569,8821,8821_1,,,
sub-DSAR45M05570,4656,4656_1,,,
sub-DSAR45M05571,4714,4714_1,,,
sub-DSAR45M05572,5844,5844_1,,,
sub-DSAR45M05573,9713,9713_1,,,
sub-DSAR45M05574,1570,1570_1,sub-DSAR45M07811,0.5085,3
sub-DSAR45M05575,3608,3608_1,,,
sub-DSAR45M05576,1550,1550_2,sub-DSAR45M02083,0.5189,3
sub-DSAR45M05577,7762,7762_1,,,
sub-DSAR45M05578,4529,4529_1,,,
sub-DSAR45M05579,9745,9745_1,,,
sub-DSAR45M05580,4071,4071_1,,,
sub-DSAR45M05581,255,255_1,sub-DSAR45M08927,0.9951,1
sub-DSAR45M05582,992,992_1,sub-DSAR45M08149,0.4767,2
sub-DSAR45M05583,5737,5737_1,,,
sub-DSAR45M05584,185,185_1,sub-DSAR45M10536,0.999,1
sub-DSAR45M05585,6230,6230_1,,,
sub-DSAR45M05586,593,593_1,sub-DSAR45M11389,0.5133,2
sub-DSAR45M05587,934,934_1,sub-DSAR45M05646,0.5532,2
sub-DSAR45M05588,8387,8387_1,,,
sub-DSAR45M05589,9569,9569_1,,,
sub-DSAR45M05590,280,280_1,sub-DSAR45M01988,0.9982,1
sub-DSAR45M05591,4361,4361_1,,,
sub-DSAR45M05592,570,570_1,sub-DSAR45M01237,0.4919,2
sub-DSAR45M05593,2486,2486_1,,,
sub-DSAR45M05594,3333,3333_1,,,
sub-DSAR45M05595,1052,1052_1,sub-DSAR45M01995,0.5954,2
sub-DSAR45M05596,100,100_1,sub-DSAR45M06660,0.9975,1
sub-DSAR45M05597,1585,1585_1,sub-DSAR45M07769,0.5849,3
sub-DSAR45M05598,5151,5151_1,,,
sub-DSAR45M05599,2684,2684_1,,,
sub-DSAR45M05600,8998,8998_1,,,
sub-DSAR45M05601,9828,9828_1,,,
sub-DSAR45M05602,5659,5659_1,,,
sub-DSAR45M05603,2844,2844_1,,,
sub-DSAR45M05604,4780,4780_1,,,
sub-DSAR45M05605,539,539_1,sub-DSAR45M11228,0.4762,2
sub-DSAR45M05606,6853,6853_1,,,
sub-DSAR45M05607,2895,2895_1,,,
sub-DSAR45M05608,7012,7012_1,,,
sub-DSAR45M05609,6341,6341_1,,,
sub-DSAR45M05610,9101,9101_1,,,
sub-DSAR45M05611,2,2_1,sub-DSAR45M00926,0.9964,1
sub-DSAR45M05612,9022,9022_1,,,
sub-DSAR45M05613,8954,8954_1,,,
sub-DSAR45M05614,8538,8538_1,,,
sub-DSAR45M05615,2907,2907_1,,,
sub-DSAR45M05616,7511,7511_1,,,
sub-DSAR45M05617,1406,1406_1,sub-DSAR45M09125,0.5415,3
sub-DSAR45M05618,4907,4907_1,,,
sub-DSAR45M05619,8674,8674_1,,,
sub-DSAR45M05620,8739,8739_1,,,
sub-DSAR45M05621,4003,4003_1,,,
sub-DSAR45M05622,93,93_1,sub-DSAR45M04811,0.9971,1
sub-DSAR45M05623,2553,2553_1,,,
sub-DSAR45M05624,935,935_1,sub-DSAR45M05916,0.549,2
sub-DSAR45M05625,5362,5362_1,,,
sub-DSAR45M05626,5013,5013_1,,,
sub-DSAR45M05627,5004,5004_1,,,
sub-DSAR45M05628,1135,1135_2,sub-DSAR45M07373,0.5209,3
sub-DSAR45M05629,8837,8837_1,,,
sub-DSAR45M05630,54,54_1,sub-DSAR45M00614,1.0,1
sub-DSAR45M05631,6462,6462_1,,,
sub-DSAR45M05632,4521,4521_1,,,
sub-DSAR45M05633,9140,9140_1,,,
sub-DSAR45M05634,1769,1769_2,sub-DSAR45M11246,0.4898,3
sub-DSAR45M05635,8391,8391_1,,,
sub-DSAR45M05636,2716,2716_1,,,
sub-DSAR45M05637,905,905_1,sub-DSAR45M04986,0.4696,2
sub-DSAR45M05638,2507,2507_1,,,
sub-DSAR45M05639,951,951_1,sub-DSAR45M07194,0.5268,2
sub-DSAR45M05640,1854,1854_1,,,
sub-DSAR45M05641,998,998_1,sub-DSAR45M09497,0.4966,2
sub-DSAR45M05642,4584,4584_1,,,
sub-DSAR45M05643,7017,7017_1,,,
sub-DSAR45M05644,6209,6209_1,,,
sub-DSAR45M05645,6043,6043_1,,,
sub-DSAR45M05646,934,934_1,sub-DSAR45M05587,0.5532,2
sub-DSAR45M05647,3488,3488_1,,,
sub-DSAR45M05648,672,672_1,sub-DSAR45M02313,0.5683,2
sub-DSAR45M05649,1138,1138_1,sub-DSAR45M00582,0.4787,3
sub-DSAR45M05650,6975,6975_1,,,
sub-DSAR45M05651,3217,3217_1,,,
sub-DSAR45M05652,6868,6868_1,,,
sub-DSAR45M05653,3366,3366_1,,,
sub-DSAR45M05654,1341,1341_2,sub-DSAR45M04996,0.5072,3
sub-DSAR45M05655,7081,7081_1,,,
sub-DSAR45M05656,109,109_1,sub-DSAR45M08215,0.9972,1
sub-DSAR45M05657,785,785_1,sub-DSAR45M10761,0.5594,2
sub-DSAR45M05658,89,89_1,sub-DSAR45M00583,0.9972,1
sub-DSAR45M05659,3479,3479_1,,,
sub-DSAR45M05660,3649,3649_1,,,
sub-DSAR45M05661,115,115_1,sub-DSAR45M04529,0.9969,1
sub-DSAR45M05662,748,748_1,sub-DSAR45M10153,0.6138,2
sub-DSAR45M05663,2248,2248_1,,,
sub-DSAR45M05664,229,229_1,sub-DSAR45M03606,0.9998,1
sub-DSAR45M05665,6440,6440_1,,,
sub-DSAR45M05666,860,860_1,sub-DSAR45M11229,0.5166,2
sub-DSAR45M05667,9162,9162_1,,,
sub-DSAR45M05668,2045,2045_1,,,
sub-DSAR45M05669,8953,8953_1,,,
sub-DSAR45M05670,628,628_1,sub-DSAR45M10268,0.5251,2
sub-DSAR45M05671,2762,2762_1,,,
sub-DSAR45M05672,9553,9553_1,,,
sub-DSAR45M05673,633,633_1,sub-DSAR45M06470,0.524,2
sub-DSAR45M05674,7661,7661_1,,,
sub-DSAR45M05675,3941,3941_1,,,
sub-DSAR45M05676,7208,7208_1,,,
sub-DSAR45M05677,1726,1726_2,sub-DSAR45M06631,0.449,3
sub-DSAR45M05678,1954,1954_1,,,
sub-DSAR45M05679,4575,4575_1,,,
sub-DSAR45M05680,3476,3476_1,,,
sub-DSAR45M05681,2089,2089_1,,,
sub-DSAR45M05682,587,587_1,sub-DSAR45M02904,0.5281,2
sub-DSAR45M05683,8912,8912_1,,,
sub-DSAR45M05684,712,712_1,sub-DSAR45M00505,0.5355,2
sub-DSAR45M05685,5594,5594_1,,,
sub-DSAR45M05686,989,989_1,sub-DSAR45M04054,0.4541,2
sub-DSAR45M05687,4769,4769_1,,,
sub-DSAR45M05688,1448,1448_2,sub-DSAR45M07570,0.5006,3
sub-DSAR45M05689,6580,6580_1,,,
sub-DSAR45M05690,1660,1660_1,sub-DSAR45M06406,0.5121,3
sub-DSAR45M05691,2682,2682_1,,,
sub-DSAR45M05692,1265,1265_2,sub-DSAR45M05085,0.4821,3
sub-DSAR45M05693,1092,1092_1,sub-DSAR45M00543,0.5204,3
sub-DSAR45M05694,6355,6355_1,,,
sub-DSAR45M05695,4350,4350_1,,,
sub-DSAR45M05696,1487,1487_2,sub-DSAR45M08828,0.5148,3
sub-DSAR45M05697,8073,8073_1,,,
sub-DSAR45M05698,7536,7536_1,,,
sub-DSAR45M05699,2508,2508_1,,,
sub-DSAR45M05700,9691,9691_1,,,
sub-DSAR45M05701,9076,9076_1,,,
sub-DSAR45M05702,3297,3297_1,,,
sub-DSAR45M05703,6717,6717_1,,,
sub-DSAR45M05704,3706,3706_1,,,
sub-DSAR45M05705,4265,4265_1,,,
sub-DSAR45M05706,2239,2239_1,,,
sub-DSAR45M05707,5322,5322_1,,,
sub-DSAR45M05708,1559,1559_2,sub-DSAR45M05881,0.5296,3
sub-DSAR45M05709,954,954_1,sub-DSAR45M07677,0.4318,2
sub-DSAR45M05710,51,51_1,sub-DSAR45M07580,0.999,1
sub-DSAR45M05711,2158,2158_1,,,
sub-DSAR45M05712,3483,3483_1,,,
sub-DSAR45M05713,4310,4310_1,,,
sub-DSAR45M05714,6020,6020_1,,,
sub-DSAR45M05715,1728,1728_2,sub-DSAR45M05504,0.527,3
sub-DSAR45M05716,4667,4667_1,,,
sub-DSAR45M05717,7652,7652_1,,,
sub-DSAR45M05718,2899,2899_1,,,
sub-DSAR45M05719,39,39_1,sub-DSAR45M11094,0.9961,1
sub-DSAR45M05720,8429,8429_1,,,
sub-DSAR45M05721,9694,9694_1,,,
sub-DSAR45M05722,261,261_1,sub-DSAR45M02563,0.9969,1
sub-DSAR45M05723,7859,7859_1,,,
sub-DSAR45M05724,946,946_1,sub-DSAR45M00443,0.5514,2
sub-DSAR45M05725,2627,2627_1,,,
sub-DSAR45M05726,1374,1374_1,sub-DSAR45M06279,0.4903,3
sub-DSAR45M05727,3218,3218_1,,,
sub-DSAR45M05728,8360,8360_1,,,
sub-DSAR45M05729,8076,8076_1,,,
sub-DSAR45M05730,1992,1992_1,,,
sub-DSAR45M05731,7215,7215_1,,,
sub-DSAR45M05732,3087,3087_1,,,
sub-DSAR45M05733,6657,6657_1,,,
sub-DSAR45M05734,1153,1153_2,sub-DSAR45M10733,0.4415,3
sub-DSAR45M05735,2656,2656_1,,,
sub-DSAR45M05736,763,763_1,sub-DSAR45M01916,0.4079,2
sub-DSAR45M05737,7157,7157_1,,,
sub-DSAR45M05738,695,695_1,sub-DSAR45M04599,0.4397,2
sub-DSAR45M05739,5622,5622_1,,,
sub-DSAR45M05740,2320,2320_1,,,
sub-DSAR45M05741,8733,8733_1,,,
sub-DSAR45M05742,687,687_1,sub-DSAR45M09381,0.381,2
sub-DSAR45M05743,671,671_1,sub-DSAR45M01161,0.5007,2
sub-DSAR45M05744,9293,9293_1,,,
sub-DSAR45M05745,2251,2251_1,,,
sub-DSAR45M05746,7400,7400_1,,,
sub-DSAR45M05747,7024,7024_1,,,
sub-DSAR45M05748,5478,5478_1,,,
sub-DSAR45M05749,8828,8828_1,,,
sub-DSAR45M05750,4258,4258_1,,,
sub-DSAR45M05751,6436,6436_1,,,
sub-DSAR45M05752,535,535_1,sub-DSAR45M11265,0.4668,2
sub-DSAR45M05753,6192,6192_1,,,
sub-DSAR45M05754,1255,1255_2,sub-DSAR45M09311,0.4271,3
sub-DSAR45M05755,9231,9231_1,,,
sub-DSAR45M05756,956,956_1,sub-DSAR45M07158,0.5959,2
sub-DSAR45M05757,4097,4097_1,,,
sub-DSAR45M05758,3522,3522_1,,,
sub-DSAR45M05759,4492,4492_1,,,
sub-DSAR45M05760,320,320_1,sub-DSAR45M08205,0.9972,1
sub-DSAR45M05761,2961,2961_1,,,
sub-DSAR45M05762,4638,4638_1,,,
sub-DSAR45M05763,8994,8994_1,,,
sub-DSAR45M05764,1084,1084_1,sub-DSAR45M10514,0.4758,3
sub-DSAR45M05765,1599,1599_1,sub-DSAR45M07841,0.5973,3
sub-DSAR45M05766,2292,2292_1,,,
sub-DSAR45M05767,4396,4396_1,,,
sub-DSAR45M05768,6499,6499_1,,,
sub-DSAR45M05769,6796,6796_1,,,
sub-DSAR45M05770,1805,1805_1,sub-DSAR45M01396,0.4933,3
sub-DSAR45M05771,5987,5987_1,,,
sub-DSAR45M05772,9528,9528_1,,,
sub-DSAR45M05773,9488,9488_1,,,
sub-DSAR45M05774,8313,8313_1,,,
sub-DSAR45M05775,4531,4531_1,,,
sub-DSAR45M05776,1492,1492_2,sub-DSAR45M09819,0.5178,3
sub-DSAR45M05777,9427,9427_1,,,
sub-DSAR45M05778,2435,2435_1,,,
sub-DSAR45M05779,3627,3627_1,,,
sub-DSAR45M05780,3197,3197_1,,,
sub-DSAR45M05781,6264,6264_1,,,
sub-DSAR45M05782,864,864_1,sub-DSAR45M08376,0.4763,2
sub-DSAR45M05783,7615,7615_1,,,
sub-DSAR45M05784,9312,9312_1,,,
sub-DSAR45M05785,3248,3248_1,,,
sub-DSAR45M05786,3966,3966_1,,,
sub-DSAR45M05787,4959,4959_1,,,
sub-DSAR45M05788,4558,4558_1,,,
sub-DSAR45M05789,7767,7767_1,,,
sub-DSAR45M05790,524,524_1,sub-DSAR45M08579,0.566,2
sub-DSAR45M05791,440,440_1,sub-DSAR45M07214,0.5368,2
sub-DSAR45M05792,6655,6655_1,,,
sub-DSAR45M05793,7450,7450_1,,,
sub-DSAR45M05794,849,849_1,sub-DSAR45M10379,0.5339,2
sub-DSAR45M05795,5124,5124_1,,,
sub-DSAR45M05796,4939,4939_1,,,
sub-DSAR45M05797,8204,8204_1,,,
sub-DSAR45M05798,7405,7405_1,,,
sub-DSAR45M05799,9264,9264_1,,,
sub-DSAR45M05800,1608,1608_2,sub-DSAR45M00195,0.4881,3
sub-DSAR45M05801,2030,2030_1,,,
sub-DSAR45M05802,2784,2784_1,,,
sub-DSAR45M05803,5870,5870_1,,,
sub-DSAR45M05804,2787,2787_1,,,
sub-DSAR45M05805,3381,3381_1,,,
sub-DSAR45M05806,5238,5238_1,,,
sub-DSAR45M05807,8419,8419_1,,,
sub-DSAR45M05808,2658,2658_1,,,
sub-DSAR45M05809,7324,7324_1,,,
sub-DSAR45M05810,9577,9577_1,,,
sub-DSAR45M05811,2735,2735_1,,,
sub-DSAR45M05812,9137,9137_1,,,
sub-DSAR45M05813,285,285_1,sub-DSAR45M09897,0.9969,1
sub-DSAR45M05814,7509,7509_1,,,
sub-DSAR45M05815,5721,5721_1,,,
sub-DSAR45M05816,4035,4035_1,,,
sub-DSAR45M05817,8504,8504_1,,,
sub-DSAR45M05818,5051,5051_1,,,
sub-DSAR45M05819,3070,3070_1,,,
sub-DSAR45M05820,1528,1528_1,sub-DSAR45M04438,0.5966,3
sub-DSAR45M05821,4736,4736_1,,,
sub-DSAR45M05822,122,122_1,sub-DSAR45M08426,0.9988,1
sub-DSAR45M05823,9628,9628_1,,,
sub-DSAR45M05824,1607,1607_1,sub-DSAR45M00702,0.5248,3
sub-DSAR45M05825,7312,7312_1,,,
sub-DSAR45M05826,66,66_1,sub-DSAR45M04117,0.9987,1
sub-DSAR45M05827,4992,4992_1,,,
sub-DSAR45M05828,3019,3019_1,,,
sub-DSAR45M05829,155,155_1,sub-DSAR45M04551,0.996,1
sub-DSAR45M05830,6818,6818_1,,,
sub-DSAR45M05831,1997,1997_1,,,
sub-DSAR45M05832,6217,6217_1,,,
sub-DSAR45M05833,5204,5204_1,,,
sub-DSAR45M05834,5495,5495_1,,,
sub-DSAR45M05835,1730,1730_1,sub-DSAR45M08934,0.547,3
sub-DSAR45M05836,6554,6554_1,,,
sub-DSAR45M05837,8773,8773_1,,,
sub-DSAR45M05838,1807,1807_1,sub-DSAR45M01877,0.5442,3
sub-DSAR45M05839,675,675_1,sub-DSAR45M06088,0.4792,2
sub-DSAR45M05840,7553,7553_1,,,
sub-DSAR45M05841,7913,7913_1,,,
sub-DSAR45M05842,1117,1117_1,sub-DSAR45M06804,0.5517,3
sub-DSAR45M05843,522,522_1,sub-DSAR45M02415,0.5848,2
sub-DSAR45M05844,3689,3689_1,,,
sub-DSAR45M05845,6721,6721_1,,,
sub-DSAR45M05846,7148,7148_1,,,
sub-DSAR45M05847,5791,5791_1,,,
sub-DSAR45M05848,5000,5000_1,,,
sub-DSAR45M05849,7679,7679_1,,,
sub-DSAR45M05850,2532,2532_1,,,
sub-DSAR45M05851,8990,8990_1,,,
sub-DSAR45M05852,264,264_1,sub-DSAR45M07547,0.998,1
sub-DSAR45M05853,310,310_1,sub-DSAR45M06191,1.0,1
sub-DSAR45M05854,571,571_1,sub-DSAR45M09239,0.4662,2
sub-DSAR45M05855,5062,5062_1,,,
sub-DSAR45M05856,841,841_1,sub-DSAR45M08506,0.4153,2
sub-DSAR45M05857,5348,5348_1,,,
sub-DSAR45M05858,1036,1036_1,sub-DSAR45M08288,0.5448,2
sub-DSAR45M05859,1732,1732_1,sub-DSAR45M11249,0.5539,3
sub-DSAR45M05860,6525,6525_1,,,
sub-DSAR45M05861,1767,1767_1,sub-DSAR45M05306,0.5662,3
sub-DSAR45M05862,8703,8703_1,,,
sub-DSAR45M05863,4655,4655_1,,,
sub-DSAR45M05864,8454,8454_1,,,
sub-DSAR45M05865,8561,8561_1,,,
sub-DSAR45M05866,5851,5851_1,,,
sub-DSAR45M05867,2189,2189_1,,,
sub-DSAR45M05868,1178,1178_2,sub-DSAR45M01021,0.5301,3
sub-DSAR45M05869,5943,5943_1,,,
sub-DSAR45M05870,8230,8230_1,,,
sub-DSAR45M05871,2631,2631_1,,,
sub-DSAR45M05872,252,252_1,sub-DSAR45M02449,1.0,1
sub-DSAR45M05873,2159,2159_1,,,
sub-DSAR45M05874,3854,3854_1,,,
sub-DSAR45M05875,6860,6860_1,,,
sub-DSAR45M05876,4066,4066_1,,,
sub-DSAR45M05877,7720,7720_1,,,
sub-DSAR45M05878,4475,4475_1,,,
sub-DSAR45M05879,4565,4565_1,,,
sub-DSAR45M05880,8979,8979_1,,,
sub-DSAR45M05881,1559,1559_1,sub-DSAR45M05708,0.5296,3
sub-DSAR45M05882,3609,3609_1,,,
sub-DSAR45M05883,829,829_1,sub-DSAR45M04296,0.4665,2
sub-DSAR45M05884,2788,2788_1,,,
sub-DSAR45M05885,241,241_1,sub-DSAR45M10772,0.9967,1
sub-DSAR45M05886,9547,9547_1,,,
sub-DSAR45M05887,1823,1823_2,sub-DSAR45M11579,0.4735,3
sub-DSAR45M05888,3674,3674_1,,,
sub-DSAR45M05889,6412,6412_1,,,
sub-DSAR45M05890,4679,4679_1,,,
sub-DSAR45M05891,5864,5864_1,,,
sub-DSAR45M05892,7103,7103_1,,,
sub-DSAR45M05893,5200,5200_1,,,
sub-DSAR45M05894,3127,3127_1,,,
sub-DSAR45M05895,2881,2881_1,,,
sub-DSAR45M05896,1176,1176_1,sub-DSAR45M04468,0.5207,3
sub-DSAR45M05897,1974,1974_1,,,
sub-DSAR45M05898,2004,2004_1,,,
sub-DSAR45M05899,1194,1194_2,sub-DSAR45M02564,0.4892,3
sub-DSAR45M05900,5945,5945_1,,,
sub-DSAR45M05901,2558,2558_1,,,
sub-DSAR45M05902,799,799_1,sub-DSAR45M03798,0.4357,2
sub-DSAR45M05903,8965,8965_1,,,
sub-DSAR45M05904,2483,2483_1,,,
sub-DSAR45M05905,42,42_1,sub-DSAR45M01406,0.9955,1
sub-DSAR45M05906,164,164_1,sub-DSAR45M03478,0.9955,1
sub-DSAR45M05907,5134,5134_1,,,
sub-DSAR45M05908,902,902_1,sub-DSAR45M09293,0.5089,2
sub-DSAR45M05909,6531,6531_1,,,
sub-DSAR45M05910,1342,1342_1,sub-DSAR45M06739,0.4694,3
sub-DSAR45M05911,139,139_1,sub-DSAR45M09736,0.9995,1
sub-DSAR45M05912,781,781_1,sub-DSAR45M02124,0.5058,2
sub-DSAR45M05913,3328,3328_1,,,
sub-DSAR45M05914,8894,8894_1,,,
sub-DSAR45M05915,7836,7836_1,,,
sub-DSAR45M05916,935,935_1,sub-DSAR45M05624,0.549,2
sub-DSAR45M05917,3566,3566_1,,,
sub-DSAR45M05918,3717,3717_1,,,
sub-DSAR45M05919,1287,1287_2,sub-DSAR45M05550,0.4467,3
sub-DSAR45M05920,1159,1159_1,sub-DSAR45M10817,0.5263,3
sub-DSAR45M05921,2112,2112_1,,,
sub-DSAR45M05922,6206,6206_1,,,
sub-DSAR45M05923,9028,9028_1,,,
sub-DSAR45M05924,4202,4202_1,,,
sub-DSAR45M05925,4332,4332_1,,,
sub-DSAR45M05926,4626,4626_1,,,
sub-DSAR45M05927,3406,3406_1,,,
sub-DSAR45M05928,1496,1496_1,sub-DSAR45M03295,0.4493,3
sub-DSAR45M05929,3257,3257_1,,,
sub-DSAR45M05930,461,461_1,sub-DSAR45M05133,0.4883,2
sub-DSAR45M05931,9803,9803_1,,,
sub-DSAR45M05932,1286,1286_2,sub-DSAR45M10904,0.3927,3
sub-DSAR45M05933,3288,3288_1,,,
sub-DSAR45M05934,1369,1369_1,sub-DSAR45M03661,0.5132,3
sub-DSAR45M05935,6842,6842_1,,,
sub-DSAR45M05936,1999,1999_1,,,
sub-DSAR45M05937,3156,3156_1,,,
sub-DSAR45M05938,8366,8366_1,,,
sub-DSAR45M05939,4861,4861_1,,,
sub-DSAR45M05940,1162,1162_1,sub-DSAR45M04880,0.5532,3
sub-DSAR45M05941,2984,2984_1,,,
sub-DSAR45M05942,9416,9416_1,,,
sub-DSAR45M05943,1675,1675_1,sub-DSAR45M04113,0.575,3
sub-DSAR45M05944,1446,1446_2,sub-DSAR45M08931,0.534,3
sub-DSAR45M05945,1197,1197_2,sub-DSAR45M01035,0.549,3
sub-DSAR45M05946,1760,1760_2,sub-DSAR45M06044,0.5174,3
sub-DSAR45M05947,1903,1903_1,,,
sub-DSAR45M05948,1603,1603_1,sub-DSAR45M00715,0.5076,3
sub-DSAR45M05949,1077,1077_2,sub-DSAR45M03679,0.5382,3
sub-DSAR45M05950,9340,9340_1,,,
sub-DSAR45M05951,5549,5549_1,,,
sub-DSAR45M05952,7975,7975_1,,,
sub-DSAR45M05953,2156,2156_1,,,
sub-DSAR45M05954,2642,2642_1,,,
sub-DSAR45M05955,3763,3763_1,,,
sub-DSAR45M05956,2114,2114_1,,,
sub-DSAR45M05957,4023,4023_1,,,
sub-DSAR45M05958,8123,8123_1,,,
sub-DSAR45M05959,5658,5658_1,,,
sub-DSAR45M05960,7281,7281_1,,,
sub-DSAR45M05961,5671,5671_1,,,
sub-DSAR45M05962,1729,1729_2,sub-DSAR45M00382,0.5647,3
sub-DSAR45M05963,9736,9736_1,,,
sub-DSAR45M05964,5126,5126_1,,,
sub-DSAR45M05965,5888,5888_1,,,
sub-DSAR45M05966,83,83_1,sub-DSAR45M07103,0.9968,1
sub-DSAR45M05967,6760,6760_1,,,
sub-DSAR45M05968,2715,2715_1,,,
sub-DSAR45M05969,878,878_1,sub-DSAR45M02671,0.418,2
sub-DSAR45M05970,8769,8769_1,,,
sub-DSAR45M05971,9619,9619_1,,,
sub-DSAR45M05972,1968,1968_1,,,
sub-DSAR45M05973,733,733_1,sub-DSAR45M11420,0.5663,2
sub-DSAR45M05974,1517,1517_1,sub-DSAR45M00157,0.5466,3
sub-DSAR45M05975,325,325_1,sub-DSAR45M00533,0.9975,1
sub-DSAR45M05976,7327,7327_1,,,
sub-DSAR45M05977,3692,3692_1,,,
sub-DSAR45M05978,7429,7429_1,,,
sub-DSAR45M05979,8742,8742_1,,,
sub-DSAR45M05980,3652,3652_1,,,
sub-DSAR45M05981,1571,1571_2,sub-DSAR45M07648,0.4271,3
sub-DSAR45M05982,3552,3552_1,,,
sub-DSAR45M05983,8633,8633_1,,,
sub-DSAR45M05984,1070,1070_1,sub-DSAR45M00278,0.5232,3
sub-DSAR45M05985,588,588_1,sub-DSAR45M07070,0.516,2
sub-DSAR45M05986,8975,8975_1,,,
sub-DSAR45M05987,7645,7645_1,,,
sub-DSAR45M05988,2606,2606_1,,,
sub-DSAR45M05989,1313,1313_2,sub-DSAR45M00441,0.4699,3
sub-DSAR45M05990,3958,3958_1,,,
sub-DSAR45M05991,1706,1706_2,sub-DSAR45M07303,0.5242,3
sub-DSAR45M05992,3969,3969_1,,,
sub-DSAR45M05993,2151,2151_1,,,
sub-DSAR45M05994,86,86_1,sub-DSAR45M06124,0.9985,1
sub-DSAR45M05995,2406,2406_1,,,
sub-DSAR45M05996,1494,1494_1,sub-DSAR45M04696,0.4535,3
sub-DSAR45M05997,5669,5669_1,,,
sub-DSAR45M05998,1751,1751_1,sub-DSAR45M05126,0.5081,3
sub-DSAR45M05999,2543,2543_1,,,
sub-DSAR45M06000,1653,1653_2,sub-DSAR45M03844,0.4647,3
sub-DSAR45M06001,6743,6743_1,,,
sub-DSAR45M06002,5839,5839_1,,,
sub-DSAR45M06003,3066,3066_1,,,
sub-DSAR45M06004,7954,7954_1,,,
sub-DSAR45M06005,1982,1982_1,,,
sub-DSAR45M06006,3166,3166_1,,,
sub-DSAR45M06007,3467,3467_1,,,
sub-DSAR45M06008,877,877_1,sub-DSAR45M09662,0.496,2
sub-DSAR45M06009,8535,8535_1,,,
sub-DSAR45M06010,77,77_1,sub-DSAR45M03595,0.9984,1
sub-DSAR45M06011,2270,2270_1,,,
sub-DSAR45M06012,6045,6045_1,,,
sub-DSAR45M06013,7166,7166_1,,,
sub-DSAR45M06014,20,20_1,sub-DSAR45M03842,1.0,1
sub-DSAR45M06015,1238,1238_1,sub-DSAR45M06506,0.4635,3
sub-DSAR45M06016,5822,5822_1,,,
sub-DSAR45M06017,2699,2699_1,,,
sub-DSAR45M06018,5410,5410_1,,,
sub-DSAR45M06019,8206,8206_1,,,
sub-DSAR45M06020,6870,6870_1,,,
sub-DSAR45M06021,6897,6897_1,,,
sub-DSAR45M06022,3924,3924_1,,,
sub-DSAR45M06023,4917,4917_1,,,
sub-DSAR45M06024,443,443_1,sub-DSAR45M07379,0.4215,2
sub-DSAR45M06025,4729,4729_1,,,
sub-DSAR45M06026,4629,4629_1,,,
sub-DSAR45M06027,5550,5550_1,,,
sub-DSAR45M06028,306,306_1,sub-DSAR45M09151,0.9973,1
sub-DSAR45M06029,4905,4905_1,,,
sub-DSAR45M06030,1679,1679_1,sub-DSAR45M11352,0.5037,3
sub-DSAR45M06031,64,64_1,sub-DSAR45M02725,0.9976,1
sub-DSAR45M06032,382,382_1,sub-DSAR45M01891,0.9958,1
sub-DSAR45M06033,957,957_1,sub-DSAR45M07135,0.5407,2
sub-DSAR45M06034,1245,1245_2,sub-DSAR45M08907,0.5862,3
sub-DSAR45M06035,5252,5252_1,,,
sub-DSAR45M06036,3921,3921_1,,,
sub-DSAR45M06037,568,568_1,sub-DSAR45M04806,0.4098,2
sub-DSAR45M06038,8367,8367_1,,,
sub-DSAR45M06039,8035,8035_1,,,
sub-DSAR45M06040,4523,4523_1,,,
sub-DSAR45M06041,867,867_1,sub-DSAR45M10142,0.4774,2
sub-DSAR45M06042,8124,8124_1,,,
sub-DSAR45M06043,7481,7481_1,,,
sub-DSAR45M06044,1760,1760_1,sub-DSAR45M05946,0.5174,3
sub-DSAR45M06045,1072,1072_1,sub-DSAR45M06362,0.3995,3
sub-DSAR45M06046,8568,8568_1,,,
sub-DSAR45M06047,8476,8476_1,,,
sub-DSAR45M06048,7052,7052_1,,,
sub-DSAR45M06049,5152,5152_1,,,
sub-DSAR45M06050,8189,8189_1,,,
sub-DSAR45M06051,5388,5388_1,,,
sub-DSAR45M06052,1149,1149_2,sub-DSAR45M11000,0.5302,3
sub-DSAR45M06053,4075,4075_1,,,
sub-DSAR45M06054,806,806_1,sub-DSAR45M07631,0.5597,2
sub-DSAR45M06055,4434,4434_1,,,
sub-DSAR45M06056,3687,3687_1,,,
sub-DSAR45M06057,2723,2723_1,,,
sub-DSAR45M06058,1399,1399_2,sub-DSAR45M03319,0.5106,3
sub-DSAR45M06059,5172,5172_1,,,
sub-DSAR45M06060,1457,1457_1,sub-DSAR45M11427,0.4788,3
sub-DSAR45M06061,2671,2671_1,,,
sub-DSAR45M06062,8719,8719_1,,,
sub-DSAR45M06063,6032,6032_1,,,
sub-DSAR45M06064,6863,6863_1,,,
sub-DSAR45M06065,5628,5628_1,,,
sub-DSAR45M06066,1626,1626_2,sub-DSAR45M06295,0.479,3
sub-DSAR45M06067,4154,4154_1,,,
sub-DSAR45M06068,768,768_1,sub-DSAR45M06537,0.5671,2
sub-DSAR45M06069,1934,1934_1,,,
sub-DSAR45M06070,8157,8157_1,,,
sub-DSAR45M06071,6283,6283_1,,,
sub-DSAR45M06072,3757,3757_1,,,
sub-DSAR45M06073,3352,3352_1,,,
sub-DSAR45M06074,1627,1627_1,sub-DSAR45M01833,0.5316,3
sub-DSAR45M06075,2851,2851_1,,,
sub-DSAR45M06076,9172,9172_1,,,
sub-DSAR45M06077,1817,1817_2,sub-DSAR45M09295,0.46,3
sub-DSAR45M06078,356,356_1,sub-DSAR45M03668,1.0,1
sub-DSAR45M06079,5239,5239_1,,,
sub-DSAR45M06080,2821,2821_1,,,
sub-DSAR45M06081,4160,4160_1,,,
sub-DSAR45M06082,8031,8031_1,,,
sub-DSAR45M06083,1592,1592_2,sub-DSAR45M02850,0.5113,3
sub-DSAR45M06084,1061,1061_1,sub-DSAR45M09087,0.4815,2
sub-DSAR45M06085,9674,9674_1,,,
sub-DSAR45M06086,9646,9646_1,,,
sub-DSAR45M06087,9138,9138_1,,,
sub-DSAR45M06088,675,675_1,sub-DSAR45M05839,0.4792,2
sub-DSAR45M06089,2752,2752_1,,,
sub-DSAR45M06090,2421,2421_1,,,
sub-DSAR45M06091,7114,7114_1,,,
sub-DSAR45M06092,3693,3693_1,,,
sub-DSAR45M06093,6085,6085_1,,,
sub-DSAR45M06094,8336,8336_1,,,
sub-DSAR45M06095,5141,5141_1,,,
sub-DSAR45M06096,2903,2903_1,,,
sub-DSAR45M06097,5178,5178_1,,,
sub-DSAR45M06098,2429,2429_1,,,
sub-DSAR45M06099,2006,2006_1,,,
sub-DSAR45M06100,5937,5937_1,,,
sub-DSAR45M06101,1700,1700_2,sub-DSAR45M10690,0.477,3
sub-DSAR45M06102,6591,6591_1,,,
sub-DSAR45M06103,5449,5449_1,,,
sub-DSAR45M06104,601,601_1,sub-DSAR45M09968,0.4945,2
sub-DSAR45M06105,9418,9418_1,,,
sub-DSAR45M06106,876,876_1,sub-DSAR45M07799,0.5043,2
sub-DSAR45M06107,9715,9715_1,,,
sub-DSAR45M06108,5414,5414_1,,,
sub-DSAR45M06109,1270,1270_2,sub-DSAR45M04176,0.5721,3
sub-DSAR45M06110,8430,8430_1,,,
sub-DSAR45M06111,814,814_1,sub-DSAR45M10215,0.5181,2
sub-DSAR45M06112,9509,9509_1,,,
sub-DSAR45M06113,6311,6311_1,,,
sub-DSAR45M06114,295,295_1,sub-DSAR45M02879,1.0,1
sub-DSAR45M06115,2080,2080_1,,,
sub-DSAR45M06116,8825,8825_1,,,
sub-DSAR45M06117,6214,6214_1,,,
sub-DSAR45M06118,7725,7725_1,,,
sub-DSAR45M06119,6656,6656_1,,,
sub-DSAR45M06120,4555,4555_1,,,
sub-DSAR45M06121,2632,2632_1,,,
sub-DSAR45M06122,2931,2931_1,,,
sub-DSAR45M06123,6485,6485_1,,,
sub-DSAR45M06124,86,86_1,sub-DSAR45M05994,0.9985,1
sub-DSAR45M06125,623,623_1,sub-DSAR45M03671,0.5478,2
sub-DSAR45M06126,6169,6169_1,,,
sub-DSAR45M06127,831,831_1,sub-DSAR45M00084,0.5089,2
sub-DSAR45M06128,901,901_1,sub-DSAR45M08550,0.4498,2
sub-DSAR45M06129,8762,8762_1,,,
sub-DSAR45M06130,3021,3021_1,,,
sub-DSAR45M06131,649,649_1,sub-DSAR45M06791,0.47,2
sub-DSAR45M06132,7976,7976_1,,,
sub-DSAR45M06133,1688,1688_2,sub-DSAR45M11245,0.4575,3
sub-DSAR45M06134,754,754_1,sub-DSAR45M00185,0.4817,2
sub-DSAR45M06135,2000,2000_1,,,
sub-DSAR45M06136,8542,8542_1,,,
sub-DSAR45M06137,1527,1527_2,sub-DSAR45M00172,0.5097,3
sub-DSAR45M06138,997,997_1,sub-DSAR45M02905,0.4912,2
sub-DSAR45M06139,9805,9805_1,,,
sub-DSAR45M06140,4876,4876_1,,,
sub-DSAR45M06141,1213,1213_1,sub-DSAR45M02430,0.4896,3
sub-DSAR45M06142,6907,6907_1,,,
sub-DSAR45M06143,8155,8155_1,,,
sub-DSAR45M06144,3169,3169_1,,,
sub-DSAR45M06145,4320,4320_1,,,
sub-DSAR45M06146,1782,1782_1,sub-DSAR45M09576,0.4705,3
sub-DSAR45M06147,5031,5031_1,,,
sub-DSAR45M06148,547,547_1,sub-DSAR45M08917,0.6252,2
sub-DSAR45M06149,2168,2168_1,,,
sub-DSAR45M06150,1916,1916_1,,,
sub-DSAR45M06151,5202,5202_1,,,
sub-DSAR45M06152,6663,6663_1,,,
sub-DSAR45M06153,6307,6307_1,,,
sub-DSAR45M06154,1253,1253_1,sub-DSAR45M00078,0.5016,3
sub-DSAR45M06155,986,986_1,sub-DSAR45M06647,0.4937,2
sub-DSAR45M06156,7383,7383_1,,,
sub-DSAR45M06157,2827,2827_1,,,
sub-DSAR45M06158,1083,1083_2,sub-DSAR45M03083,0.4969,3
sub-DSAR45M06159,5415,5415_1,,,
sub-DSAR45M06160,960,960_1,sub-DSAR45M06969,0.5439,2
sub-DSAR45M06161,7916,7916_1,,,
sub-DSAR45M06162,1058,1058_1,sub-DSAR45M07508,0.5444,2
sub-DSAR45M06163,3431,3431_1,,,
sub-DSAR45M06164,6488,6488_1,,,
sub-DSAR45M06165,1234,1234_1,sub-DSAR45M04674,0.4819,3
sub-DSAR45M06166,2077,2077_1,,,
sub-DSAR45M06167,3168,3168_1,,,
sub-DSAR45M06168,8952,8952_1,,,
sub-DSAR45M06169,1602,1602_2,sub-DSAR45M11609,0.6007,3
sub-DSAR45M06170,395,395_1,sub-DSAR45M04139,0.998,1
sub-DSAR45M06171,5712,5712_1,,,
sub-DSAR45M06172,985,985_1,sub-DSAR45M00493,0.473,2
sub-DSAR45M06173,7221,7221_1,,,
sub-DSAR45M06174,904,904_1,sub-DSAR45M07712,0.5426,2
sub-DSAR45M06175,6772,6772_1,,,
sub-DSAR45M06176,8893,8893_1,,,
sub-DSAR45M06177,8588,8588_1,,,
sub-DSAR45M06178,4900,4900_1,,,
sub-DSAR45M06179,1714,1714_2,sub-DSAR45M01684,0.4441,3
sub-DSAR45M06180,559,559_1,sub-DSAR45M11070,0.4206,2
sub-DSAR45M06181,1803,1803_1,sub-DSAR45M07452,0.4708,3
sub-DSAR45M06182,7092,7092_1,,,
sub-DSAR45M06183,1268,1268_2,sub-DSAR45M08860,0.506,3
sub-DSAR45M06184,2550,2550_1,,,
sub-DSAR45M06185,9698,9698_1,,,
sub-DSAR45M06186,232,232_1,sub-DSAR45M02942,0.9992,1
sub-DSAR45M06187,9216,9216_1,,,
sub-DSAR45M06188,180,180_1,sub-DSAR45M11668,0.9984,1
sub-DSAR45M06189,6309,6309_1,,,
sub-DSAR45M06190,6104,6104_1,,,
sub-DSAR45M06191,310,310_1,sub-DSAR45M05853,1.0,1
sub-DSAR45M06192,7881,7881_1,,,
sub-DSAR45M06193,1311,1311_1,sub-DSAR45M09575,0.4728,3
sub-DSAR45M06194,5534,5534_1,,,
sub-DSAR45M06195,2628,2628_1,,,
sub-DSAR45M06196,7675,7675_1,,,
sub-DSAR45M06197,3237,3237_1,,,
sub-DSAR45M06198,5084,5084_1,,,
sub-DSAR45M06199,7211,7211_1,,,
sub-DSAR45M06200,1329,1329_2,sub-DSAR45M03652,0.4658,3
sub-DSAR45M06201,8098,8098_1,,,
sub-DSAR45M06202,5796,5796_1,,,
sub-DSAR45M06203,442,442_1,sub-DSAR45M01811,0.5094,2
sub-DSAR45M06204,5621,5621_1,,,
sub-DSAR45M06205,5733,5733_1,,,
sub-DSAR45M06206,362,362_1,sub-DSAR45M05139,0.9992,1
sub-DSAR45M06207,1280,1280_2,sub-DSAR45M03669,0.4211,3
sub-DSAR45M06208,6963,6963_1,,,
sub-DSAR45M06209,9664,9664_1,,,
sub-DSAR45M06210,895,895_1,sub-DSAR45M03470,0.5027,2
sub-DSAR45M06211,1144,1144_2,sub-DSAR45M03260,0.5554,3
sub-DSAR45M06212,70,70_1,sub-DSAR45M04428,0.9966,1
sub-DSAR45M06213,5115,5115_1,,,
sub-DSAR45M06214,7113,7113_1,,,
sub-DSAR45M06215,7297,7297_1,,,
sub-DSAR45M06216,8927,8927_1,,,
sub-DSAR45M06217,4924,4924_1,,,
sub-DSAR45M06218,980,980_1,sub-DSAR45M04128,0.4079,2
sub-DSAR45M06219,8199,8199_1,,,
sub-DSAR45M06220,578,578_1,sub-DSAR45M05372,0.4521,2
sub-DSAR45M06221,710,710_1,sub-DSAR45M06604,0.5011,2
sub-DSAR45M06222,1544,1544_1,sub-DSAR45M01744,0.4605,3
sub-DSAR45M06223,172,172_1,sub-DSAR45M02090,0.9963,1
sub-DSAR45M06224,723,723_1,sub-DSAR45M03282,0.4876,2
sub-DSAR45M06225,3740,3740_1,,,
sub-DSAR45M06226,6457,6457_1,,,
sub-DSAR45M06227,294,294_1,sub-DSAR45M04678,0.9955,1
sub-DSAR45M06228,9274,9274_1,,,
sub-DSAR45M06229,5186,5186_1,,,
sub-DSAR45M06230,4987,4987_1,,,
sub-DSAR45M06231,3173,3173_1,,,
sub-DSAR45M06232,123,123_1,sub-DSAR45M08820,0.9975,1
sub-DSAR45M06233,4016,4016_1,,,
sub-DSAR45M06234,3028,3028_1,,,
sub-DSAR45M06235,4103,4103_1,,,
sub-DSAR45M06236,3230,3230_1,,,
sub-DSAR45M06237,6162,6162_1,,,
sub-DSAR45M06238,1310,1310_2,sub-DSAR45M04346,0.523,3
sub-DSAR45M06239,9132,9132_1,,,
sub-DSAR45M06240,8132,8132_1,,,
sub-DSAR45M06241,8715,8715_1,,,
sub-DSAR45M06242,2324,2324_1,,,
sub-DSAR45M06243,1236,1236_2,sub-DSAR45M10799,0.5264,3
sub-DSAR45M06244,5826,5826_1,,,
sub-DSAR45M06245,8487,8487_1,,,
sub-DSAR45M06246,3374,3374_1,,,
sub-DSAR45M06247,3550,3550_1,,,
sub-DSAR45M06248,3795,3795_1,,,
sub-DSAR45M06249,4364,4364_1,,,
sub-DSAR45M06250,386,386_1,sub-DSAR45M00257,0.9938,1
sub-DSAR45M06251,8540,8540_1,,,
sub-DSAR45M06252,7877,7877_1,,,
sub-DSAR45M06253,6793,6793_1,,,
sub-DSAR45M06254,8090,8090_1,,,
sub-DSAR45M06255,8590,8590_1,,,
sub-DSAR45M06256,3887,3887_1,,,
sub-DSAR45M06257,594,594_1,sub-DSAR45M07378,0.5688,2
sub-DSAR45M06258,8385,8385_1,,,
sub-DSAR45M06259,6705,6705_1,,,
sub-DSAR45M06260,1108,1108_1,sub-DSAR45M06381,0.4981,3
sub-DSAR45M06261,2207,2207_1,,,
sub-DSAR45M06262,491,491_1,sub-DSAR45M00515,0.4987,2
sub-DSAR45M06263,3249,3249_1,,,
sub-DSAR45M06264,9801,9801_1,,,
sub-DSAR45M06265,482,482_1,sub-DSAR45M08726,0.5098,2
sub-DSAR45M06266,8007,8007_1,,,
sub-DSAR45M06267,9489,9489_1,,,
sub-DSAR45M06268,674,674_1,sub-DSAR45M04783,0.5881,2
sub-DSAR45M06269,2492,2492_1,,,
sub-DSAR45M06270,3581,3581_1,,,
sub-DSAR45M06271,1678,1678_2,sub-DSAR45M04894,0.5336,3
sub-DSAR45M06272,2206,2206_1,,,
sub-DSAR45M06273,7189,7189_1,,,
sub-DSAR45M06274,7872,7872_1,,,
sub-DSAR45M06275,1155,1155_2,sub-DSAR45M02080,0.4673,3
sub-DSAR45M06276,5451,5451_1,,,
sub-DSAR45M06277,869,869_1,sub-DSAR45M01512,0.6305,2
sub-DSAR45M06278,7207,7207_1,,,
sub-DSAR45M06279,1374,1374_2,sub-DSAR45M05726,0.4903,3
sub-DSAR45M06280,2600,2600_1,,,
sub-DSAR45M06281,1830,1830_1,sub-DSAR45M07614,0.5039,3
sub-DSAR45M06282,2713,2713_1,,,
sub-DSAR45M06283,8697,8697_1,,,
sub-DSAR45M06284,9009,9009_1,,,
sub-DSAR45M06285,4932,4932_1,,,
sub-DSAR45M06286,8078,8078_1,,,
sub-DSAR45M06287,4828,4828_1,,,
sub-DSAR45M06288,8957,8957_1,,,
sub-DSAR45M06289,803,803_1,sub-DSAR45M08946,0.5606,2
sub-DSAR45M06290,1569,1569_1,sub-DSAR45M06926,0.5562,3
sub-DSAR45M06291,7373,7373_1,,,
sub-DSAR45M06292,8197,8197_1,,,
sub-DSAR45M06293,3451,3451_1,,,
sub-DSAR45M06294,6779,6779_1,,,
sub-DSAR45M06295,1626,1626_1,sub-DSAR45M06066,0.479,3
sub-DSAR45M06296,235,235_1,sub-DSAR45M11055,1.0,1
sub-DSAR45M06297,7922,7922_1,,,
sub-DSAR45M06298,9819,9819_1,,,
sub-DSAR45M06299,2133,2133_1,,,
sub-DSAR45M06300,3015,3015_1,,,
sub-DSAR45M06301,705,705_1,sub-DSAR45M08932,0.5158,2
sub-DSAR45M06302,1359,1359_2,sub-DSAR45M00767,0.607,3
sub-DSAR45M06303,5926,5926_1,,,
sub-DSAR45M06304,9730,9730_1,,,
sub-DSAR45M06305,5259,5259_1,,,
sub-DSAR45M06306,4214,4214_1,,,
sub-DSAR45M06307,2346,2346_1,,,
sub-DSAR45M06308,1692,1692_2,sub-DSAR45M04898,0.4973,3
sub-DSAR45M06309,1813,1813_1,sub-DSAR45M04359,0.5767,3
sub-DSAR45M06310,1028,1028_1,sub-DSAR45M10185,0.4937,2
sub-DSAR45M06311,5219,5219_1,,,
sub-DSAR45M06312,9058,9058_1,,,
sub-DSAR45M06313,315,315_1,sub-DSAR45M03702,0.9956,1
sub-DSAR45M06314,7217,7217_1,,,
sub-DSAR45M06315,678,678_1,sub-DSAR45M09512,0.461,2
sub-DSAR45M06316,8764,8764_1,,,
sub-DSAR45M06317,1898,1898_1,,,
sub-DSAR45M06318,1672,1672_2,sub-DSAR45M08062,0.4727,3
sub-DSAR45M06319,3951,3951_1,,,
sub-DSAR45M06320,1712,1712_2,sub-DSAR45M00519,0.5348,3
sub-DSAR45M06321,4241,4241_1,,,
sub-DSAR45M06322,7421,7421_1,,,
sub-DSAR45M06323,2650,2650_1,,,
sub-DSAR45M06324,5223,5223_1,,,
sub-DSAR45M06325,2209,2209_1,,,
sub-DSAR45M06326,9020,9020_1,,,
sub-DSAR45M06327,1598,1598_1,sub-DSAR45M02423,0.4697,3
sub-DSAR45M06328,4373,4373_1,,,
sub-DSAR45M06329,8245,8245_1,,,
sub-DSAR45M06330,7554,7554_1,,,
sub-DSAR45M06331,6386,6386_1,,,
sub-DSAR45M06332,9116,9116_1,,,
sub-DSAR45M06333,6707,6707_1,,,
sub-DSAR45M06334,327,327_1,sub-DSAR45M10832,0.9989,1
sub-DSAR45M06335,6708,6708_1,,,
sub-DSAR45M06336,8873,8873_1,,,
sub-DSAR45M06337,8168,8168_1,,,
sub-DSAR45M06338,4504,4504_1,,,
sub-DSAR45M06339,9659,9659_1,,,
sub-DSAR45M06340,947,947_1,sub-DSAR45M03678,0.5496,2
sub-DSAR45M06341,7678,7678_1,,,
sub-DSAR45M06342,892,892_1,sub-DSAR45M04507,0.501,2
sub-DSAR45M06343,3226,3226_1,,,
sub-DSAR45M06344,577,577_1,sub-DSAR45M00079,0.5382,2
sub-DSAR45M06345,3754,3754_1,,,
sub-DSAR45M06346,3612,3612_1,,,
sub-DSAR45M06347,8274,8274_1,,,
sub-DSAR45M06348,1876,1876_1,,,
sub-DSAR45M06349,8177,8177_1,,,
sub-DSAR45M06350,4698,4698_1,,,
sub-DSAR45M06351,582,582_1,sub-DSAR45M07360,0.3992,2
sub-DSAR45M06352,7504,7504_1,,,
sub-DSAR45M06353,8122,8122_1,,,
sub-DSAR45M06354,7784,7784_1,,,
sub-DSAR45M06355,2304,2304_1,,,
sub-DSAR45M06356,5898,5898_1,,,
sub-DSAR45M06357,8111,8111_1,,,
sub-DSAR45M06358,3106,3106_1,,,
sub-DSAR45M06359,1034,1034_1,sub-DSAR45M06502,0.4618,2
sub-DSAR45M06360,1098,1098_1,sub-DSAR45M04749,0.5281,3
sub-DSAR45M06361,459,459_1,sub-DSAR45M02815,0.4629,2
sub-DSAR45M06362,1072,1072_2,sub-DSAR45M06045,0.3995,3
sub-DSAR45M06363,525,525_1,sub-DSAR45M04488,0.4547,2
sub-DSAR45M06364,2169,2169_1,,,
sub-DSAR45M06365,1931,1931_1,,,
sub-DSAR45M06366,1572,1572_2,sub-DSAR45M02304,0.517,3
sub-DSAR45M06367,1742,1742_2,sub-DSAR45M10375,0.4669,3
sub-DSAR45M06368,4949,4949_1,,,
sub-DSAR45M06369,483,483_1,sub-DSAR45M10639,0.5575,2
sub-DSAR45M06370,1646,1646_2,sub-DSAR45M06965,0.5256,3
sub-DSAR45M06371,6547,6547_1,,,
sub-DSAR45M06372,5220,5220_1,,,
sub-DSAR45M06373,2545,2545_1,,,
sub-DSAR45M06374,6536,6536_1,,,
sub-DSAR45M06375,8763,8763_1,,,
sub-DSAR45M06376,1460,1460_2,sub-DSAR45M06573,0.6137,3
sub-DSAR45M06377,4600,4600_1,,,
sub-DSAR45M06378,1387,1387_1,sub-DSAR45M00255,0.508,3
sub-DSAR45M06379,884,884_1,sub-DSAR45M01210,0.5438,2
sub-DSAR45M06380,1587,1587_1,sub-DSAR45M01469,0.5522,3
sub-DSAR45M06381,1108,1108_2,sub-DSAR45M06260,0.4981,3
sub-DSAR45M06382,4617,4617_1,,,
sub-DSAR45M06383,896,896_1,sub-DSAR45M00320,0.5311,2
sub-DSAR45M06384,7030,7030_1,,,
sub-DSAR45M06385,6056,6056_1,,,
sub-DSAR45M06386,4525,4525_1,,,
sub-DSAR45M06387,1211,1211_1,sub-DSAR45M05490,0.5156,3
sub-DSAR45M06388,5109,5109_1,,,
sub-DSAR45M06389,6969,6969_1,,,
sub-DSAR45M06390,6458,6458_1,,,
sub-DSAR45M06391,2449,2449_1,,,
sub-DSAR45M06392,2979,2979_1,,,
sub-DSAR45M06393,2974,2974_1,,,
sub-DSAR45M06394,9743,9743_1,,,
sub-DSAR45M06395,2488,2488_1,,,
sub-DSAR45M06396,3990,3990_1,,,
sub-DSAR45M06397,1259,1259_2,sub-DSAR45M02779,0.4323,3
sub-DSAR45M06398,2425,2425_1,,,
sub-DSAR45M06399,1556,1556_1,sub-DSAR45M11260,0.4315,3
sub-DSAR45M06400,936,936_1,sub-DSAR45M07034,0.5798,2
sub-DSAR45M06401,1306,1306_1,sub-DSAR45M01738,0.4891,3
sub-DSAR45M06402,7116,7116_1,,,
sub-DSAR45M06403,5548,5548_1,,,
sub-DSAR45M06404,145,145_1,sub-DSAR45M03271,0.998,1
sub-DSAR45M06405,7494,7494_1,,,
sub-DSAR45M06406,1660,1660_2,sub-DSAR45M05690,0.5121,3
sub-DSAR45M06407,1480,1480_2,sub-DSAR45M02299,0.6165,3
sub-DSAR45M06408,7933,7933_1,,,
sub-DSAR45M06409,2620,2620_1,,,
sub-DSAR45M06410,195,195_1,sub-DSAR45M08627,0.9981,1
sub-DSAR45M06411,3813,3813_1,,,
sub-DSAR45M06412,5592,5592_1,,,
sub-DSAR45M06413,2748,2748_1,,,
sub-DSAR45M06414,2847,2847_1,,,
sub-DSAR45M06415,9370,9370_1,,,
sub-DSAR45M06416,5161,5161_1,,,
sub-DSAR45M06417,1025,1025_1,sub-DSAR45M05553,0.4679,2
sub-DSAR45M06418,7229,7229_1,,,
sub-DSAR45M06419,3782,3782_1,,,
sub-DSAR45M06420,3268,3268_1,,,
sub-DSAR45M06421,9024,9024_1,,,
sub-DSAR45M06422,1981,1981_1,,,
sub-DSAR45M06423,4516,4516_1,,,
sub-DSAR45M06424,1074,1074_2,sub-DSAR45M09615,0.493,3
sub-DSAR45M06425,1139,1139_1,sub-DSAR45M07333,0.5662,3
sub-DSAR45M06426,6840,6840_1,,,
sub-DSAR45M06427,3014,3014_1,,,
sub-DSAR45M06428,8711,8711_1,,,
sub-DSAR45M06429,360,360_1,sub-DSAR45M01796,0.9984,1
sub-DSAR45M06430,5967,5967_1,,,
sub-DSAR45M06431,862,862_1,sub-DSAR45M00835,0.5112,2
sub-DSAR45M06432,3994,3994_1,,,
sub-DSAR45M06433,7766,7766_1,,,
sub-DSAR45M06434,4443,4443_1,,,
sub-DSAR45M06435,9064,9064_1,,,
sub-DSAR45M06436,2809,2809_1,,,
sub-DSAR45M06437,7519,7519_1,,,
sub-DSAR45M06438,761,761_1,sub-DSAR45M02068,0.4764,2
sub-DSAR45M06439,8900,8900_1,,,
sub-DSAR45M06440,1051,1051_1,sub-DSAR45M03515,0.564,2
sub-DSAR45M06441,8523,8523_1,,,
sub-DSAR45M06442,7199,7199_1,,,
sub-DSAR45M06443,1748,1748_1,sub-DSAR45M05546,0.5063,3
sub-DSAR45M06444,2201,2201_1,,,
sub-DSAR45M06445,2395,2395_1,,,
sub-DSAR45M06446,4602,4602_1,,,
sub-DSAR45M06447,5435,5435_1,,,
sub-DSAR45M06448,737,737_1,sub-DSAR45M02191,0.482,2
sub-DSAR45M06449,3663,3663_1,,,
sub-DSAR45M06450,3898,3898_1,,,
sub-DSAR45M06451,3730,3730_1,,,
sub-DSAR45M06452,53,53_1,sub-DSAR45M00267,0.9972,1
sub-DSAR45M06453,2818,2818_1,,,
sub-DSAR45M06454,4236,4236_1,,,
sub-DSAR45M06455,1250,1250_1,sub-DSAR45M05368,0.5396,3
sub-DSAR45M06456,7132,7132_1,,,
sub-DSAR45M06457,7646,7646_1,,,
sub-DSAR45M06458,2118,2118_1,,,
sub-DSAR45M06459,9549,9549_1,,,
sub-DSAR45M06460,1345,1345_2,sub-DSAR45M02527,0.4972,3
sub-DSAR45M06461,4317,4317_1,,,
sub-DSAR45M06462,6170,6170_1,,,
sub-DSAR45M06463,1360,1360_1,sub-DSAR45M06522,0.566,3
sub-DSAR45M06464,861,861_1,sub-DSAR45M08371,0.5726,2
sub-DSAR45M06465,9230,9230_1,,,
sub-DSAR45M06466,6688,6688_1,,,
sub-DSAR45M06467,8955,8955_1,,,
sub-DSAR45M06468,2618,2618_1,,,
sub-DSAR45M06469,5266,5266_1,,,
sub-DSAR45M06470,633,633_1,sub-DSAR45M05673,0.524,2
sub-DSAR45M06471,7072,7072_1,,,
sub-DSAR45M06472,1401,1401_1,sub-DSAR45M08996,0.4152,3
sub-DSAR45M06473,3357,3357_1,,,
sub-DSAR45M06474,3123,3123_1,,,
sub-DSAR45M06475,1664,1664_2,sub-DSAR45M11338,0.4912,3
sub-DSAR45M06476,504,504_1,sub-DSAR45M10389,0.5303,2
sub-DSAR45M06477,6461,6461_1,,,
sub-DSAR45M06478,7284,7284_1,,,
sub-DSAR45M06479,1103,1103_2,sub-DSAR45M11481,0.4457,3
sub-DSAR45M06480,7298,7298_1,,,
sub-DSAR45M06481,1390,1390_2,sub-DSAR45M03756,0.5212,3
sub-DSAR45M06482,6158,6158_1,,,
sub-DSAR45M06483,832,832_1,sub-DSAR45M10756,0.509,2
sub-DSAR45M06484,8460,8460_1,,,
sub-DSAR45M06485,2768,2768_1,,,
sub-DSAR45M06486,3186,3186_1,,,
sub-DSAR45M06487,9607,9607_1,,,
sub-DSAR45M06488,7703,7703_1,,,
sub-DSAR45M06489,4398,4398_1,,,
sub-DSAR45M06490,5758,5758_1,,,
sub-DSAR45M06491,1829,1829_1,sub-DSAR45M08284,0.5369,3
sub-DSAR45M06492,5057,5057_1,,,
sub-DSAR45M06493,1922,1922_1,,,
sub-DSAR45M06494,8368,8368_1,,,
sub-DSAR45M06495,2596,2596_1,,,
sub-DSAR45M06496,8728,8728_1,,,
sub-DSAR45M06497,8645,8645_1,,,
sub-DSAR45M06498,626,626_1,sub-DSAR45M07960,0.5055,2
sub-DSAR45M06499,282,282_1,sub-DSAR45M04744,0.9974,1
sub-DSAR45M06500,2980,2980_1,,,
sub-DSAR45M06501,2140,2140_1,,,
sub-DSAR45M06502,1034,1034_1,sub-DSAR45M06359,0.4618,2
sub-DSAR45M06503,7342,7342_1,,,
sub-DSAR45M06504,9487,9487_1,,,
sub-DSAR45M06505,31,31_1,sub-DSAR45M04440,0.9952,1
sub-DSAR45M06506,1238,1238_2,sub-DSAR45M06015,0.4635,3
sub-DSAR45M06507,6333,6333_1,,,
sub-DSAR45M06508,7642,7642_1,,,
sub-DSAR45M06509,9734,9734_1,,,
sub-DSAR45M06510,1078,1078_1,sub-DSAR45M11605,0.4183,3
sub-DSAR45M06511,569,569_1,sub-DSAR45M08798,0.4733,2
sub-DSAR45M06512,314,314_1,sub-DSAR45M10123,0.9975,1
sub-DSAR45M06513,966,966_1,sub-DSAR45M07063,0.5963,2
sub-DSAR45M06514,7654,7654_1,,,
sub-DSAR45M06515,1192,1192_1,sub-DSAR45M02131,0.5351,3
sub-DSAR45M06516,2811,2811_1,,,
sub-DSAR45M06517,3130,3130_1,,,
sub-DSAR45M06518,9804,9804_1,,,
sub-DSAR45M06519,6528,6528_1,,,
sub-DSAR45M06520,3031,3031_1,,,
sub-DSAR45M06521,8661,8661_1,,,
sub-DSAR45M06522,1360,1360_2,sub-DSAR45M06463,0.566,3
sub-DSAR45M06523,447,447_1,sub-DSAR45M10850,0.4967,2
sub-DSAR45M06524,8551,8551_1,,,
sub-DSAR45M06525,3645,3645_1,,,
sub-DSAR45M06526,1529,1529_1,sub-DSAR45M04319,0.5554,3
sub-DSAR45M06527,944,944_1,sub-DSAR45M08273,0.6217,2
sub-DSAR45M06528,8262,8262_1,,,
sub-DSAR45M06529,46,46_1,sub-DSAR45M05191,0.9976,1
sub-DSAR45M06530,5880,5880_1,,,
sub-DSAR45M06531,1282,1282_2,sub-DSAR45M10077,0.4191,3
sub-DSAR45M06532,7745,7745_1,,,
sub-DSAR45M06533,3221,3221_1,,,
sub-DSAR45M06534,9305,9305_1,,,
sub-DSAR45M06535,8,8_1,sub-DSAR45M11439,0.9951,1
sub-DSAR45M06536,5942,5942_1,,,
sub-DSAR45M06537,768,768_1,sub-DSAR45M06068,0.5671,2
sub-DSAR45M06538,1339,1339_2,sub-DSAR45M00970,0.4716,3
sub-DSAR45M06539,812,812_1,sub-DSAR45M07377,0.4523,2
sub-DSAR45M06540,2802,2802_1,,,
sub-DSAR45M06541,1502,1502_1,sub-DSAR45M03672,0.4881,3
sub-DSAR45M06542,4480,4480_1,,,
sub-DSAR45M06543,6148,6148_1,,,
sub-DSAR45M06544,9074,9074_1,,,
sub-DSAR45M06545,4306,4306_1,,,
sub-DSAR45M06546,4152,4152_1,,,
sub-DSAR45M06547,466,466_1,sub-DSAR45M09712,0.4941,2
sub-DSAR45M06548,1133,1133_2,sub-DSAR45M07211,0.4215,3
sub-DSAR45M06549,6130,6130_1,,,
sub-DSAR45M06550,8833,8833_1,,,
sub-DSAR45M06551,690,690_1,sub-DSAR45M04774,0.5343,2
sub-DSAR45M06552,4975,4975_1,,,
sub-DSAR45M06553,734,734_1,sub-DSAR45M03179,0.4393,2
sub-DSAR45M06554,5528,5528_1,,,
sub-DSAR45M06555,5836,5836_1,,,
sub-DSAR45M06556,1583,1583_1,sub-DSAR45M02066,0.5334,3
sub-DSAR45M06557,1106,1106_2,sub-DSAR45M03115,0.4839,3
sub-DSAR45M06558,2772,2772_1,,,
sub-DSAR45M06559,9817,9817_1,,,
sub-DSAR45M06560,9276,9276_1,,,
sub-DSAR45M06561,3417,3417_1,,,
sub-DSAR45M06562,1303,1303_1,sub-DSAR45M07667,0.4512,3
sub-DSAR45M06563,405,405_1,sub-DSAR45M07810,0.9969,1
sub-DSAR45M06564,3853,3853_1,,,
sub-DSAR45M06565,514,514_1,sub-DSAR45M10392,0.5019,2
sub-DSAR45M06566,3939,3939_1,,,
sub-DSAR45M06567,724,724_1,sub-DSAR45M09460,0.5742,2
sub-DSAR45M06568,3800,3800_1,,,
sub-DSAR45M06569,8789,8789_1,,,
sub-DSAR45M06570,3448,3448_1,,,
sub-DSAR45M06571,1743,1743_2,sub-DSAR45M06684,0.5892,3
sub-DSAR45M06572,2564,2564_1,,,
sub-DSAR45M06573,1460,1460_1,sub-DSAR45M06376,0.6137,3
sub-DSAR45M06574,481,481_1,sub-DSAR45M09439,0.5213,2
sub-DSAR45M06575,137,137_1,sub-DSAR45M00982,0.9955,1
sub-DSAR45M06576,515,515_1,sub-DSAR45M04913,0.4604,2
sub-DSAR45M06577,225,225_1,sub-DSAR45M07001,0.9998,1
sub-DSAR45M06578,4794,4794_1,,,
sub-DSAR45M06579,1123,1123_2,sub-DSAR45M07773,0.4373,3
sub-DSAR45M06580,1438,1438_1,sub-DSAR45M09710,0.4681,3
sub-DSAR45M06581,7283,7283_1,,,
sub-DSAR45M06582,8832,8832_1,,,
sub-DSAR45M06583,8698,8698_1,,,
sub-DSAR45M06584,2988,2988_1,,,
sub-DSAR45M06585,7068,7068_1,,,
sub-DSAR45M06586,5972,5972_1,,,
sub-DSAR45M06587,8212,8212_1,,,
sub-DSAR45M06588,8845,8845_1,,,
sub-DSAR45M06589,6008,6008_1,,,
sub-DSAR45M06590,2051,2051_1,,,
sub-DSAR45M06591,580,580_1,sub-DSAR45M04173,0.5088,2
sub-DSAR45M06592,795,795_1,sub-DSAR45M01461,0.3907,2
sub-DSAR45M06593,6219,6219_1,,,
sub-DSAR45M06594,4421,4421_1,,,
sub-DSAR45M06595,5446,5446_1,,,
sub-DSAR45M06596,5981,5981_1,,,
sub-DSAR45M06597,2397,2397_1,,,
sub-DSAR45M06598,4603,4603_1,,,
sub-DSAR45M06599,354,354_1,sub-DSAR45M04864,0.9937,1
sub-DSAR45M06600,3618,3618_1,,,
sub-DSAR45M06601,1179,1179_2,sub-DSAR45M05072,0.4877,3
sub-DSAR45M06602,1195,1195_2,sub-DSAR45M08270,0.4828,3
sub-DSAR45M06603,4234,4234_1,,,
sub-DSAR45M06604,710,710_1,sub-DSAR45M06221,0.5011,2
sub-DSAR45M06605,3340,3340_1,,,
sub-DSAR45M06606,3905,3905_1,,,
sub-DSAR45M06607,2697,2697_1,,,
sub-DSAR45M06608,6931,6931_1,,,
sub-DSAR45M06609,9288,9288_1,,,
sub-DSAR45M06610,6879,6879_1,,,
sub-DSAR45M06611,8528,8528_1,,,
sub-DSAR45M06612,6941,6941_1,,,
sub-DSAR45M06613,1677,1677_1,sub-DSAR45M09788,0.5526,3
sub-DSAR45M06614,391,391_1,sub-DSAR45M00397,0.9997,1
sub-DSAR45M06615,1758,1758_2,sub-DSAR45M03277,0.51,3
sub-DSAR45M06616,677,677_1,sub-DSAR45M02419,0.5126,2
sub-DSAR45M06617,1716,1716_1,sub-DSAR45M09534,0.5215,3
sub-DSAR45M06618,5745,5745_1,,,
sub-DSAR45M06619,664,664_1,sub-DSAR45M03174,0.4889,2
sub-DSAR45M06620,4482,4482_1,,,
sub-DSAR45M06621,5752,5752_1,,,
sub-DSAR45M06622,1555,1555_1,sub-DSAR45M02857,0.5412,3
sub-DSAR45M06623,7542,7542_1,,,
sub-DSAR45M06624,639,639_1,sub-DSAR45M06992,0.582,2
sub-DSAR45M06625,883,883_1,sub-DSAR45M00271,0.5195,2
sub-DSAR45M06626,3129,3129_1,,,
sub-DSAR45M06627,9782,9782_1,,,
sub-DSAR45M06628,4286,4286_1,,,
sub-DSAR45M06629,3599,3599_1,,,
sub-DSAR45M06630,3889,3889_1,,,
sub-DSAR45M06631,1726,1726_1,sub-DSAR45M05677,0.449,3
sub-DSAR45M06632,7840,7840_1,,,
sub-DSAR45M06633,8921,8921_1,,,
sub-DSAR45M06634,5563,5563_1,,,
sub-DSAR45M06635,3413,3413_1,,,
sub-DSAR45M06636,9824,9824_1,,,
sub-DSAR45M06637,8434,8434_1,,,
sub-DSAR45M06638,3442,3442_1,,,
sub-DSAR45M06639,5045,5045_1,,,
sub-DSAR45M06640,8272,8272_1,,,
sub-DSAR45M06641,9457,9457_1,,,
sub-DSAR45M06642,9221,9221_1,,,
sub-DSAR45M06643,1595,1595_2,sub-DSAR45M08014,0.381,3
sub-DSAR45M06644,5901,5901_1,,,
sub-DSAR45M06645,5766,5766_1,,,
sub-DSAR45M06646,7095,7095_1,,,
sub-DSAR45M06647,986,986_1,sub-DSAR45M06155,0.4937,2
sub-DSAR45M06648,3701,3701_1,,,
sub-DSAR45M06649,4814,4814_1,,,
sub-DSAR45M06650,1466,1466_2,sub-DSAR45M02257,0.4473,3
sub-DSAR45M06651,4246,4246_1,,,
sub-DSAR45M06652,8354,8354_1,,,
sub-DSAR45M06653,4329,4329_1,,,
sub-DSAR45M06654,855,855_1,sub-DSAR45M00017,0.4487,2
sub-DSAR45M06655,1563,1563_2,sub-DSAR45M08169,0.5262,3
sub-DSAR45M06656,2915,2915_1,,,
sub-DSAR45M06657,3136,3136_1,,,
sub-DSAR45M06658,1109,1109_1,sub-DSAR45M01072,0.457,3
sub-DSAR45M06659,4053,4053_1,,,
sub-DSAR45M06660,100,100_1,sub-DSAR45M05596,0.9975,1
sub-DSAR45M06661,4268,4268_1,,,
sub-DSAR45M06662,2607,2607_1,,,
sub-DSAR45M06663,703,703_1,sub-DSAR45M00788,0.4928,2
sub-DSAR45M06664,698,698_1,sub-DSAR45M11446,0.5455,2
sub-DSAR45M06665,9210,9210_1,,,
sub-DSAR45M06666,2066,2066_1,,,
sub-DSAR45M06667,7515,7515_1,,,
sub-DSAR45M06668,9727,9727_1,,,
sub-DSAR45M06669,4018,4018_1,,,
sub-DSAR45M06670,7960,7960_1,,,
sub-DSAR45M06671,6611,6611_1,,,
sub-DSAR45M06672,6340,6340_1,,,
sub-DSAR45M06673,8690,8690_1,,,
sub-DSAR45M06674,2291,2291_1,,,
sub-DSAR45M06675,5289,5289_1,,,
sub-DSAR45M06676,2341,2341_1,,,
sub-DSAR45M06677,7503,7503_1,,,
sub-DSAR45M06678,2353,2353_1,,,
sub-DSAR45M06679,7160,7160_1,,,
sub-DSAR45M06680,1884,1884_1,,,
sub-DSAR45M06681,2396,2396_1,,,
sub-DSAR45M06682,572,572_1,sub-DSAR45M08886,0.4588,2
sub-DSAR45M06683,5511,5511_1,,,
sub-DSAR45M06684,1743,1743_1,sub-DSAR45M06571,0.5892,3
sub-DSAR45M06685,1214,1214_2,sub-DSAR45M08206,0.4861,3
sub-DSAR45M06686,4702,4702_1,,,
sub-DSAR45M06687,2144,2144_1,,,
sub-DSAR45M06688,9158,9158_1,,,
sub-DSAR45M06689,1497,1497_1,sub-DSAR45M07798,0.4421,3
sub-DSAR45M06690,160,160_1,sub-DSAR45M01234,0.9972,1
sub-DSAR45M06691,2926,2926_1,,,
sub-DSAR45M06692,1894,1894_1,,,
sub-DSAR45M06693,217,217_1,sub-DSAR45M09386,0.9999,1
sub-DSAR45M06694,1019,1019_1,sub-DSAR45M09573,0.4432,2
sub-DSAR45M06695,1439,1439_2,sub-DSAR45M05028,0.5457,3
sub-DSAR45M06696,3320,3320_1,,,
sub-DSAR45M06697,758,758_1,sub-DSAR45M06764,0.4897,2
sub-DSAR45M06698,1514,1514_1,sub-DSAR45M02112,0.4664,3
sub-DSAR45M06699,5052,5052_1,,,
sub-DSAR45M06700,1412,1412_1,sub-DSAR45M02128,0.4618,3
sub-DSAR45M06701,4499,4499_1,,,
sub-DSAR45M06702,7453,7453_1,,,
sub-DSAR45M06703,1554,1554_1,sub-DSAR45M06932,0.4995,3
sub-DSAR45M06704,5086,5086_1,,,
sub-DSAR45M06705,7587,7587_1,,,
sub-DSAR45M06706,2094,2094_1,,,
sub-DSAR45M06707,8600,8600_1,,,
sub-DSAR45M06708,7832,7832_1,,,
sub-DSAR45M06709,6125,6125_1,,,
sub-DSAR45M06710,5779,5779_1,,,
sub-DSAR45M06711,8271,8271_1,,,
sub-DSAR45M06712,7336,7336_1,,,
sub-DSAR45M06713,4428,4428_1,,,
sub-DSAR45M06714,1264,1264_1,sub-DSAR45M09277,0.4995,3
sub-DSAR45M06715,6063,6063_1,,,
sub-DSAR45M06716,1391,1391_1,sub-DSAR45M03759,0.4678,3
sub-DSAR45M06717,6301,6301_1,,,
sub-DSAR45M06718,1376,1376_1,sub-DSAR45M10877,0.5443,3
sub-DSAR45M06719,4595,4595_1,,,
sub-DSAR45M06720,7134,7134_1,,,
sub-DSAR45M06721,2427,2427_1,,,
sub-DSAR45M06722,258,258_1,sub-DSAR45M07100,0.9987,1
sub-DSAR45M06723,8637,8637_1,,,
sub-DSAR45M06724,7446,7446_1,,,
sub-DSAR45M06725,207,207_1,sub-DSAR45M06811,0.9955,1
sub-DSAR45M06726,4184,4184_1,,,
sub-DSAR45M06727,1164,1164_1,sub-DSAR45M08301,0.5,3
sub-DSAR45M06728,4832,4832_1,,,
sub-DSAR45M06729,6120,6120_1,,,
sub-DSAR45M06730,2447,2447_1,,,
sub-DSAR45M06731,1542,1542_1,sub-DSAR45M09587,0.5079,3
sub-DSAR45M06732,1593,1593_1,sub-DSAR45M02443,0.4911,3
sub-DSAR45M06733,9349,9349_1,,,
sub-DSAR45M06734,5703,5703_1,,,
sub-DSAR45M06735,661,661_1,sub-DSAR45M01002,0.5408,2
sub-DSAR45M06736,3968,3968_1,,,
sub-DSAR45M06737,2110,2110_1,,,
sub-DSAR45M06738,1294,1294_1,sub-DSAR45M00710,0.5236,3
sub-DSAR45M06739,1342,1342_2,sub-DSAR45M05910,0.4694,3
sub-DSAR45M06740,7998,7998_1,,,
sub-DSAR45M06741,7530,7530_1,,,
sub-DSAR45M06742,166,166_1,sub-DSAR45M04353,1.0,1
sub-DSAR45M06743,8362,8362_1,,,
sub-DSAR45M06744,4680,4680_1,,,
sub-DSAR45M06745,82,82_1,sub-DSAR45M03985,0.9982,1
sub-DSAR45M06746,1456,1456_1,sub-DSAR45M03463,0.4887,3
sub-DSAR45M06747,656,656_1,sub-DSAR45M10394,0.5113,2
sub-DSAR45M06748,6459,6459_1,,,
sub-DSAR45M06749,8624,8624_1,,,
sub-DSAR45M06750,1612,1612_2,sub-DSAR45M02009,0.514,3
sub-DSAR45M06751,1382,1382_2,sub-DSAR45M01747,0.5666,3
sub-DSAR45M06752,8601,8601_1,,,
sub-DSAR45M06753,5531,5531_1,,,
sub-DSAR45M06754,3061,3061_1,,,
sub-DSAR45M06755,7350,7350_1,,,
sub-DSAR45M06756,4100,4100_1,,,
sub-DSAR45M06757,1086,1086_1,sub-DSAR45M04639,0.4321,3
sub-DSAR45M06758,2214,2214_1,,,
sub-DSAR45M06759,8721,8721_1,,,
sub-DSAR45M06760,729,729_1,sub-DSAR45M07124,0.4053,2
sub-DSAR45M06761,3637,3637_1,,,
sub-DSAR45M06762,4444,4444_1,,,
sub-DSAR45M06763,3615,3615_1,,,
sub-DSAR45M06764,758,758_1,sub-DSAR45M06697,0.4897,2
sub-DSAR45M06765,7637,7637_1,,,
sub-DSAR45M06766,6989,6989_1,,,
sub-DSAR45M06767,1567,1567_1,sub-DSAR45M01141,0.4238,3
sub-DSAR45M06768,3370,3370_1,,,
sub-DSAR45M06769,9739,9739_1,,,
sub-DSAR45M06770,6834,6834_1,,,
sub-DSAR45M06771,4456,4456_1,,,
sub-DSAR45M06772,9426,9426_1,,,
sub-DSAR45M06773,7124,7124_1,,,
sub-DSAR45M06774,5521,5521_1,,,
sub-DSAR45M06775,5933,5933_1,,,
sub-DSAR45M06776,1274,1274_2,sub-DSAR45M01591,0.483,3
sub-DSAR45M06777,5555,5555_1,,,
sub-DSAR45M06778,2290,2290_1,,,
sub-DSAR45M06779,9229,9229_1,,,
sub-DSAR45M06780,4610,4610_1,,,
sub-DSAR45M06781,4726,4726_1,,,
sub-DSAR45M06782,700,700_1,sub-DSAR45M03058,0.5213,2
sub-DSAR45M06783,5214,5214_1,,,
sub-DSAR45M06784,1629,1629_2,sub-DSAR45M07861,0.4523,3
sub-DSAR45M06785,8495,8495_1,,,
sub-DSAR45M06786,416,416_1,sub-DSAR45M04401,0.9945,1
sub-DSAR45M06787,6002,6002_1,,,
sub-DSAR45M06788,751,751_1,sub-DSAR45M11244,0.4992,2
sub-DSAR45M06789,165,165_1,sub-DSAR45M06973,0.9986,1
sub-DSAR45M06790,3083,3083_1,,,
sub-DSAR45M06791,649,649_1,sub-DSAR45M06131,0.47,2
sub-DSAR45M06792,8179,8179_1,,,
sub-DSAR45M06793,779,779_1,sub-DSAR45M03556,0.5039,2
sub-DSAR45M06794,8247,8247_1,,,
sub-DSAR45M06795,7495,7495_1,,,
sub-DSAR45M06796,8081,8081_1,,,
sub-DSAR45M06797,9654,9654_1,,,
sub-DSAR45M06798,1791,1791_2,sub-DSAR45M08085,0.531,3
sub-DSAR45M06799,846,846_1,sub-DSAR45M05181,0.3833,2
sub-DSAR45M06800,1674,1674_2,sub-DSAR45M07507,0.5157,3
sub-DSAR45M06801,205,205_1,sub-DSAR45M00551,0.9982,1
sub-DSAR45M06802,7338,7338_1,,,
sub-DSAR45M06803,4614,4614_1,,,
sub-DSAR45M06804,1117,1117_2,sub-DSAR45M05842,0.5517,3
sub-DSAR45M06805,8803,8803_1,,,
sub-DSAR45M06806,1427,1427_1,sub-DSAR45M03692,0.5464,3
sub-DSAR45M06807,6261,6261_1,,,
sub-DSAR45M06808,393,393_1,sub-DSAR45M11631,1.0,1
sub-DSAR45M06809,5602,5602_1,,,
sub-DSAR45M06810,2537,2537_1,,,
sub-DSAR45M06811,207,207_1,sub-DSAR45M06725,0.9955,1
sub-DSAR45M06812,9759,9759_1,,,
sub-DSAR45M06813,8074,8074_1,,,
sub-DSAR45M06814,8621,8621_1,,,
sub-DSAR45M06815,7296,7296_1,,,
sub-DSAR45M06816,8863,8863_1,,,
sub-DSAR45M06817,1414,1414_1,sub-DSAR45M10081,0.5149,3
sub-DSAR45M06818,8536,8536_1,,,
sub-DSAR45M06819,5422,5422_1,,,
sub-DSAR45M06820,2122,2122_1,,,
sub-DSAR45M06821,2689,2689_1,,,
sub-DSAR45M06822,893,893_1,sub-DSAR45M10555,0.5002,2
sub-DSAR45M06823,2369,2369_1,,,
sub-DSAR45M06824,1451,1451_1,sub-DSAR45M09605,0.4639,3
sub-DSAR45M06825,4481,4481_1,,,
sub-DSAR45M06826,807,807_1,sub-DSAR45M05481,0.4675,2
sub-DSAR45M06827,749,749_1,sub-DSAR45M10098,0.4443,2
sub-DSAR45M06828,5773,5773_1,,,
sub-DSAR45M06829,6221,6221_1,,,
sub-DSAR45M06830,680,680_1,sub-DSAR45M03234,0.4663,2
sub-DSAR45M06831,7172,7172_1,,,
sub-DSAR45M06832,7147,7147_1,,,
sub-DSAR45M06833,766,766_1,sub-DSAR45M11082,0.5323,2
sub-DSAR45M06834,3109,3109_1,,,
sub-DSAR45M06835,1463,1463_2,sub-DSAR45M11366,0.5457,3
sub-DSAR45M06836,8839,8839_1,,,
sub-DSAR45M06837,3270,3270_1,,,
sub-DSAR45M06838,7651,7651_1,,,
sub-DSAR45M06839,339,339_1,sub-DSAR45M00574,0.9955,1
sub-DSAR45M06840,3425,3425_1,,,
sub-DSAR45M06841,311,311_1,sub-DSAR45M09515,0.999,1
sub-DSAR45M06842,9251,9251_1,,,
sub-DSAR45M06843,1693,1693_1,sub-DSAR45M00225,0.4295,3
sub-DSAR45M06844,5982,5982_1,,,
sub-DSAR45M06845,9453,9453_1,,,
sub-DSAR45M06846,1397,1397_2,sub-DSAR45M07537,0.562,3
sub-DSAR45M06847,592,592_1,sub-DSAR45M05497,0.5232,2
sub-DSAR45M06848,2013,2013_1,,,
sub-DSAR45M06849,3074,3074_1,,,
sub-DSAR45M06850,7613,7613_1,,,
sub-DSAR45M06851,5783,5783_1,,,
sub-DSAR45M06852,1111,1111_1,sub-DSAR45M03865,0.501,3
sub-DSAR45M06853,8057,8057_1,,,
sub-DSAR45M06854,9500,9500_1,,,
sub-DSAR45M06855,302,302_1,sub-DSAR45M11267,0.9993,1
sub-DSAR45M06856,8290,8290_1,,,
sub-DSAR45M06857,7918,7918_1,,,
sub-DSAR45M06858,1690,1690_2,sub-DSAR45M10875,0.4845,3
sub-DSAR45M06859,4282,4282_1,,,
sub-DSAR45M06860,5174,5174_1,,,
sub-DSAR45M06861,8136,8136_1,,,
sub-DSAR45M06862,2203,2203_1,,,
sub-DSAR45M06863,6679,6679_1,,,
sub-DSAR45M06864,7356,7356_1,,,
sub-DSAR45M06865,1776,1776_2,sub-DSAR45M07468,0.5105,3
sub-DSAR45M06866,1276,1276_1,sub-DSAR45M08370,0.4356,3
sub-DSAR45M06867,5049,5049_1,,,
sub-DSAR45M06868,1539,1539_2,sub-DSAR45M09507,0.5073,3
sub-DSAR45M06869,769,769_1,sub-DSAR45M01668,0.5991,2
sub-DSAR45M06870,1008,1008_1,sub-DSAR45M07223,0.4776,2
sub-DSAR45M06871,4766,4766_1,,,
sub-DSAR45M06872,6719,6719_1,,,
sub-DSAR45M06873,868,868_1,sub-DSAR45M05266,0.4742,2
sub-DSAR45M06874,9035,9035_1,,,
sub-DSAR45M06875,8664,8664_1,,,
sub-DSAR45M06876,1553,1553_2,sub-DSAR45M05211,0.381,3
sub-DSAR45M06877,991,991_1,sub-DSAR45M09070,0.4816,2
sub-DSAR45M06878,2626,2626_1,,,
sub-DSAR45M06879,6086,6086_1,,,
sub-DSAR45M06880,1319,1319_1,sub-DSAR45M05154,0.4765,3
sub-DSAR45M06881,396,396_1,sub-DSAR45M08147,0.9986,1
sub-DSAR45M06882,2265,2265_1,,,
sub-DSAR45M06883,7938,7938_1,,,
sub-DSAR45M06884,9338,9338_1,,,
sub-DSAR45M06885,3597,3597_1,,,
sub-DSAR45M06886,8977,8977_1,,,
sub-DSAR45M06887,629,629_1,sub-DSAR45M04768,0.5311,2
sub-DSAR45M06888,3972,3972_1,,,
sub-DSAR45M06889,8402,8402_1,,,
sub-DSAR45M06890,49,49_1,sub-DSAR45M00984,0.9975,1
sub-DSAR45M06891,3622,3622_1,,,
sub-DSAR45M06892,8755,8755_1,,,
sub-DSAR45M06893,8341,8341_1,,,
sub-DSAR45M06894,1488,1488_2,sub-DSAR45M03687,0.5324,3
sub-DSAR45M06895,3567,3567_1,,,
sub-DSAR45M06896,1235,1235_1,sub-DSAR45M09830,0.4757,3
sub-DSAR45M06897,1454,1454_2,sub-DSAR45M07195,0.5181,3
sub-DSAR45M06898,1059,1059_1,sub-DSAR45M08920,0.5302,2
sub-DSAR45M06899,7506,7506_1,,,
sub-DSAR45M06900,3454,3454_1,,,
sub-DSAR45M06901,7942,7942_1,,,
sub-DSAR45M06902,1233,1233_1,sub-DSAR45M05121,0.4947,3
sub-DSAR45M06903,9519,9519_1,,,
sub-DSAR45M06904,9379,9379_1,,,
sub-DSAR45M06905,5123,5123_1,,,
sub-DSAR45M06906,7216,7216_1,,,
sub-DSAR45M06907,7682,7682_1,,,
sub-DSAR45M06908,6402,6402_1,,,
sub-DSAR45M06909,3587,3587_1,,,
sub-DSAR45M06910,5053,5053_1,,,
sub-DSAR45M06911,4749,4749_1,,,
sub-DSAR45M06912,9611,9611_1,,,
sub-DSAR45M06913,9397,9397_1,,,
sub-DSAR45M06914,4498,4498_1,,,
sub-DSAR45M06915,1470,1470_1,sub-DSAR45M05543,0.4996,3
sub-DSAR45M06916,7097,7097_1,,,
sub-DSAR45M06917,8836,8836_1,,,
sub-DSAR45M06918,2992,2992_1,,,
sub-DSAR45M06919,1006,1006_1,sub-DSAR45M11301,0.5011,2
sub-DSAR45M06920,428,428_1,sub-DSAR45M00269,0.5261,2
sub-DSAR45M06921,355,355_1,sub-DSAR45M11141,0.9975,1
sub-DSAR45M06922,9260,9260_1,,,
sub-DSAR45M06923,5747,5747_1,,,
sub-DSAR45M06924,4922,4922_1,,,
sub-DSAR45M06925,193,193_1,sub-DSAR45M07359,1.0,1
sub-DSAR45M06926,1569,1569_2,sub-DSAR45M06290,0.5562,3
sub-DSAR45M06927,9411,9411_1,,,
sub-DSAR45M06928,8855,8855_1,,,
sub-DSAR45M06929,3329,3329_1,,,
sub-DSAR45M06930,7969,7969_1,,,
sub-DSAR45M06931,7868,7868_1,,,
sub-DSAR45M06932,1554,1554_2,sub-DSAR45M06703,0.4995,3
sub-DSAR45M06933,3367,3367_1,,,
sub-DSAR45M06934,1709,1709_1,sub-DSAR45M04832,0.4823,3
sub-DSAR45M06935,6797,6797_1,,,
sub-DSAR45M06936,4349,4349_1,,,
sub-DSAR45M06937,5688,5688_1,,,
sub-DSAR45M06938,7011,7011_1,,,
sub-DSAR45M06939,2163,2163_1,,,
sub-DSAR45M06940,5105,5105_1,,,
sub-DSAR45M06941,6664,6664_1,,,
sub-DSAR45M06942,4859,4859_1,,,
sub-DSAR45M06943,7899,7899_1,,,
sub-DSAR45M06944,3788,3788_1,,,
sub-DSAR45M06945,2409,2409_1,,,
sub-DSAR45M06946,3047,3047_1,,,
sub-DSAR45M06947,1802,1802_1,sub-DSAR45M08296,0.474,3
sub-DSAR45M06948,2367,2367_1,,,
sub-DSAR45M06949,5087,5087_1,,,
sub-DSAR45M06950,3760,3760_1,,,
sub-DSAR45M06951,8413,8413_1,,,
sub-DSAR45M06952,7622,7622_1,,,
sub-DSAR45M06953,3344,3344_1,,,
sub-DSAR45M06954,5317,5317_1,,,
sub-DSAR45M06955,4303,4303_1,,,
sub-DSAR45M06956,1323,1323_1,sub-DSAR45M08529,0.5628,3
sub-DSAR45M06957,9699,9699_1,,,
sub-DSAR45M06958,9474,9474_1,,,
sub-DSAR45M06959,4887,4887_1,,,
sub-DSAR45M06960,995,995_1,sub-DSAR45M03890,0.424,2
sub-DSAR45M06961,4747,4747_1,,,
sub-DSAR45M06962,8388,8388_1,,,
sub-DSAR45M06963,2481,2481_1,,,
sub-DSAR45M06964,8021,8021_1,,,
sub-DSAR45M06965,1646,1646_1,sub-DSAR45M06370,0.5256,3
sub-DSAR45M06966,937,937_1,sub-DSAR45M03695,0.4636,2
sub-DSAR45M06967,1590,1590_1,sub-DSAR45M08000,0.4978,3
sub-DSAR45M06968,2922,2922_1,,,
sub-DSAR45M06969,960,960_1,sub-DSAR45M06160,0.5439,2
sub-DSAR45M06970,3007,3007_1,,,
sub-DSAR45M06971,6273,6273_1,,,
sub-DSAR45M06972,4843,4843_1,,,
sub-DSAR45M06973,165,165_1,sub-DSAR45M06789,0.9986,1
sub-DSAR45M06974,5668,5668_1,,,
sub-DSAR45M06975,5894,5894_1,,,
sub-DSAR45M06976,2222,2222_1,,,
sub-DSAR45M06977,3041,3041_1,,,
sub-DSAR45M06978,5913,5913_1,,,
sub-DSAR45M06979,323,323_1,sub-DSAR45M02409,0.9995,1
sub-DSAR45M06980,3995,3995_1,,,
sub-DSAR45M06981,2790,2790_1,,,
sub-DSAR45M06982,1023,1023_1,sub-DSAR45M11405,0.4889,2
sub-DSAR45M06983,1090,1090_1,sub-DSAR45M07796,0.528,3
sub-DSAR45M06984,8967,8967_1,,,
sub-DSAR45M06985,987,987_1,sub-DSAR45M00478,0.4948,2
sub-DSAR45M06986,1515,1515_2,sub-DSAR45M10266,0.4746,3
sub-DSAR45M06987,5706,5706_1,,,
sub-DSAR45M06988,9503,9503_1,,,
sub-DSAR45M06989,562,562_1,sub-DSAR45M02976,0.4072,2
sub-DSAR45M06990,9531,9531_1,,,
sub-DSAR45M06991,8202,8202_1,,,
sub-DSAR45M06992,639,639_1,sub-DSAR45M06624,0.582,2
sub-DSAR45M06993,6572,6572_1,,,
sub-DSAR45M06994,826,826_1,sub-DSAR45M10937,0.4899,2
sub-DSAR45M06995,3438,3438_1,,,
sub-DSAR45M06996,8857,8857_1,,,
sub-DSAR45M06997,2448,2448_1,,,
sub-DSAR45M06998,7729,7729_1,,,
sub-DSAR45M06999,6408,6408_1,,,
sub-DSAR45M07000,2244,2244_1,,,
sub-DSAR45M07001,225,225_1,sub-DSAR45M06577,0.9998,1
sub-DSAR45M07002,3539,3539_1,,,
sub-DSAR45M07003,1431,1431_1,sub-DSAR45M11208,0.556,3
sub-DSAR45M07004,9300,9300_1,,,
sub-DSAR45M07005,5140,5140_1,,,
sub-DSAR45M07006,318,318_1,sub-DSAR45M02367,0.9996,1
sub-DSAR45M07007,8452,8452_1,,,
sub-DSAR45M07008,8489,8489_1,,,
sub-DSAR45M07009,967,967_1,sub-DSAR45M00517,0.4442,2
sub-DSAR45M07010,8544,8544_1,,,
sub-DSAR45M07011,187,187_1,sub-DSAR45M10946,0.9947,1
sub-DSAR45M07012,5327,5327_1,,,
sub-DSAR45M07013,1586,1586_2,sub-DSAR45M02712,0.4397,3
sub-DSAR45M07014,184,184_1,sub-DSAR45M01081,0.9994,1
sub-DSAR45M07015,9673,9673_1,,,
sub-DSAR45M07016,9361,9361_1,,,
sub-DSAR45M07017,4671,4671_1,,,
sub-DSAR45M07018,8904,8904_1,,,
sub-DSAR45M07019,6483,6483_1,,,
sub-DSAR45M07020,6293,6293_1,,,
sub-DSAR45M07021,5136,5136_1,,,
sub-DSAR45M07022,603,603_1,sub-DSAR45M08767,0.4561,2
sub-DSAR45M07023,7108,7108_1,,,
sub-DSAR45M07024,9779,9779_1,,,
sub-DSAR45M07025,8084,8084_1,,,
sub-DSAR45M07026,2882,2882_1,,,
sub-DSAR45M07027,7159,7159_1,,,
sub-DSAR45M07028,4532,4532_1,,,
sub-DSAR45M07029,1314,1314_1,sub-DSAR45M07513,0.551,3
sub-DSAR45M07030,6587,6587_1,,,
sub-DSAR45M07031,643,643_1,sub-DSAR45M03597,0.4775,2
sub-DSAR45M07032,1304,1304_1,sub-DSAR45M03757,0.6076,3
sub-DSAR45M07033,2969,2969_1,,,
sub-DSAR45M07034,936,936_1,sub-DSAR45M06400,0.5798,2
sub-DSAR45M07035,2090,2090_1,,,
sub-DSAR45M07036,6452,6452_1,,,
sub-DSAR45M07037,292,292_1,sub-DSAR45M01958,0.9976,1
sub-DSAR45M07038,6183,6183_1,,,
sub-DSAR45M07039,4283,4283_1,,,
sub-DSAR45M07040,929,929_1,sub-DSAR45M02769,0.4595,2
sub-DSAR45M07041,8410,8410_1,,,
sub-DSAR45M07042,4621,4621_1,,,
sub-DSAR45M07043,3886,3886_1,,,
sub-DSAR45M07044,2500,2500_1,,,
sub-DSAR45M07045,4295,4295_1,,,
sub-DSAR45M07046,1333,1333_2,sub-DSAR45M04012,0.5171,3
sub-DSAR45M07047,1816,1816_1,sub-DSAR45M01601,0.46,3
sub-DSAR45M07048,94,94_1,sub-DSAR45M11450,0.9996,1
sub-DSAR45M07049,254,254_1,sub-DSAR45M02994,0.9995,1
sub-DSAR45M07050,372,372_1,sub-DSAR45M07114,0.9981,1
sub-DSAR45M07051,2194,2194_1,,,
sub-DSAR45M07052,4239,4239_1,,,
sub-DSAR45M07053,3215,3215_1,,,
sub-DSAR45M07054,2444,2444_1,,,
sub-DSAR45M07055,8557,8557_1,,,
sub-DSAR45M07056,3115,3115_1,,,
sub-DSAR45M07057,5908,5908_1,,,
sub-DSAR45M07058,5205,5205_1,,,
sub-DSAR45M07059,208,208_1,sub-DSAR45M00933,1.0,1
sub-DSAR45M07060,7367,7367_1,,,
sub-DSAR45M07061,9081,9081_1,,,
sub-DSAR45M07062,5955,5955_1,,,
sub-DSAR45M07063,966,966_1,sub-DSAR45M06513,0.5963,2
sub-DSAR45M07064,637,637_1,sub-DSAR45M01757,0.4917,2
sub-DSAR45M07065,7726,7726_1,,,
sub-DSAR45M07066,2441,2441_1,,,
sub-DSAR45M07067,6811,6811_1,,,
sub-DSAR45M07068,1029,1029_1,sub-DSAR45M11469,0.5368,2
sub-DSAR45M07069,1122,1122_2,sub-DSAR45M09996,0.491,3
sub-DSAR45M07070,588,588_1,sub-DSAR45M05985,0.516,2
sub-DSAR45M07071,9724,9724_1,,,
sub-DSAR45M07072,9053,9053_1,,,
sub-DSAR45M07073,5877,5877_1,,,
sub-DSAR45M07074,4410,4410_1,,,
sub-DSAR45M07075,2312,2312_1,,,
sub-DSAR45M07076,1434,1434_1,sub-DSAR45M05413,0.5282,3
sub-DSAR45M07077,6857,6857_1,,,
sub-DSAR45M07078,604,604_1,sub-DSAR45M07227,0.539,2
sub-DSAR45M07079,2685,2685_1,,,
sub-DSAR45M07080,2413,2413_1,,,
sub-DSAR45M07081,1696,1696_2,sub-DSAR45M04676,0.4844,3
sub-DSAR45M07082,5914,5914_1,,,
sub-DSAR45M07083,1005,1005_1,sub-DSAR45M10887,0.5213,2
sub-DSAR45M07084,6496,6496_1,,,
sub-DSAR45M07085,1257,1257_2,sub-DSAR45M02873,0.4801,3
sub-DSAR45M07086,6773,6773_1,,,
sub-DSAR45M07087,7452,7452_1,,,
sub-DSAR45M07088,2405,2405_1,,,
sub-DSAR45M07089,4560,4560_1,,,
sub-DSAR45M07090,1870,1870_1,,,
sub-DSAR45M07091,2678,2678_1,,,
sub-DSAR45M07092,88,88_1,sub-DSAR45M04490,0.9955,1
sub-DSAR45M07093,2224,2224_1,,,
sub-DSAR45M07094,5305,5305_1,,,
sub-DSAR45M07095,7087,7087_1,,,
sub-DSAR45M07096,8701,8701_1,,,
sub-DSAR45M07097,1327,1327_1,sub-DSAR45M00112,0.5463,3
sub-DSAR45M07098,5082,5082_1,,,
sub-DSAR45M07099,5299,5299_1,,,
sub-DSAR45M07100,258,258_1,sub-DSAR45M06722,0.9987,1
sub-DSAR45M07101,8514,8514_1,,,
sub-DSAR45M07102,5959,5959_1,,,
sub-DSAR45M07103,83,83_1,sub-DSAR45M05966,0.9968,1
sub-DSAR45M07104,9812,9812_1,,,
sub-DSAR45M07105,7927,7927_1,,,
sub-DSAR45M07106,1366,1366_1,sub-DSAR45M02339,0.4797,3
sub-DSAR45M07107,8094,8094_1,,,
sub-DSAR45M07108,299,299_1,sub-DSAR45M00339,0.9991,1
sub-DSAR45M07109,1787,1787_1,sub-DSAR45M04292,0.4516,3
sub-DSAR45M07110,1669,1669_1,sub-DSAR45M10894,0.4428,3
sub-DSAR45M07111,9246,9246_1,,,
sub-DSAR45M07112,7142,7142_1,,,
sub-DSAR45M07113,3330,3330_1,,,
sub-DSAR45M07114,372,372_1,sub-DSAR45M07050,0.9981,1
sub-DSAR45M07115,1091,1091_2,sub-DSAR45M01400,0.5067,3
sub-DSAR45M07116,764,764_1,sub-DSAR45M00451,0.4553,2
sub-DSAR45M07117,448,448_1,sub-DSAR45M00809,0.4453,2
sub-DSAR45M07118,1835,1835_1,sub-DSAR45M08184,0.5585,3
sub-DSAR45M07119,2561,2561_1,,,
sub-DSAR45M07120,6029,6029_1,,,
sub-DSAR45M07121,576,576_1,sub-DSAR45M02166,0.4839,2
sub-DSAR45M07122,1711,1711_1,sub-DSAR45M11617,0.4793,3
sub-DSAR45M07123,5366,5366_1,,,
sub-DSAR45M07124,729,729_1,sub-DSAR45M06760,0.4053,2
sub-DSAR45M07125,1806,1806_2,sub-DSAR45M05426,0.5189,3
sub-DSAR45M07126,9672,9672_1,,,
sub-DSAR45M07127,5868,5868_1,,,
sub-DSAR45M07128,2770,2770_1,,,
sub-DSAR45M07129,1064,1064_2,sub-DSAR45M05168,0.5465,3
sub-DSAR45M07130,8146,8146_1,,,
sub-DSAR45M07131,2029,2029_1,,,
sub-DSAR45M07132,5251,5251_1,,,
sub-DSAR45M07133,557,557_1,sub-DSAR45M04205,0.3986,2
sub-DSAR45M07134,4597,4597_1,,,
sub-DSAR45M07135,957,957_1,sub-DSAR45M06033,0.5407,2
sub-DSAR45M07136,1317,1317_1,sub-DSAR45M08862,0.5149,3
sub-DSAR45M07137,8560,8560_1,,,
sub-DSAR45M07138,116,116_1,sub-DSAR45M07950,0.9994,1
sub-DSAR45M07139,5568,5568_1,,,
sub-DSAR45M07140,655,655_1,sub-DSAR45M00737,0.4332,2
sub-DSAR45M07141,5812,5812_1,,,
sub-DSAR45M07142,9403,9403_1,,,
sub-DSAR45M07143,2176,2176_1,,,
sub-DSAR45M07144,199,199_1,sub-DSAR45M10111,0.9973,1
sub-DSAR45M07145,2644,2644_1,,,
sub-DSAR45M07146,8844,8844_1,,,
sub-DSAR45M07147,192,192_1,sub-DSAR45M09453,0.9978,1
sub-DSAR45M07148,5794,5794_1,,,
sub-DSAR45M07149,3890,3890_1,,,
sub-DSAR45M07150,741,741_1,sub-DSAR45M07546,0.5508,2
sub-DSAR45M07151,5458,5458_1,,,
sub-DSAR45M07152,964,964_1,sub-DSAR45M10314,0.4767,2
sub-DSAR45M07153,4741,4741_1,,,
sub-DSAR45M07154,4786,4786_1,,,
sub-DSAR45M07155,7070,7070_1,,,
sub-DSAR45M07156,7161,7161_1,,,
sub-DSAR45M07157,6232,6232_1,,,
sub-DSAR45M07158,956,956_1,sub-DSAR45M05756,0.5959,2
sub-DSAR45M07159,8920,8920_1,,,
sub-DSAR45M07160,385,385_1,sub-DSAR45M08592,0.9997,1
sub-DSAR45M07161,3212,3212_1,,,
sub-DSAR45M07162,7893,7893_1,,,
sub-DSAR45M07163,1032,1032_1,sub-DSAR45M01358,0.4887,2
sub-DSAR45M07164,7596,7596_1,,,
sub-DSAR45M07165,1815,1815_2,sub-DSAR45M11452,0.5119,3
sub-DSAR45M07166,1779,1779_1,sub-DSAR45M01674,0.4792,3
sub-DSAR45M07167,9281,9281_1,,,
sub-DSAR45M07168,5130,5130_1,,,
sub-DSAR45M07169,7995,7995_1,,,
sub-DSAR45M07170,328,328_1,sub-DSAR45M00559,0.9993,1
sub-DSAR45M07171,9677,9677_1,,,
sub-DSAR45M07172,1182,1182_2,sub-DSAR45M04575,0.5426,3
sub-DSAR45M07173,3260,3260_1,,,
sub-DSAR45M07174,7752,7752_1,,,
sub-DSAR45M07175,6782,6782_1,,,
sub-DSAR45M07176,4969,4969_1,,,
sub-DSAR45M07177,8908,8908_1,,,
sub-DSAR45M07178,8397,8397_1,,,
sub-DSAR45M07179,1698,1698_1,sub-DSAR45M04038,0.5391,3
sub-DSAR45M07180,2706,2706_1,,,
sub-DSAR45M07181,9784,9784_1,,,
sub-DSAR45M07182,6431,6431_1,,,
sub-DSAR45M07183,472,472_1,sub-DSAR45M00442,0.443,2
sub-DSAR45M07184,3181,3181_1,,,
sub-DSAR45M07185,6586,6586_1,,,
sub-DSAR45M07186,189,189_1,sub-DSAR45M00955,0.9977,1
sub-DSAR45M07187,3723,3723_1,,,
sub-DSAR45M07188,7459,7459_1,,,
sub-DSAR45M07189,5871,5871_1,,,
sub-DSAR45M07190,4960,4960_1,,,
sub-DSAR45M07191,488,488_1,sub-DSAR45M03445,0.5152,2
sub-DSAR45M07192,8298,8298_1,,,
sub-DSAR45M07193,2420,2420_1,,,
sub-DSAR45M07194,951,951_1,sub-DSAR45M05639,0.5268,2
sub-DSAR45M07195,1454,1454_1,sub-DSAR45M06897,0.5181,3
sub-DSAR45M07196,7470,7470_1,,,
sub-DSAR45M07197,110,110_1,sub-DSAR45M02777,0.9961,1
sub-DSAR45M07198,8731,8731_1,,,
sub-DSAR45M07199,437,437_1,sub-DSAR45M04662,0.4647,2
sub-DSAR45M07200,5484,5484_1,,,
sub-DSAR45M07201,3412,3412_1,,,
sub-DSAR45M07202,13,13_1,sub-DSAR45M07455,0.9977,1
sub-DSAR45M07203,112,112_1,sub-DSAR45M02579,0.9972,1
sub-DSAR45M07204,2093,2093_1,,,
sub-DSAR45M07205,7734,7734_1,,,
sub-DSAR45M07206,1256,1256_1,sub-DSAR45M03733,0.5092,3
sub-DSAR45M07207,6006,6006_1,,,
sub-DSAR45M07208,7749,7749_1,,,
sub-DSAR45M07209,1016,1016_1,sub-DSAR45M04607,0.4987,2
sub-DSAR45M07210,1173,1173_1,sub-DSAR45M11294,0.4564,3
sub-DSAR45M07211,1133,1133_1,sub-DSAR45M06548,0.4215,3
sub-DSAR45M07212,8428,8428_1,,,
sub-DSAR45M07213,4417,4417_1,,,
sub-DSAR45M07214,440,440_1,sub-DSAR45M05791,0.5368,2
sub-DSAR45M07215,2129,2129_1,,,
sub-DSAR45M07216,8085,8085_1,,,
sub-DSAR45M07217,2599,2599_1,,,
sub-DSAR45M07218,5382,5382_1,,,
sub-DSAR45M07219,8378,8378_1,,,
sub-DSAR45M07220,1573,1573_2,sub-DSAR45M04504,0.4566,3
sub-DSAR45M07221,7048,7048_1,,,
sub-DSAR45M07222,5611,5611_1,,,
sub-DSAR45M07223,1008,1008_1,sub-DSAR45M06870,0.4776,2
sub-DSAR45M07224,9100,9100_1,,,
sub-DSAR45M07225,7673,7673_1,,,
sub-DSAR45M07226,5655,5655_1,,,
sub-DSAR45M07227,604,604_1,sub-DSAR45M07078,0.539,2
sub-DSAR45M07228,1188,1188_1,sub-DSAR45M09556,0.4748,3
sub-DSAR45M07229,667,667_1,sub-DSAR45M11189,0.463,2
sub-DSAR45M07230,8350,8350_1,,,
sub-DSAR45M07231,6943,6943_1,,,
sub-DSAR45M07232,3414,3414_1,,,
sub-DSAR45M07233,7863,7863_1,,,
sub-DSAR45M07234,4454,4454_1,,,
sub-DSAR45M07235,8221,8221_1,,,
sub-DSAR45M07236,1763,1763_2,sub-DSAR45M07475,0.4472,3
sub-DSAR45M07237,617,617_1,sub-DSAR45M11337,0.4699,2
sub-DSAR45M07238,2048,2048_1,,,
sub-DSAR45M07239,80,80_1,sub-DSAR45M03877,0.999,1
sub-DSAR45M07240,8777,8777_1,,,
sub-DSAR45M07241,6665,6665_1,,,
sub-DSAR45M07242,4471,4471_1,,,
sub-DSAR45M07243,8826,8826_1,,,
sub-DSAR45M07244,7886,7886_1,,,
sub-DSAR45M07245,4460,4460_1,,,
sub-DSAR45M07246,2930,2930_1,,,
sub-DSAR45M07247,4724,4724_1,,,
sub-DSAR45M07248,5180,5180_1,,,
sub-DSAR45M07249,9550,9550_1,,,
sub-DSAR45M07250,3681,3681_1,,,
sub-DSAR45M07251,334,334_1,sub-DSAR45M00708,0.9997,1
sub-DSAR45M07252,6014,6014_1,,,
sub-DSAR45M07253,7600,7600_1,,,
sub-DSAR45M07254,4980,4980_1,,,
sub-DSAR45M07255,274,274_1,sub-DSAR45M01236,0.996,1
sub-DSAR45M07256,4090,4090_1,,,
sub-DSAR45M07257,7805,7805_1,,,
sub-DSAR45M07258,1662,1662_2,sub-DSAR45M09868,0.5237,3
sub-DSAR45M07259,449,449_1,sub-DSAR45M01721,0.5194,2
sub-DSAR45M07260,1581,1581_2,sub-DSAR45M07477,0.5507,3
sub-DSAR45M07261,7010,7010_1,,,
sub-DSAR45M07262,4579,4579_1,,,
sub-DSAR45M07263,6880,6880_1,,,
sub-DSAR45M07264,1435,1435_2,sub-DSAR45M11147,0.4787,3
sub-DSAR45M07265,3180,3180_1,,,
sub-DSAR45M07266,8684,8684_1,,,
sub-DSAR45M07267,7788,7788_1,,,
sub-DSAR45M07268,6928,6928_1,,,
sub-DSAR45M07269,732,732_1,sub-DSAR45M01914,0.5047,2
sub-DSAR45M07270,4535,4535_1,,,
sub-DSAR45M07271,3678,3678_1,,,
sub-DSAR45M07272,4468,4468_1,,,
sub-DSAR45M07273,1143,1143_2,sub-DSAR45M00734,0.4773,3
sub-DSAR45M07274,9256,9256_1,,,
sub-DSAR45M07275,2416,2416_1,,,
sub-DSAR45M07276,7372,7372_1,,,
sub-DSAR45M07277,3027,3027_1,,,
sub-DSAR45M07278,4125,4125_1,,,
sub-DSAR45M07279,8371,8371_1,,,
sub-DSAR45M07280,3977,3977_1,,,
sub-DSAR45M07281,3224,3224_1,,,
sub-DSAR45M07282,4300,4300_1,,,
sub-DSAR45M07283,9447,9447_1,,,
sub-DSAR45M07284,6234,6234_1,,,
sub-DSAR45M07285,7361,7361_1,,,
sub-DSAR45M07286,1584,1584_2,sub-DSAR45M01007,0.558,3
sub-DSAR45M07287,6406,6406_1,,,
sub-DSAR45M07288,5725,5725_1,,,
sub-DSAR45M07289,5428,5428_1,,,
sub-DSAR45M07290,1745,1745_1,sub-DSAR45M07603,0.5613,3
sub-DSAR45M07291,503,503_1,sub-DSAR45M00852,0.4709,2
sub-DSAR45M07292,4639,4639_1,,,
sub-DSAR45M07293,7476,7476_1,,,
sub-DSAR45M07294,7589,7589_1,,,
sub-DSAR45M07295,2496,2496_1,,,
sub-DSAR45M07296,2668,2668_1,,,
sub-DSAR45M07297,1048,1048_1,sub-DSAR45M03833,0.5545,2
sub-DSAR45M07298,1739,1739_1,sub-DSAR45M10369,0.5479,3
sub-DSAR45M07299,6677,6677_1,,,
sub-DSAR45M07300,394,394_1,sub-DSAR45M00536,0.9976,1
sub-DSAR45M07301,7935,7935_1,,,
sub-DSAR45M07302,1781,1781_1,sub-DSAR45M02037,0.5194,3
sub-DSAR45M07303,1706,1706_1,sub-DSAR45M05991,0.5242,3
sub-DSAR45M07304,5692,5692_1,,,
sub-DSAR45M07305,4146,4146_1,,,
sub-DSAR45M07306,9661,9661_1,,,
sub-DSAR45M07307,7317,7317_1,,,
sub-DSAR45M07308,1458,1458_1,sub-DSAR45M10787,0.5189,3
sub-DSAR45M07309,9165,9165_1,,,
sub-DSAR45M07310,8615,8615_1,,,
sub-DSAR45M07311,697,697_1,sub-DSAR45M01548,0.5137,2
sub-DSAR45M07312,9582,9582_1,,,
sub-DSAR45M07313,5337,5337_1,,,
sub-DSAR45M07314,4544,4544_1,,,
sub-DSAR45M07315,9284,9284_1,,,
sub-DSAR45M07316,1415,1415_1,sub-DSAR45M09304,0.4751,3
sub-DSAR45M07317,471,471_1,sub-DSAR45M01772,0.4442,2
sub-DSAR45M07318,2726,2726_1,,,
sub-DSAR45M07319,1212,1212_1,sub-DSAR45M01937,0.4841,3
sub-DSAR45M07320,1298,1298_1,sub-DSAR45M01687,0.5101,3
sub-DSAR45M07321,3219,3219_1,,,
sub-DSAR45M07322,644,644_1,sub-DSAR45M08162,0.4686,2
sub-DSAR45M07323,6720,6720_1,,,
sub-DSAR45M07324,2804,2804_1,,,
sub-DSAR45M07325,1115,1115_2,sub-DSAR45M03060,0.5292,3
sub-DSAR45M07326,5247,5247_1,,,
sub-DSAR45M07327,1224,1224_2,sub-DSAR45M04310,0.5654,3
sub-DSAR45M07328,2663,2663_1,,,
sub-DSAR45M07329,2082,2082_1,,,
sub-DSAR45M07330,1707,1707_2,sub-DSAR45M11312,0.5098,3
sub-DSAR45M07331,7550,7550_1,,,
sub-DSAR45M07332,8759,8759_1,,,
sub-DSAR45M07333,1139,1139_2,sub-DSAR45M06425,0.5662,3
sub-DSAR45M07334,1124,1124_2,sub-DSAR45M03540,0.4466,3
sub-DSAR45M07335,1541,1541_2,sub-DSAR45M09433,0.5613,3
sub-DSAR45M07336,8407,8407_1,,,
sub-DSAR45M07337,5852,5852_1,,,
sub-DSAR45M07338,4806,4806_1,,,
sub-DSAR45M07339,3078,3078_1,,,
sub-DSAR45M07340,156,156_1,sub-DSAR45M04161,1.0,1
sub-DSAR45M07341,2266,2266_1,,,
sub-DSAR45M07342,6212,6212_1,,,
sub-DSAR45M07343,4746,4746_1,,,
sub-DSAR45M07344,7374,7374_1,,,
sub-DSAR45M07345,1094,1094_2,sub-DSAR45M01975,0.4781,3
sub-DSAR45M07346,4765,4765_1,,,
sub-DSAR45M07347,9448,9448_1,,,
sub-DSAR45M07348,7928,7928_1,,,
sub-DSAR45M07349,777,777_1,sub-DSAR45M03345,0.4646,2
sub-DSAR45M07350,2617,2617_1,,,
sub-DSAR45M07351,4691,4691_1,,,
sub-DSAR45M07352,6143,6143_1,,,
sub-DSAR45M07353,8228,8228_1,,,
sub-DSAR45M07354,8854,8854_1,,,
sub-DSAR45M07355,8377,8377_1,,,
sub-DSAR45M07356,8448,8448_1,,,
sub-DSAR45M07357,552,552_1,sub-DSAR45M05114,0.5177,2
sub-DSAR45M07358,1297,1297_2,sub-DSAR45M04199,0.622,3
sub-DSAR45M07359,193,193_1,sub-DSAR45M06925,1.0,1
sub-DSAR45M07360,582,582_1,sub-DSAR45M06351,0.3992,2
sub-DSAR45M07361,3508,3508_1,,,
sub-DSAR45M07362,430,430_1,sub-DSAR45M00659,0.5668,2
sub-DSAR45M07363,240,240_1,sub-DSAR45M02612,0.9994,1
sub-DSAR45M07364,3664,3664_1,,,
sub-DSAR45M07365,3879,3879_1,,,
sub-DSAR45M07366,912,912_1,sub-DSAR45M01849,0.5057,2
sub-DSAR45M07367,647,647_1,sub-DSAR45M03966,0.5301,2
sub-DSAR45M07368,9189,9189_1,,,
sub-DSAR45M07369,2358,2358_1,,,
sub-DSAR45M07370,1897,1897_1,,,
sub-DSAR45M07371,6369,6369_1,,,
sub-DSAR45M07372,1161,1161_2,sub-DSAR45M00025,0.4502,3
sub-DSAR45M07373,1135,1135_1,sub-DSAR45M05628,0.5209,3
sub-DSAR45M07374,8575,8575_1,,,
sub-DSAR45M07375,6912,6912_1,,,
sub-DSAR45M07376,536,536_1,sub-DSAR45M10106,0.4566,2
sub-DSAR45M07377,812,812_1,sub-DSAR45M06539,0.4523,2
sub-DSAR45M07378,594,594_1,sub-DSAR45M06257,0.5688,2
sub-DSAR45M07379,443,443_1,sub-DSAR45M06024,0.4215,2
sub-DSAR45M07380,4693,4693_1,,,
sub-DSAR45M07381,7701,7701_1,,,
sub-DSAR45M07382,9594,9594_1,,,
sub-DSAR45M07383,3241,3241_1,,,
sub-DSAR45M07384,6055,6055_1,,,
sub-DSAR45M07385,8296,8296_1,,,
sub-DSAR45M07386,6970,6970_1,,,
sub-DSAR45M07387,636,636_1,sub-DSAR45M09886,0.5107,2
sub-DSAR45M07388,4225,4225_1,,,
sub-DSAR45M07389,9606,9606_1,,,
sub-DSAR45M07390,3856,3856_1,,,
sub-DSAR45M07391,8562,8562_1,,,
sub-DSAR45M07392,8018,8018_1,,,
sub-DSAR45M07393,7525,7525_1,,,
sub-DSAR45M07394,6557,6557_1,,,
sub-DSAR45M07395,8320,8320_1,,,
sub-DSAR45M07396,130,130_1,sub-DSAR45M04687,0.9951,1
sub-DSAR45M07397,7845,7845_1,,,
sub-DSAR45M07398,9317,9317_1,,,
sub-DSAR45M07399,8425,8425_1,,,
sub-DSAR45M07400,757,757_1,sub-DSAR45M10356,0.5018,2
sub-DSAR45M07401,1347,1347_1,sub-DSAR45M01324,0.4869,3
sub-DSAR45M07402,1961,1961_1,,,
sub-DSAR45M07403,7139,7139_1,,,
sub-DSAR45M07404,3774,3774_1,,,
sub-DSAR45M07405,3600,3600_1,,,
sub-DSAR45M07406,7047,7047_1,,,
sub-DSAR45M07407,804,804_1,sub-DSAR45M03468,0.5286,2
sub-DSAR45M07408,4901,4901_1,,,
sub-DSAR45M07409,7896,7896_1,,,
sub-DSAR45M07410,6944,6944_1,,,
sub-DSAR45M07411,7065,7065_1,,,
sub-DSAR45M07412,8200,8200_1,,,
sub-DSAR45M07413,345,345_1,sub-DSAR45M05331,0.9995,1
sub-DSAR45M07414,2525,2525_1,,,
sub-DSAR45M07415,4816,4816_1,,,
sub-DSAR45M07416,7544,7544_1,,,
sub-DSAR45M07417,918,918_1,sub-DSAR45M01509,0.457,2
sub-DSAR45M07418,2666,2666_1,,,
sub-DSAR45M07419,8790,8790_1,,,
sub-DSAR45M07420,9354,9354_1,,,
sub-DSAR45M07421,1942,1942_1,,,
sub-DSAR45M07422,1104,1104_2,sub-DSAR45M02750,0.4615,3
sub-DSAR45M07423,1335,1335_1,sub-DSAR45M00827,0.4073,3
sub-DSAR45M07424,7658,7658_1,,,
sub-DSAR45M07425,718,718_1,sub-DSAR45M01947,0.4169,2
sub-DSAR45M07426,1416,1416_1,sub-DSAR45M11156,0.4652,3
sub-DSAR45M07427,8032,8032_1,,,
sub-DSAR45M07428,1015,1015_1,sub-DSAR45M04580,0.5028,2
sub-DSAR45M07429,8565,8565_1,,,
sub-DSAR45M07430,5089,5089_1,,,
sub-DSAR45M07431,1588,1588_2,sub-DSAR45M01932,0.5614,3
sub-DSAR45M07432,3569,3569_1,,,
sub-DSAR45M07433,8680,8680_1,,,
sub-DSAR45M07434,5464,5464_1,,,
sub-DSAR45M07435,5159,5159_1,,,
sub-DSAR45M07436,1230,1230_1,sub-DSAR45M09856,0.4672,3
sub-DSAR45M07437,6788,6788_1,,,
sub-DSAR45M07438,8889,8889_1,,,
sub-DSAR45M07439,177,177_1,sub-DSAR45M08715,0.9963,1
sub-DSAR45M07440,2584,2584_1,,,
sub-DSAR45M07441,2817,2817_1,,,
sub-DSAR45M07442,9421,9421_1,,,
sub-DSAR45M07443,3204,3204_1,,,
sub-DSAR45M07444,8282,8282_1,,,
sub-DSAR45M07445,1062,1062_1,sub-DSAR45M11477,0.4473,2
sub-DSAR45M07446,8667,8667_1,,,
sub-DSAR45M07447,822,822_1,sub-DSAR45M01330,0.5072,2
sub-DSAR45M07448,7570,7570_1,,,
sub-DSAR45M07449,8583,8583_1,,,
sub-DSAR45M07450,3944,3944_1,,,
sub-DSAR45M07451,1503,1503_2,sub-DSAR45M08237,0.4841,3
sub-DSAR45M07452,1803,1803_2,sub-DSAR45M06181,0.4708,3
sub-DSAR45M07453,9450,9450_1,,,
sub-DSAR45M07454,9542,9542_1,,,
sub-DSAR45M07455,13,13_1,sub-DSAR45M07202,0.9977,1
sub-DSAR45M07456,4099,4099_1,,,
sub-DSAR45M07457,7075,7075_1,,,
sub-DSAR45M07458,2060,2060_1,,,
sub-DSAR45M07459,8705,8705_1,,,
sub-DSAR45M07460,37,37_1,sub-DSAR45M08321,1.0,1
sub-DSAR45M07461,4419,4419_1,,,
sub-DSAR45M07462,8611,8611_1,,,
sub-DSAR45M07463,3086,3086_1,,,
sub-DSAR45M07464,716,716_1,sub-DSAR45M09597,0.5527,2
sub-DSAR45M07465,4976,4976_1,,,
sub-DSAR45M07466,7712,7712_1,,,
sub-DSAR45M07467,1810,1810_2,sub-DSAR45M07705,0.4573,3
sub-DSAR45M07468,1776,1776_1,sub-DSAR45M06865,0.5105,3
sub-DSAR45M07469,2466,2466_1,,,
sub-DSAR45M07470,1355,1355_1,sub-DSAR45M01868,0.5362,3
sub-DSAR45M07471,9345,9345_1,,,
sub-DSAR45M07472,1580,1580_2,sub-DSAR45M00398,0.4728,3
sub-DSAR45M07473,1557,1557_2,sub-DSAR45M04936,0.4722,3
sub-DSAR45M07474,7036,7036_1,,,
sub-DSAR45M07475,1763,1763_1,sub-DSAR45M07236,0.4472,3
sub-DSAR45M07476,174,174_1,sub-DSAR45M08092,0.996,1
sub-DSAR45M07477,1581,1581_1,sub-DSAR45M07260,0.5507,3
sub-DSAR45M07478,7578,7578_1,,,
sub-DSAR45M07479,5743,5743_1,,,
sub-DSAR45M07480,9428,9428_1,,,
sub-DSAR45M07481,5957,5957_1,,,
sub-DSAR45M07482,167,167_1,sub-DSAR45M03583,1.0,1
sub-DSAR45M07483,3716,3716_1,,,
sub-DSAR45M07484,662,662_1,sub-DSAR45M03221,0.5047,2
sub-DSAR45M07485,502,502_1,sub-DSAR45M08948,0.5414,2
sub-DSAR45M07486,2322,2322_1,,,
sub-DSAR45M07487,8456,8456_1,,,
sub-DSAR45M07488,8215,8215_1,,,
sub-DSAR45M07489,6544,6544_1,,,
sub-DSAR45M07490,4496,4496_1,,,
sub-DSAR45M07491,1375,1375_1,sub-DSAR45M00766,0.5316,3
sub-DSAR45M07492,7906,7906_1,,,
sub-DSAR45M07493,3202,3202_1,,,
sub-DSAR45M07494,411,411_1,sub-DSAR45M07919,0.9983,1
sub-DSAR45M07495,1825,1825_1,sub-DSAR45M09160,0.5519,3
sub-DSAR45M07496,1151,1151_2,sub-DSAR45M08682,0.498,3
sub-DSAR45M07497,1087,1087_2,sub-DSAR45M11490,0.4569,3
sub-DSAR45M07498,7973,7973_1,,,
sub-DSAR45M07499,1780,1780_2,sub-DSAR45M00900,0.525,3
sub-DSAR45M07500,268,268_1,sub-DSAR45M00654,0.9977,1
sub-DSAR45M07501,9271,9271_1,,,
sub-DSAR45M07502,1198,1198_1,sub-DSAR45M01572,0.4809,3
sub-DSAR45M07503,6110,6110_1,,,
sub-DSAR45M07504,3294,3294_1,,,
sub-DSAR45M07505,815,815_1,sub-DSAR45M00234,0.4876,2
sub-DSAR45M07506,1543,1543_2,sub-DSAR45M01031,0.4265,3
sub-DSAR45M07507,1674,1674_1,sub-DSAR45M06800,0.5157,3
sub-DSAR45M07508,1058,1058_1,sub-DSAR45M06162,0.5444,2
sub-DSAR45M07509,9676,9676_1,,,
sub-DSAR45M07510,897,897_1,sub-DSAR45M01924,0.505,2
sub-DSAR45M07511,4942,4942_1,,,
sub-DSAR45M07512,9776,9776_1,,,
sub-DSAR45M07513,1314,1314_2,sub-DSAR45M07029,0.551,3
sub-DSAR45M07514,2079,2079_1,,,
sub-DSAR45M07515,1596,1596_1,sub-DSAR45M07642,0.5467,3
sub-DSAR45M07516,4775,4775_1,,,
sub-DSAR45M07517,5691,5691_1,,,
sub-DSAR45M07518,5037,5037_1,,,
sub-DSAR45M07519,186,186_1,sub-DSAR45M02433,0.9975,1
sub-DSAR45M07520,7665,7665_1,,,
sub-DSAR45M07521,5079,5079_1,,,
sub-DSAR45M07522,1848,1848_1,,,
sub-DSAR45M07523,7753,7753_1,,,
sub-DSAR45M07524,590,590_1,sub-DSAR45M01284,0.4983,2
sub-DSAR45M07525,6308,6308_1,,,
sub-DSAR45M07526,5412,5412_1,,,
sub-DSAR45M07527,976,976_1,sub-DSAR45M08438,0.528,2
sub-DSAR45M07528,8656,8656_1,,,
sub-DSAR45M07529,3711,3711_1,,,
sub-DSAR45M07530,3209,3209_1,,,
sub-DSAR45M07531,505,505_1,sub-DSAR45M08386,0.5568,2
sub-DSAR45M07532,8620,8620_1,,,
sub-DSAR45M07533,1702,1702_1,sub-DSAR45M05112,0.4703,3
sub-DSAR45M07534,6304,6304_1,,,
sub-DSAR45M07535,5956,5956_1,,,
sub-DSAR45M07536,8992,8992_1,,,
sub-DSAR45M07537,1397,1397_1,sub-DSAR45M06846,0.562,3
sub-DSAR45M07538,3765,3765_1,,,
sub-DSAR45M07539,791,791_1,sub-DSAR45M09376,0.4684,2
sub-DSAR45M07540,424,424_1,sub-DSAR45M00518,0.4783,2
sub-DSAR45M07541,1217,1217_2,sub-DSAR45M08786,0.5045,3
sub-DSAR45M07542,2384,2384_1,,,
sub-DSAR45M07543,9211,9211_1,,,
sub-DSAR45M07544,3429,3429_1,,,
sub-DSAR45M07545,9072,9072_1,,,
sub-DSAR45M07546,741,741_1,sub-DSAR45M07150,0.5508,2
sub-DSAR45M07547,264,264_1,sub-DSAR45M05852,0.998,1
sub-DSAR45M07548,6715,6715_1,,,
sub-DSAR45M07549,4871,4871_1,,,
sub-DSAR45M07550,59,59_1,sub-DSAR45M09970,0.9962,1
sub-DSAR45M07551,961,961_1,sub-DSAR45M10177,0.4547,2
sub-DSAR45M07552,4989,4989_1,,,
sub-DSAR45M07553,4232,4232_1,,,
sub-DSAR45M07554,9800,9800_1,,,
sub-DSAR45M07555,388,388_1,sub-DSAR45M10307,1.0,1
sub-DSAR45M07556,1628,1628_1,sub-DSAR45M07772,0.5191,3
sub-DSAR45M07557,9631,9631_1,,,
sub-DSAR45M07558,1367,1367_2,sub-DSAR45M08637,0.5179,3
sub-DSAR45M07559,4112,4112_1,,,
sub-DSAR45M07560,8187,8187_1,,,
sub-DSAR45M07561,1033,1033_1,sub-DSAR45M04842,0.5002,2
sub-DSAR45M07562,5505,5505_1,,,
sub-DSAR45M07563,2815,2815_1,,,
sub-DSAR45M07564,6588,6588_1,,,
sub-DSAR45M07565,2920,2920_1,,,
sub-DSAR45M07566,1699,1699_1,sub-DSAR45M10527,0.516,3
sub-DSAR45M07567,916,916_1,sub-DSAR45M02878,0.4615,2
sub-DSAR45M07568,9372,9372_1,,,
sub-DSAR45M07569,8820,8820_1,,,
sub-DSAR45M07570,1448,1448_1,sub-DSAR45M05688,0.5006,3
sub-DSAR45M07571,6378,6378_1,,,
sub-DSAR45M07572,9583,9583_1,,,
sub-DSAR45M07573,4404,4404_1,,,
sub-DSAR45M07574,2056,2056_1,,,
sub-DSAR45M07575,134,134_1,sub-DSAR45M01327,0.9961,1
sub-DSAR45M07576,9096,9096_1,,,
sub-DSAR45M07577,1562,1562_2,sub-DSAR45M08492,0.4747,3
sub-DSAR45M07578,6908,6908_1,,,
sub-DSAR45M07579,5011,5011_1,,,
sub-DSAR45M07580,51,51_1,sub-DSAR45M05710,0.999,1
sub-DSAR45M07581,489,489_1,sub-DSAR45M05503,0.4438,2
sub-DSAR45M07582,9562,9562_1,,,
sub-DSAR45M07583,1865,1865_1,,,
sub-DSAR45M07584,772,772_1,sub-DSAR45M05361,0.4936,2
sub-DSAR45M07585,4218,4218_1,,,
sub-DSAR45M07586,1683,1683_1,sub-DSAR45M04214,0.4754,3
sub-DSAR45M07587,2099,2099_1,,,
sub-DSAR45M07588,4266,4266_1,,,
sub-DSAR45M07589,6985,6985_1,,,
sub-DSAR45M07590,3162,3162_1,,,
sub-DSAR45M07591,2566,2566_1,,,
sub-DSAR45M07592,1247,1247_2,sub-DSAR45M04605,0.4403,3
sub-DSAR45M07593,6807,6807_1,,,
sub-DSAR45M07594,9666,9666_1,,,
sub-DSAR45M07595,99,99_1,sub-DSAR45M00101,0.9952,1
sub-DSAR45M07596,696,696_1,sub-DSAR45M08165,0.533,2
sub-DSAR45M07597,6354,6354_1,,,
sub-DSAR45M07598,5577,5577_1,,,
sub-DSAR45M07599,9470,9470_1,,,
sub-DSAR45M07600,6698,6698_1,,,
sub-DSAR45M07601,1357,1357_1,sub-DSAR45M08779,0.4495,3
sub-DSAR45M07602,4703,4703_1,,,
sub-DSAR45M07603,1745,1745_2,sub-DSAR45M07290,0.5613,3
sub-DSAR45M07604,1777,1777_1,sub-DSAR45M08259,0.4897,3
sub-DSAR45M07605,686,686_1,sub-DSAR45M01817,0.4018,2
sub-DSAR45M07606,1476,1476_1,sub-DSAR45M09077,0.5408,3
sub-DSAR45M07607,2734,2734_1,,,
sub-DSAR45M07608,2703,2703_1,,,
sub-DSAR45M07609,98,98_1,sub-DSAR45M10265,0.9992,1
sub-DSAR45M07610,9041,9041_1,,,
sub-DSAR45M07611,2087,2087_1,,,
sub-DSAR45M07612,3779,3779_1,,,
sub-DSAR45M07613,5562,5562_1,,,
sub-DSAR45M07614,1830,1830_2,sub-DSAR45M06281,0.5039,3
sub-DSAR45M07615,3012,3012_1,,,
sub-DSAR45M07616,1095,1095_1,sub-DSAR45M11543,0.5125,3
sub-DSAR45M07617,1409,1409_2,sub-DSAR45M01185,0.4171,3
sub-DSAR45M07618,1042,1042_1,sub-DSAR45M11549,0.5629,2
sub-DSAR45M07619,5809,5809_1,,,
sub-DSAR45M07620,2243,2243_1,,,
sub-DSAR45M07621,938,938_1,sub-DSAR45M11386,0.5278,2
sub-DSAR45M07622,8268,8268_1,,,
sub-DSAR45M07623,5564,5564_1,,,
sub-DSAR45M07624,2329,2329_1,,,
sub-DSAR45M07625,6903,6903_1,,,
sub-DSAR45M07626,509,509_1,sub-DSAR45M09843,0.5056,2
sub-DSAR45M07627,4688,4688_1,,,
sub-DSAR45M07628,1437,1437_2,sub-DSAR45M02490,0.509,3
sub-DSAR45M07629,6423,6423_1,,,
sub-DSAR45M07630,6839,6839_1,,,
sub-DSAR45M07631,806,806_1,sub-DSAR45M06054,0.5597,2
sub-DSAR45M07632,1242,1242_1,sub-DSAR45M07903,0.5365,3
sub-DSAR45M07633,2027,2027_1,,,
sub-DSAR45M07634,7106,7106_1,,,
sub-DSAR45M07635,6792,6792_1,,,
sub-DSAR45M07636,2370,2370_1,,,
sub-DSAR45M07637,9292,9292_1,,,
sub-DSAR45M07638,1778,1778_2,sub-DSAR45M07662,0.5481,3
sub-DSAR45M07639,18,18_1,sub-DSAR45M04313,0.9981,1
sub-DSAR45M07640,840,840_1,sub-DSAR45M09846,0.5556,2
sub-DSAR45M07641,5154,5154_1,,,
sub-DSAR45M07642,1596,1596_2,sub-DSAR45M07515,0.5467,3
sub-DSAR45M07643,29,29_1,sub-DSAR45M00171,0.9978,1
sub-DSAR45M07644,9202,9202_1,,,
sub-DSAR45M07645,365,365_1,sub-DSAR45M01417,1.0,1
sub-DSAR45M07646,3536,3536_1,,,
sub-DSAR45M07647,8670,8670_1,,,
sub-DSAR45M07648,1571,1571_1,sub-DSAR45M05981,0.4271,3
sub-DSAR45M07649,1219,1219_1,sub-DSAR45M01479,0.5296,3
sub-DSAR45M07650,3935,3935_1,,,
sub-DSAR45M07651,7782,7782_1,,,
sub-DSAR45M07652,9066,9066_1,,,
sub-DSAR45M07653,7471,7471_1,,,
sub-DSAR45M07654,2305,2305_1,,,
sub-DSAR45M07655,1424,1424_1,sub-DSAR45M08855,0.5194,3
sub-DSAR45M07656,179,179_1,sub-DSAR45M10778,0.9968,1
sub-DSAR45M07657,7093,7093_1,,,
sub-DSAR45M07658,6744,6744_1,,,
sub-DSAR45M07659,8926,8926_1,,,
sub-DSAR45M07660,4804,4804_1,,,
sub-DSAR45M07661,9596,9596_1,,,
sub-DSAR45M07662,1778,1778_1,sub-DSAR45M07638,0.5481,3
sub-DSAR45M07663,9480,9480_1,,,
sub-DSAR45M07664,6527,6527_1,,,
sub-DSAR45M07665,4375,4375_1,,,
sub-DSAR45M07666,7222,7222_1,,,
sub-DSAR45M07667,1303,1303_2,sub-DSAR45M06562,0.4512,3
sub-DSAR45M07668,2771,2771_1,,,
sub-DSAR45M07669,9635,9635_1,,,
sub-DSAR45M07670,1113,1113_2,sub-DSAR45M11235,0.5059,3
sub-DSAR45M07671,4953,4953_1,,,
sub-DSAR45M07672,84,84_1,sub-DSAR45M00744,0.9992,1
sub-DSAR45M07673,4,4_1,sub-DSAR45M08552,0.9989,1
sub-DSAR45M07674,2484,2484_1,,,
sub-DSAR45M07675,1935,1935_1,,,
sub-DSAR45M07676,4645,4645_1,,,
sub-DSAR45M07677,954,954_1,sub-DSAR45M05709,0.4318,2
sub-DSAR45M07678,9811,9811_1,,,
sub-DSAR45M07679,6390,6390_1,,,
sub-DSAR45M07680,7204,7204_1,,,
sub-DSAR45M07681,9149,9149_1,,,
sub-DSAR45M07682,9412,9412_1,,,
sub-DSAR45M07683,1165,1165_1,sub-DSAR45M02592,0.4349,3
sub-DSAR45M07684,1513,1513_1,sub-DSAR45M10493,0.491,3
sub-DSAR45M07685,7349,7349_1,,,
sub-DSAR45M07686,3171,3171_1,,,
sub-DSAR45M07687,135,135_1,sub-DSAR45M10621,0.9962,1
sub-DSAR45M07688,4401,4401_1,,,
sub-DSAR45M07689,1241,1241_2,sub-DSAR45M02867,0.518,3
sub-DSAR45M07690,4593,4593_1,,,
sub-DSAR45M07691,377,377_1,sub-DSAR45M02247,0.9998,1
sub-DSAR45M07692,1442,1442_1,sub-DSAR45M08518,0.4986,3
sub-DSAR45M07693,4634,4634_1,,,
sub-DSAR45M07694,8766,8766_1,,,
sub-DSAR45M07695,2132,2132_1,,,
sub-DSAR45M07696,4847,4847_1,,,
sub-DSAR45M07697,3592,3592_1,,,
sub-DSAR45M07698,9404,9404_1,,,
sub-DSAR45M07699,6749,6749_1,,,
sub-DSAR45M07700,119,119_1,sub-DSAR45M11296,0.9934,1
sub-DSAR45M07701,790,790_1,sub-DSAR45M08881,0.4796,2
sub-DSAR45M07702,8532,8532_1,,,
sub-DSAR45M07703,4131,4131_1,,,
sub-DSAR45M07704,4397,4397_1,,,
sub-DSAR45M07705,1810,1810_1,sub-DSAR45M07467,0.4573,3
sub-DSAR45M07706,4818,4818_1,,,
sub-DSAR45M07707,3213,3213_1,,,
sub-DSAR45M07708,5637,5637_1,,,
sub-DSAR45M07709,6504,6504_1,,,
sub-DSAR45M07710,6697,6697_1,,,
sub-DSAR45M07711,9690,9690_1,,,
sub-DSAR45M07712,904,904_1,sub-DSAR45M06174,0.5426,2
sub-DSAR45M07713,4549,4549_1,,,
sub-DSAR45M07714,6068,6068_1,,,
sub-DSAR45M07715,3382,3382_1,,,
sub-DSAR45M07716,9123,9123_1,,,
sub-DSAR45M07717,6901,6901_1,,,
sub-DSAR45M07718,1206,1206_2,sub-DSAR45M03958,0.5759,3
sub-DSAR45M07719,4811,4811_1,,,
sub-DSAR45M07720,4068,4068_1,,,
sub-DSAR45M07721,4047,4047_1,,,
sub-DSAR45M07722,7785,7785_1,,,
sub-DSAR45M07723,5454,5454_1,,,
sub-DSAR45M07724,4163,4163_1,,,
sub-DSAR45M07725,3729,3729_1,,,
sub-DSAR45M07726,370,370_1,sub-DSAR45M02148,0.9999,1
sub-DSAR45M07727,1501,1501_1,sub-DSAR45M08823,0.4283,3
sub-DSAR45M07728,921,921_1,sub-DSAR45M09967,0.5493,2
sub-DSAR45M07729,2014,2014_1,,,
sub-DSAR45M07730,21,21_1,sub-DSAR45M02862,0.9969,1
sub-DSAR45M07731,6191,6191_1,,,
sub-DSAR45M07732,2873,2873_1,,,
sub-DSAR45M07733,9725,9725_1,,,
sub-DSAR45M07734,216,216_1,sub-DSAR45M05477,0.9995,1
sub-DSAR45M07735,4731,4731_1,,,
sub-DSAR45M07736,6258,6258_1,,,
sub-DSAR45M07737,9329,9329_1,,,
sub-DSAR45M07738,2528,2528_1,,,
sub-DSAR45M07739,1040,1040_1,sub-DSAR45M01521,0.499,2
sub-DSAR45M07740,6288,6288_1,,,
sub-DSAR45M07741,4201,4201_1,,,
sub-DSAR45M07742,7234,7234_1,,,
sub-DSAR45M07743,9809,9809_1,,,
sub-DSAR45M07744,1142,1142_1,sub-DSAR45M10267,0.5176,3
sub-DSAR45M07745,1174,1174_2,sub-DSAR45M11532,0.4383,3
sub-DSAR45M07746,7694,7694_1,,,
sub-DSAR45M07747,7127,7127_1,,,
sub-DSAR45M07748,212,212_1,sub-DSAR45M01678,0.9971,1
sub-DSAR45M07749,1350,1350_1,sub-DSAR45M01952,0.4769,3
sub-DSAR45M07750,8993,8993_1,,,
sub-DSAR45M07751,9226,9226_1,,,
sub-DSAR45M07752,9726,9726_1,,,
sub-DSAR45M07753,1472,1472_2,sub-DSAR45M04740,0.5055,3
sub-DSAR45M07754,1606,1606_1,sub-DSAR45M04698,0.5313,3
sub-DSAR45M07755,3705,3705_1,,,
sub-DSAR45M07756,126,126_1,sub-DSAR45M10178,0.9971,1
sub-DSAR45M07757,499,499_1,sub-DSAR45M10636,0.5465,2
sub-DSAR45M07758,8154,8154_1,,,
sub-DSAR45M07759,474,474_1,sub-DSAR45M09092,0.4614,2
sub-DSAR45M07760,3089,3089_1,,,
sub-DSAR45M07761,4611,4611_1,,,
sub-DSAR45M07762,9640,9640_1,,,
sub-DSAR45M07763,3849,3849_1,,,
sub-DSAR45M07764,4189,4189_1,,,
sub-DSAR45M07765,8450,8450_1,,,
sub-DSAR45M07766,6758,6758_1,,,
sub-DSAR45M07767,1831,1831_2,sub-DSAR45M05524,0.5444,3
sub-DSAR45M07768,8384,8384_1,,,
sub-DSAR45M07769,1585,1585_2,sub-DSAR45M05597,0.5849,3
sub-DSAR45M07770,4176,4176_1,,,
sub-DSAR45M07771,9207,9207_1,,,
sub-DSAR45M07772,1628,1628_2,sub-DSAR45M07556,0.5191,3
sub-DSAR45M07773,1123,1123_1,sub-DSAR45M06579,0.4373,3
sub-DSAR45M07774,8999,8999_1,,,
sub-DSAR45M07775,9239,9239_1,,,
sub-DSAR45M07776,3838,3838_1,,,
sub-DSAR45M07777,270,270_1,sub-DSAR45M02954,0.9972,1
sub-DSAR45M07778,1652,1652_1,sub-DSAR45M09582,0.5242,3
sub-DSAR45M07779,6135,6135_1,,,
sub-DSAR45M07780,9115,9115_1,,,
sub-DSAR45M07781,549,549_1,sub-DSAR45M10752,0.4312,2
sub-DSAR45M07782,1676,1676_1,sub-DSAR45M08944,0.4382,3
sub-DSAR45M07783,9424,9424_1,,,
sub-DSAR45M07784,9657,9657_1,,,
sub-DSAR45M07785,6775,6775_1,,,
sub-DSAR45M07786,1687,1687_1,sub-DSAR45M04150,0.3938,3
sub-DSAR45M07787,8329,8329_1,,,
sub-DSAR45M07788,7715,7715_1,,,
sub-DSAR45M07789,7521,7521_1,,,
sub-DSAR45M07790,1597,1597_2,sub-DSAR45M11527,0.536,3
sub-DSAR45M07791,1462,1462_1,sub-DSAR45M05238,0.5388,3
sub-DSAR45M07792,4327,4327_1,,,
sub-DSAR45M07793,8052,8052_1,,,
sub-DSAR45M07794,8455,8455_1,,,
sub-DSAR45M07795,2590,2590_1,,,
sub-DSAR45M07796,1090,1090_2,sub-DSAR45M06983,0.528,3
sub-DSAR45M07797,8722,8722_1,,,
sub-DSAR45M07798,1497,1497_2,sub-DSAR45M06689,0.4421,3
sub-DSAR45M07799,876,876_1,sub-DSAR45M06106,0.5043,2
sub-DSAR45M07800,5334,5334_1,,,
sub-DSAR45M07801,1685,1685_2,sub-DSAR45M03729,0.381,3
sub-DSAR45M07802,9102,9102_1,,,
sub-DSAR45M07803,984,984_1,sub-DSAR45M05409,0.4783,2
sub-DSAR45M07804,1075,1075_1,sub-DSAR45M03419,0.5533,3
sub-DSAR45M07805,2115,2115_1,,,
sub-DSAR45M07806,6224,6224_1,,,
sub-DSAR45M07807,3801,3801_1,,,
sub-DSAR45M07808,2414,2414_1,,,
sub-DSAR45M07809,1495,1495_1,sub-DSAR45M10943,0.5576,3
sub-DSAR45M07810,405,405_1,sub-DSAR45M06563,0.9969,1
sub-DSAR45M07811,1570,1570_2,sub-DSAR45M05574,0.5085,3
sub-DSAR45M07812,9378,9378_1,,,
sub-DSAR45M07813,1279,1279_1,sub-DSAR45M01165,0.5629,3
sub-DSAR45M07814,279,279_1,sub-DSAR45M10824,0.9957,1
sub-DSAR45M07815,3973,3973_1,,,
sub-DSAR45M07816,8138,8138_1,,,
sub-DSAR45M07817,43,43_1,sub-DSAR45M10390,0.9964,1
sub-DSAR45M07818,9052,9052_1,,,
sub-DSAR45M07819,6266,6266_1,,,
sub-DSAR45M07820,8870,8870_1,,,
sub-DSAR45M07821,702,702_1,sub-DSAR45M05259,0.491,2
sub-DSAR45M07822,7305,7305_1,,,
sub-DSAR45M07823,9188,9188_1,,,
sub-DSAR45M07824,2709,2709_1,,,
sub-DSAR45M07825,5900,5900_1,,,
sub-DSAR45M07826,5409,5409_1,,,
sub-DSAR45M07827,8858,8858_1,,,
sub-DSAR45M07828,4426,4426_1,,,
sub-DSAR45M07829,7442,7442_1,,,
sub-DSAR45M07830,138,138_1,sub-DSAR45M09427,1.0,1
sub-DSAR45M07831,441,441_1,sub-DSAR45M11597,0.5189,2
sub-DSAR45M07832,5584,5584_1,,,
sub-DSAR45M07833,2722,2722_1,,,
sub-DSAR45M07834,309,309_1,sub-DSAR45M11061,0.9979,1
sub-DSAR45M07835,8301,8301_1,,,
sub-DSAR45M07836,2385,2385_1,,,
sub-DSAR45M07837,8636,8636_1,,,
sub-DSAR45M07838,8330,8330_1,,,
sub-DSAR45M07839,7945,7945_1,,,
sub-DSAR45M07840,3620,3620_1,,,
sub-DSAR45M07841,1599,1599_2,sub-DSAR45M05765,0.5973,3
sub-DSAR45M07842,7040,7040_1,,,
sub-DSAR45M07843,8933,8933_1,,,
sub-DSAR45M07844,272,272_1,sub-DSAR45M00965,0.9951,1
sub-DSAR45M07845,8876,8876_1,,,
sub-DSAR45M07846,974,974_1,sub-DSAR45M02021,0.5086,2
sub-DSAR45M07847,340,340_1,sub-DSAR45M01420,0.9993,1
sub-DSAR45M07848,9142,9142_1,,,
sub-DSAR45M07849,1461,1461_1,sub-DSAR45M10810,0.5713,3
sub-DSAR45M07850,2559,2559_1,,,
sub-DSAR45M07851,9291,9291_1,,,
sub-DSAR45M07852,7447,7447_1,,,
sub-DSAR45M07853,8375,8375_1,,,
sub-DSAR45M07854,2728,2728_1,,,
sub-DSAR45M07855,7158,7158_1,,,
sub-DSAR45M07856,63,63_1,sub-DSAR45M02863,0.9976,1
sub-DSAR45M07857,518,518_1,sub-DSAR45M11638,0.4921,2
sub-DSAR45M07858,1521,1521_1,sub-DSAR45M02736,0.4476,3
sub-DSAR45M07859,5841,5841_1,,,
sub-DSAR45M07860,5543,5543_1,,,
sub-DSAR45M07861,1629,1629_1,sub-DSAR45M06784,0.4523,3
sub-DSAR45M07862,8292,8292_1,,,
sub-DSAR45M07863,4678,4678_1,,,
sub-DSAR45M07864,4890,4890_1,,,
sub-DSAR45M07865,3394,3394_1,,,
sub-DSAR45M07866,3574,3574_1,,,
sub-DSAR45M07867,3638,3638_1,,,
sub-DSAR45M07868,1737,1737_2,sub-DSAR45M05328,0.4833,3
sub-DSAR45M07869,7236,7236_1,,,
sub-DSAR45M07870,1792,1792_1,sub-DSAR45M04115,0.5409,3
sub-DSAR45M07871,6281,6281_1,,,
sub-DSAR45M07872,8065,8065_1,,,
sub-DSAR45M07873,120,120_1,sub-DSAR45M11275,1.0,1
sub-DSAR45M07874,5461,5461_1,,,
sub-DSAR45M07875,3151,3151_1,,,
sub-DSAR45M07876,2978,2978_1,,,
sub-DSAR45M07877,3839,3839_1,,,
sub-DSAR45M07878,928,928_1,sub-DSAR45M00395,0.4316,2
sub-DSAR45M07879,7467,7467_1,,,
sub-DSAR45M07880,1220,1220_1,sub-DSAR45M00220,0.4314,3
sub-DSAR45M07881,6015,6015_1,,,
sub-DSAR45M07882,34,34_1,sub-DSAR45M10296,0.9957,1
sub-DSAR45M07883,5639,5639_1,,,
sub-DSAR45M07884,9330,9330_1,,,
sub-DSAR45M07885,775,775_1,sub-DSAR45M04791,0.455,2
sub-DSAR45M07886,5386,5386_1,,,
sub-DSAR45M07887,6524,6524_1,,,
sub-DSAR45M07888,6050,6050_1,,,
sub-DSAR45M07889,6328,6328_1,,,
sub-DSAR45M07890,6534,6534_1,,,
sub-DSAR45M07891,419,419_1,sub-DSAR45M01222,0.9982,1
sub-DSAR45M07892,5759,5759_1,,,
sub-DSAR45M07893,7001,7001_1,,,
sub-DSAR45M07894,6116,6116_1,,,
sub-DSAR45M07895,4653,4653_1,,,
sub-DSAR45M07896,5654,5654_1,,,
sub-DSAR45M07897,480,480_1,sub-DSAR45M08892,0.5072,2
sub-DSAR45M07898,1800,1800_2,sub-DSAR45M04934,0.5834,3
sub-DSAR45M07899,2824,2824_1,,,
sub-DSAR45M07900,7692,7692_1,,,
sub-DSAR45M07901,196,196_1,sub-DSAR45M04612,0.9985,1
sub-DSAR45M07902,5808,5808_1,,,
sub-DSAR45M07903,1242,1242_2,sub-DSAR45M07632,0.5365,3
sub-DSAR45M07904,6627,6627_1,,,
sub-DSAR45M07905,7302,7302_1,,,
sub-DSAR45M07906,613,613_1,sub-DSAR45M10043,0.4469,2
sub-DSAR45M07907,3833,3833_1,,,
sub-DSAR45M07908,5941,5941_1,,,
sub-DSAR45M07909,233,233_1,sub-DSAR45M09971,0.9964,1
sub-DSAR45M07910,3485,3485_1,,,
sub-DSAR45M07911,1639,1639_1,sub-DSAR45M09612,0.5331,3
sub-DSAR45M07912,9227,9227_1,,,
sub-DSAR45M07913,8427,8427_1,,,
sub-DSAR45M07914,1134,1134_1,sub-DSAR45M03467,0.4798,3
sub-DSAR45M07915,1017,1017_1,sub-DSAR45M01046,0.599,2
sub-DSAR45M07916,8096,8096_1,,,
sub-DSAR45M07917,5069,5069_1,,,
sub-DSAR45M07918,2380,2380_1,,,
sub-DSAR45M07919,411,411_1,sub-DSAR45M07494,0.9983,1
sub-DSAR45M07920,9108,9108_1,,,
sub-DSAR45M07921,445,445_1,sub-DSAR45M08597,0.484,2
sub-DSAR45M07922,1621,1621_2,sub-DSAR45M03102,0.4604,3
sub-DSAR45M07923,5846,5846_1,,,
sub-DSAR45M07924,507,507_1,sub-DSAR45M11100,0.5543,2
sub-DSAR45M07925,9107,9107_1,,,
sub-DSAR45M07926,463,463_1,sub-DSAR45M02184,0.5845,2
sub-DSAR45M07927,2245,2245_1,,,
sub-DSAR45M07928,2157,2157_1,,,
sub-DSAR45M07929,871,871_1,sub-DSAR45M10912,0.4781,2
sub-DSAR45M07930,3657,3657_1,,,
sub-DSAR45M07931,2497,2497_1,,,
sub-DSAR45M07932,7727,7727_1,,,
sub-DSAR45M07933,784,784_1,sub-DSAR45M03430,0.5562,2
sub-DSAR45M07934,1967,1967_1,,,
sub-DSAR45M07935,6951,6951_1,,,
sub-DSAR45M07936,6476,6476_1,,,
sub-DSAR45M07937,8472,8472_1,,,
sub-DSAR45M07938,9720,9720_1,,,
sub-DSAR45M07939,9299,9299_1,,,
sub-DSAR45M07940,8736,8736_1,,,
sub-DSAR45M07941,1481,1481_2,sub-DSAR45M10571,0.5152,3
sub-DSAR45M07942,3278,3278_1,,,
sub-DSAR45M07943,1548,1548_1,sub-DSAR45M10951,0.4497,3
sub-DSAR45M07944,3672,3672_1,,,
sub-DSAR45M07945,7611,7611_1,,,
sub-DSAR45M07946,6712,6712_1,,,
sub-DSAR45M07947,1899,1899_1,,,
sub-DSAR45M07948,8806,8806_1,,,
sub-DSAR45M07949,7201,7201_1,,,
sub-DSAR45M07950,116,116_1,sub-DSAR45M07138,0.9994,1
sub-DSAR45M07951,118,118_1,sub-DSAR45M09330,0.9982,1
sub-DSAR45M07952,8113,8113_1,,,
sub-DSAR45M07953,1112,1112_1,sub-DSAR45M08390,0.5552,3
sub-DSAR45M07954,6176,6176_1,,,
sub-DSAR45M07955,6858,6858_1,,,
sub-DSAR45M07956,1420,1420_1,sub-DSAR45M10038,0.4754,3
sub-DSAR45M07957,8805,8805_1,,,
sub-DSAR45M07958,7838,7838_1,,,
sub-DSAR45M07959,9026,9026_1,,,
sub-DSAR45M07960,626,626_1,sub-DSAR45M06498,0.5055,2
sub-DSAR45M07961,1292,1292_2,sub-DSAR45M05502,0.5952,3
sub-DSAR45M07962,3982,3982_1,,,
sub-DSAR45M07963,3478,3478_1,,,
sub-DSAR45M07964,4414,4414_1,,,
sub-DSAR45M07965,259,259_1,sub-DSAR45M10881,1.0,1
sub-DSAR45M07966,2513,2513_1,,,
sub-DSAR45M07967,6990,6990_1,,,
sub-DSAR45M07968,1254,1254_1,sub-DSAR45M05393,0.5685,3
sub-DSAR45M07969,1957,1957_1,,,
sub-DSAR45M07970,7237,7237_1,,,
sub-DSAR45M07971,7736,7736_1,,,
sub-DSAR45M07972,1484,1484_2,sub-DSAR45M10320,0.4404,3
sub-DSAR45M07973,7800,7800_1,,,
sub-DSAR45M07974,4082,4082_1,,,
sub-DSAR45M07975,3553,3553_1,,,
sub-DSAR45M07976,7986,7986_1,,,
sub-DSAR45M07977,9235,9235_1,,,
sub-DSAR45M07978,6455,6455_1,,,
sub-DSAR45M07979,8779,8779_1,,,
sub-DSAR45M07980,6753,6753_1,,,
sub-DSAR45M07981,5187,5187_1,,,
sub-DSAR45M07982,183,183_1,sub-DSAR45M10334,0.9966,1
sub-DSAR45M07983,1145,1145_1,sub-DSAR45M10556,0.5173,3
sub-DSAR45M07984,9136,9136_1,,,
sub-DSAR45M07985,4919,4919_1,,,
sub-DSAR45M07986,269,269_1,sub-DSAR45M00922,0.998,1
sub-DSAR45M07987,6513,6513_1,,,
sub-DSAR45M07988,8605,8605_1,,,
sub-DSAR45M07989,7558,7558_1,,,
sub-DSAR45M07990,6689,6689_1,,,
sub-DSAR45M07991,508,508_1,sub-DSAR45M03664,0.513,2
sub-DSAR45M07992,2078,2078_1,,,
sub-DSAR45M07993,3520,3520_1,,,
sub-DSAR45M07994,8913,8913_1,,,
sub-DSAR45M07995,2278,2278_1,,,
sub-DSAR45M07996,7003,7003_1,,,
sub-DSAR45M07997,583,583_1,sub-DSAR45M08679,0.4651,2
sub-DSAR45M07998,1009,1009_1,sub-DSAR45M09554,0.4763,2
sub-DSAR45M07999,2610,2610_1,,,
sub-DSAR45M08000,1590,1590_2,sub-DSAR45M06967,0.4978,3
sub-DSAR45M08001,324,324_1,sub-DSAR45M05387,0.9959,1
sub-DSAR45M08002,3258,3258_1,,,
sub-DSAR45M08003,1331,1331_2,sub-DSAR45M09285,0.4915,3
sub-DSAR45M08004,278,278_1,sub-DSAR45M03570,0.9958,1
sub-DSAR45M08005,3480,3480_1,,,
sub-DSAR45M08006,6558,6558_1,,,
sub-DSAR45M08007,8161,8161_1,,,
sub-DSAR45M08008,401,401_1,sub-DSAR45M11226,0.9981,1
sub-DSAR45M08009,1579,1579_1,sub-DSAR45M00375,0.4506,3
sub-DSAR45M08010,635,635_1,sub-DSAR45M05264,0.4633,2
sub-DSAR45M08011,2858,2858_1,,,
sub-DSAR45M08012,4423,4423_1,,,
sub-DSAR45M08013,1783,1783_2,sub-DSAR45M09009,0.5115,3
sub-DSAR45M08014,1595,1595_1,sub-DSAR45M06643,0.381,3
sub-DSAR45M08015,673,673_1,sub-DSAR45M03557,0.4875,2
sub-DSAR45M08016,6670,6670_1,,,
sub-DSAR45M08017,4083,4083_1,,,
sub-DSAR45M08018,7468,7468_1,,,
sub-DSAR45M08019,5249,5249_1,,,
sub-DSAR45M08020,7958,7958_1,,,
sub-DSAR45M08021,5749,5749_1,,,
sub-DSAR45M08022,8813,8813_1,,,
sub-DSAR45M08023,2109,2109_1,,,
sub-DSAR45M08024,7821,7821_1,,,
sub-DSAR45M08025,8846,8846_1,,,
sub-DSAR45M08026,7854,7854_1,,,
sub-DSAR45M08027,1244,1244_2,sub-DSAR45M02950,0.4418,3
sub-DSAR45M08028,1273,1273_1,sub-DSAR45M11530,0.5338,3
sub-DSAR45M08029,3626,3626_1,,,
sub-DSAR45M08030,7417,7417_1,,,
sub-DSAR45M08031,9755,9755_1,,,
sub-DSAR45M08032,1425,1425_1,sub-DSAR45M01953,0.4802,3
sub-DSAR45M08033,3023,3023_1,,,
sub-DSAR45M08034,111,111_1,sub-DSAR45M02933,1.0,1
sub-DSAR45M08035,3583,3583_1,,,
sub-DSAR45M08036,5494,5494_1,,,
sub-DSAR45M08037,9130,9130_1,,,
sub-DSAR45M08038,5905,5905_1,,,
sub-DSAR45M08039,5272,5272_1,,,
sub-DSAR45M08040,4536,4536_1,,,
sub-DSAR45M08041,6882,6882_1,,,
sub-DSAR45M08042,8103,8103_1,,,
sub-DSAR45M08043,218,218_1,sub-DSAR45M05430,1.0,1
sub-DSAR45M08044,3651,3651_1,,,
sub-DSAR45M08045,8184,8184_1,,,
sub-DSAR45M08046,2086,2086_1,,,
sub-DSAR45M08047,9595,9595_1,,,
sub-DSAR45M08048,3080,3080_1,,,
sub-DSAR45M08049,9612,9612_1,,,
sub-DSAR45M08050,1920,1920_1,,,
sub-DSAR45M08051,8304,8304_1,,,
sub-DSAR45M08052,2769,2769_1,,,
sub-DSAR45M08053,8941,8941_1,,,
sub-DSAR45M08054,5310,5310_1,,,
sub-DSAR45M08055,8237,8237_1,,,
sub-DSAR45M08056,8694,8694_1,,,
sub-DSAR45M08057,9675,9675_1,,,
sub-DSAR45M08058,1746,1746_2,sub-DSAR45M00841,0.5255,3
sub-DSAR45M08059,1759,1759_2,sub-DSAR45M02123,0.5984,3
sub-DSAR45M08060,351,351_1,sub-DSAR45M09727,0.998,1
sub-DSAR45M08061,6566,6566_1,,,
sub-DSAR45M08062,1672,1672_1,sub-DSAR45M06318,0.4727,3
sub-DSAR45M08063,7759,7759_1,,,
sub-DSAR45M08064,1137,1137_1,sub-DSAR45M01077,0.4217,3
sub-DSAR45M08065,4756,4756_1,,,
sub-DSAR45M08066,5121,5121_1,,,
sub-DSAR45M08067,3157,3157_1,,,
sub-DSAR45M08068,561,561_1,sub-DSAR45M11076,0.5321,2
sub-DSAR45M08069,2418,2418_1,,,
sub-DSAR45M08070,836,836_1,sub-DSAR45M02652,0.4974,2
sub-DSAR45M08071,9259,9259_1,,,
sub-DSAR45M08072,5872,5872_1,,,
sub-DSAR45M08073,2170,2170_1,,,
sub-DSAR45M08074,5222,5222_1,,,
sub-DSAR45M08075,3216,3216_1,,,
sub-DSAR45M08076,4448,4448_1,,,
sub-DSAR45M08077,3147,3147_1,,,
sub-DSAR45M08078,1243,1243_2,sub-DSAR45M03206,0.4378,3
sub-DSAR45M08079,1156,1156_2,sub-DSAR45M09347,0.5538,3
sub-DSAR45M08080,1784,1784_1,sub-DSAR45M09555,0.5349,3
sub-DSAR45M08081,4148,4148_1,,,
sub-DSAR45M08082,596,596_1,sub-DSAR45M05043,0.4225,2
sub-DSAR45M08083,9047,9047_1,,,
sub-DSAR45M08084,773,773_1,sub-DSAR45M01339,0.4997,2
sub-DSAR45M08085,1791,1791_1,sub-DSAR45M06798,0.531,3
sub-DSAR45M08086,8227,8227_1,,,
sub-DSAR45M08087,5529,5529_1,,,
sub-DSAR45M08088,3859,3859_1,,,
sub-DSAR45M08089,8961,8961_1,,,
sub-DSAR45M08090,7999,7999_1,,,
sub-DSAR45M08091,2711,2711_1,,,
sub-DSAR45M08092,174,174_1,sub-DSAR45M07476,0.996,1
sub-DSAR45M08093,6825,6825_1,,,
sub-DSAR45M08094,809,809_1,sub-DSAR45M04509,0.6158,2
sub-DSAR45M08095,3264,3264_1,,,
sub-DSAR45M08096,2937,2937_1,,,
sub-DSAR45M08097,8080,8080_1,,,
sub-DSAR45M08098,8883,8883_1,,,
sub-DSAR45M08099,4073,4073_1,,,
sub-DSAR45M08100,6376,6376_1,,,
sub-DSAR45M08101,9,9_1,sub-DSAR45M08340,0.9983,1
sub-DSAR45M08102,676,676_1,sub-DSAR45M01557,0.4874,2
sub-DSAR45M08103,1281,1281_1,sub-DSAR45M10977,0.4412,3
sub-DSAR45M08104,2303,2303_1,,,
sub-DSAR45M08105,6602,6602_1,,,
sub-DSAR45M08106,8942,8942_1,,,
sub-DSAR45M08107,2633,2633_1,,,
sub-DSAR45M08108,5716,5716_1,,,
sub-DSAR45M08109,4802,4802_1,,,
sub-DSAR45M08110,7492,7492_1,,,
sub-DSAR45M08111,1432,1432_2,sub-DSAR45M03571,0.5537,3
sub-DSAR45M08112,8683,8683_1,,,
sub-DSAR45M08113,1130,1130_1,sub-DSAR45M10868,0.4947,3
sub-DSAR45M08114,3877,3877_1,,,
sub-DSAR45M08115,2533,2533_1,,,
sub-DSAR45M08116,8874,8874_1,,,
sub-DSAR45M08117,6521,6521_1,,,
sub-DSAR45M08118,3378,3378_1,,,
sub-DSAR45M08119,5373,5373_1,,,
sub-DSAR45M08120,792,792_1,sub-DSAR45M09053,0.4548,2
sub-DSAR45M08121,8793,8793_1,,,
sub-DSAR45M08122,5150,5150_1,,,
sub-DSAR45M08123,5036,5036_1,,,
sub-DSAR45M08124,7861,7861_1,,,
sub-DSAR45M08125,121,121_1,sub-DSAR45M08822,0.9987,1
sub-DSAR45M08126,1804,1804_1,sub-DSAR45M02258,0.4715,3
sub-DSAR45M08127,253,253_1,sub-DSAR45M04572,1.0,1
sub-DSAR45M08128,9425,9425_1,,,
sub-DSAR45M08129,2556,2556_1,,,
sub-DSAR45M08130,6565,6565_1,,,
sub-DSAR45M08131,1752,1752_2,sub-DSAR45M04159,0.4943,3
sub-DSAR45M08132,953,953_1,sub-DSAR45M10326,0.5654,2
sub-DSAR45M08133,8159,8159_1,,,
sub-DSAR45M08134,3495,3495_1,,,
sub-DSAR45M08135,9113,9113_1,,,
sub-DSAR45M08136,5221,5221_1,,,
sub-DSAR45M08137,988,988_1,sub-DSAR45M04773,0.4785,2
sub-DSAR45M08138,40,40_1,sub-DSAR45M01115,0.9946,1
sub-DSAR45M08139,7303,7303_1,,,
sub-DSAR45M08140,7020,7020_1,,,
sub-DSAR45M08141,6198,6198_1,,,
sub-DSAR45M08142,1952,1952_1,,,
sub-DSAR45M08143,6653,6653_1,,,
sub-DSAR45M08144,359,359_1,sub-DSAR45M08455,1.0,1
sub-DSAR45M08145,2692,2692_1,,,
sub-DSAR45M08146,6573,6573_1,,,
sub-DSAR45M08147,396,396_1,sub-DSAR45M06881,0.9986,1
sub-DSAR45M08148,6194,6194_1,,,
sub-DSAR45M08149,992,992_1,sub-DSAR45M05582,0.4767,2
sub-DSAR45M08150,5137,5137_1,,,
sub-DSAR45M08151,2181,2181_1,,,
sub-DSAR45M08152,981,981_1,sub-DSAR45M10796,0.4873,2
sub-DSAR45M08153,342,342_1,sub-DSAR45M01408,1.0,1
sub-DSAR45M08154,7907,7907_1,,,
sub-DSAR45M08155,5374,5374_1,,,
sub-DSAR45M08156,7889,7889_1,,,
sub-DSAR45M08157,4153,4153_1,,,
sub-DSAR45M08158,3403,3403_1,,,
sub-DSAR45M08159,534,534_1,sub-DSAR45M01733,0.5126,2
sub-DSAR45M08160,1836,1836_1,sub-DSAR45M10146,0.4577,3
sub-DSAR45M08161,6357,6357_1,,,
sub-DSAR45M08162,644,644_1,sub-DSAR45M07322,0.4686,2
sub-DSAR45M08163,4707,4707_1,,,
sub-DSAR45M08164,7635,7635_1,,,
sub-DSAR45M08165,696,696_1,sub-DSAR45M07596,0.533,2
sub-DSAR45M08166,146,146_1,sub-DSAR45M08503,0.9951,1
sub-DSAR45M08167,9483,9483_1,,,
sub-DSAR45M08168,124,124_1,sub-DSAR45M04843,0.9946,1
sub-DSAR45M08169,1563,1563_1,sub-DSAR45M06655,0.5262,3
sub-DSAR45M08170,6223,6223_1,,,
sub-DSAR45M08171,4957,4957_1,,,
sub-DSAR45M08172,7900,7900_1,,,
sub-DSAR45M08173,9104,9104_1,,,
sub-DSAR45M08174,909,909_1,sub-DSAR45M00173,0.4621,2
sub-DSAR45M08175,4235,4235_1,,,
sub-DSAR45M08176,336,336_1,sub-DSAR45M08436,0.9941,1
sub-DSAR45M08177,6644,6644_1,,,
sub-DSAR45M08178,9452,9452_1,,,
sub-DSAR45M08179,5573,5573_1,,,
sub-DSAR45M08180,2754,2754_1,,,
sub-DSAR45M08181,1788,1788_2,sub-DSAR45M08363,0.527,3
sub-DSAR45M08182,5073,5073_1,,,
sub-DSAR45M08183,5679,5679_1,,,
sub-DSAR45M08184,1835,1835_2,sub-DSAR45M07118,0.5585,3
sub-DSAR45M08185,2106,2106_1,,,
sub-DSAR45M08186,4433,4433_1,,,
sub-DSAR45M08187,6113,6113_1,,,
sub-DSAR45M08188,3902,3902_1,,,
sub-DSAR45M08189,2912,2912_1,,,
sub-DSAR45M08190,2732,2732_1,,,
sub-DSAR45M08191,6726,6726_1,,,
sub-DSAR45M08192,1510,1510_2,sub-DSAR45M10913,0.4359,3
sub-DSAR45M08193,5378,5378_1,,,
sub-DSAR45M08194,2407,2407_1,,,
sub-DSAR45M08195,738,738_1,sub-DSAR45M08648,0.6184,2
sub-DSAR45M08196,6337,6337_1,,,
sub-DSAR45M08197,9328,9328_1,,,
sub-DSAR45M08198,6047,6047_1,,,
sub-DSAR45M08199,363,363_1,sub-DSAR45M05217,1.0,1
sub-DSAR45M08200,6600,6600_1,,,
sub-DSAR45M08201,9540,9540_1,,,
sub-DSAR45M08202,1610,1610_1,sub-DSAR45M04167,0.4989,3
sub-DSAR45M08203,2757,2757_1,,,
sub-DSAR45M08204,4996,4996_1,,,
sub-DSAR45M08205,320,320_1,sub-DSAR45M05760,0.9972,1
sub-DSAR45M08206,1214,1214_1,sub-DSAR45M06685,0.4861,3
sub-DSAR45M08207,4738,4738_1,,,
sub-DSAR45M08208,2479,2479_1,,,
sub-DSAR45M08209,544,544_1,sub-DSAR45M03810,0.4581,2
sub-DSAR45M08210,9195,9195_1,,,
sub-DSAR45M08211,6166,6166_1,,,
sub-DSAR45M08212,4508,4508_1,,,
sub-DSAR45M08213,462,462_1,sub-DSAR45M09719,0.4574,2
sub-DSAR45M08214,4057,4057_1,,,
sub-DSAR45M08215,109,109_1,sub-DSAR45M05656,0.9972,1
sub-DSAR45M08216,6016,6016_1,,,
sub-DSAR45M08217,3932,3932_1,,,
sub-DSAR45M08218,1996,1996_1,,,
sub-DSAR45M08219,2383,2383_1,,,
sub-DSAR45M08220,3361,3361_1,,,
sub-DSAR45M08221,8808,8808_1,,,
sub-DSAR45M08222,2929,2929_1,,,
sub-DSAR45M08223,4304,4304_1,,,
sub-DSAR45M08224,5471,5471_1,,,
sub-DSAR45M08225,9471,9471_1,,,
sub-DSAR45M08226,1809,1809_1,sub-DSAR45M01120,0.509,3
sub-DSAR45M08227,6362,6362_1,,,
sub-DSAR45M08228,1673,1673_1,sub-DSAR45M11307,0.5038,3
sub-DSAR45M08229,6021,6021_1,,,
sub-DSAR45M08230,245,245_1,sub-DSAR45M04545,0.999,1
sub-DSAR45M08231,6998,6998_1,,,
sub-DSAR45M08232,2636,2636_1,,,
sub-DSAR45M08233,9327,9327_1,,,
sub-DSAR45M08234,8622,8622_1,,,
sub-DSAR45M08235,201,201_1,sub-DSAR45M10065,1.0,1
sub-DSAR45M08236,727,727_1,sub-DSAR45M10814,0.5403,2
sub-DSAR45M08237,1503,1503_1,sub-DSAR45M07451,0.4841,3
sub-DSAR45M08238,3057,3057_1,,,
sub-DSAR45M08239,3126,3126_1,,,
sub-DSAR45M08240,3538,3538_1,,,
sub-DSAR45M08241,4787,4787_1,,,
sub-DSAR45M08242,699,699_1,sub-DSAR45M03894,0.5106,2
sub-DSAR45M08243,79,79_1,sub-DSAR45M03346,0.999,1
sub-DSAR45M08244,4453,4453_1,,,
sub-DSAR45M08245,3822,3822_1,,,
sub-DSAR45M08246,1026,1026_1,sub-DSAR45M03790,0.5068,2
sub-DSAR45M08247,5370,5370_1,,,
sub-DSAR45M08248,1560,1560_2,sub-DSAR45M01545,0.5202,3
sub-DSAR45M08249,7990,7990_1,,,
sub-DSAR45M08250,4743,4743_1,,,
sub-DSAR45M08251,2972,2972_1,,,
sub-DSAR45M08252,7850,7850_1,,,
sub-DSAR45M08253,6876,6876_1,,,
sub-DSAR45M08254,6395,6395_1,,,
sub-DSAR45M08255,8152,8152_1,,,
sub-DSAR45M08256,3544,3544_1,,,
sub-DSAR45M08257,620,620_1,sub-DSAR45M00390,0.4929,2
sub-DSAR45M08258,1202,1202_1,sub-DSAR45M01902,0.5323,3
sub-DSAR45M08259,1777,1777_2,sub-DSAR45M07604,0.4897,3
sub-DSAR45M08260,3490,3490_1,,,
sub-DSAR45M08261,8023,8023_1,,,
sub-DSAR45M08262,8597,8597_1,,,
sub-DSAR45M08263,6382,6382_1,,,
sub-DSAR45M08264,2879,2879_1,,,
sub-DSAR45M08265,7876,7876_1,,,
sub-DSAR45M08266,607,607_1,sub-DSAR45M08598,0.4768,2
sub-DSAR45M08267,5818,5818_1,,,
sub-DSAR45M08268,8509,8509_1,,,
sub-DSAR45M08269,4952,4952_1,,,
sub-DSAR45M08270,1195,1195_1,sub-DSAR45M06602,0.4828,3
sub-DSAR45M08271,968,968_1,sub-DSAR45M11254,0.4275,2
sub-DSAR45M08272,1441,1441_1,sub-DSAR45M08535,0.533,3
sub-DSAR45M08273,944,944_1,sub-DSAR45M06527,0.6217,2
sub-DSAR45M08274,4641,4641_1,,,
sub-DSAR45M08275,4759,4759_1,,,
sub-DSAR45M08276,9472,9472_1,,,
sub-DSAR45M08277,6801,6801_1,,,
sub-DSAR45M08278,8280,8280_1,,,
sub-DSAR45M08279,8264,8264_1,,,
sub-DSAR45M08280,3332,3332_1,,,
sub-DSAR45M08281,371,371_1,sub-DSAR45M02995,0.9988,1
sub-DSAR45M08282,9662,9662_1,,,
sub-DSAR45M08283,4138,4138_1,,,
sub-DSAR45M08284,1829,1829_2,sub-DSAR45M06491,0.5369,3
sub-DSAR45M08285,2059,2059_1,,,
sub-DSAR45M08286,4296,4296_1,,,
sub-DSAR45M08287,3030,3030_1,,,
sub-DSAR45M08288,1036,1036_1,sub-DSAR45M05858,0.5448,2
sub-DSAR45M08289,5863,5863_1,,,
sub-DSAR45M08290,81,81_1,sub-DSAR45M09023,1.0,1
sub-DSAR45M08291,4889,4889_1,,,
sub-DSAR45M08292,2279,2279_1,,,
sub-DSAR45M08293,4427,4427_1,,,
sub-DSAR45M08294,213,213_1,sub-DSAR45M00160,0.9975,1
sub-DSAR45M08295,4927,4927_1,,,
sub-DSAR45M08296,1802,1802_2,sub-DSAR45M06947,0.474,3
sub-DSAR45M08297,2489,2489_1,,,
sub-DSAR45M08298,5260,5260_1,,,
sub-DSAR45M08299,2953,2953_1,,,
sub-DSAR45M08300,7477,7477_1,,,
sub-DSAR45M08301,1164,1164_2,sub-DSAR45M06727,0.5,3
sub-DSAR45M08302,6619,6619_1,,,
sub-DSAR45M08303,4096,4096_1,,,
sub-DSAR45M08304,8635,8635_1,,,
sub-DSAR45M08305,7636,7636_1,,,
sub-DSAR45M08306,7709,7709_1,,,
sub-DSAR45M08307,565,565_1,sub-DSAR45M08337,0.4873,2
sub-DSAR45M08308,9758,9758_1,,,
sub-DSAR45M08309,8346,8346_1,,,
sub-DSAR45M08310,338,338_1,sub-DSAR45M04552,0.9992,1
sub-DSAR45M08311,1119,1119_2,sub-DSAR45M02571,0.4946,3
sub-DSAR45M08312,5702,5702_1,,,
sub-DSAR45M08313,6690,6690_1,,,
sub-DSAR45M08314,9420,9420_1,,,
sub-DSAR45M08315,8669,8669_1,,,
sub-DSAR45M08316,8490,8490_1,,,
sub-DSAR45M08317,4772,4772_1,,,
sub-DSAR45M08318,1468,1468_2,sub-DSAR45M00055,0.5193,3
sub-DSAR45M08319,7245,7245_1,,,
sub-DSAR45M08320,917,917_1,sub-DSAR45M04048,0.5405,2
sub-DSAR45M08321,37,37_1,sub-DSAR45M07460,1.0,1
sub-DSAR45M08322,4801,4801_1,,,
sub-DSAR45M08323,1229,1229_2,sub-DSAR45M04724,0.513,3
sub-DSAR45M08324,3009,3009_1,,,
sub-DSAR45M08325,5437,5437_1,,,
sub-DSAR45M08326,5032,5032_1,,,
sub-DSAR45M08327,1296,1296_2,sub-DSAR45M03644,0.4211,3
sub-DSAR45M08328,4643,4643_1,,,
sub-DSAR45M08329,1440,1440_2,sub-DSAR45M11425,0.5097,3
sub-DSAR45M08330,746,746_1,sub-DSAR45M00877,0.424,2
sub-DSAR45M08331,4755,4755_1,,,
sub-DSAR45M08332,7126,7126_1,,,
sub-DSAR45M08333,4190,4190_1,,,
sub-DSAR45M08334,610,610_1,sub-DSAR45M04253,0.4132,2
sub-DSAR45M08335,7966,7966_1,,,
sub-DSAR45M08336,1768,1768_1,sub-DSAR45M04807,0.4177,3
sub-DSAR45M08337,565,565_1,sub-DSAR45M08307,0.4873,2
sub-DSAR45M08338,990,990_1,sub-DSAR45M11344,0.4386,2
sub-DSAR45M08339,5280,5280_1,,,
sub-DSAR45M08340,9,9_1,sub-DSAR45M08101,0.9983,1
sub-DSAR45M08341,7768,7768_1,,,
sub-DSAR45M08342,8156,8156_1,,,
sub-DSAR45M08343,2794,2794_1,,,
sub-DSAR45M08344,1971,1971_1,,,
sub-DSAR45M08345,1428,1428_2,sub-DSAR45M01306,0.4361,3
sub-DSAR45M08346,5610,5610_1,,,
sub-DSAR45M08347,5899,5899_1,,,
sub-DSAR45M08348,9714,9714_1,,,
sub-DSAR45M08349,3830,3830_1,,,
sub-DSAR45M08350,5232,5232_1,,,
sub-DSAR45M08351,2471,2471_1,,,
sub-DSAR45M08352,8997,8997_1,,,
sub-DSAR45M08353,5100,5100_1,,,
sub-DSAR45M08354,8919,8919_1,,,
sub-DSAR45M08355,3188,3188_1,,,
sub-DSAR45M08356,5587,5587_1,,,
sub-DSAR45M08357,7307,7307_1,,,
sub-DSAR45M08358,1240,1240_2,sub-DSAR45M02364,0.5057,3
sub-DSAR45M08359,4893,4893_1,,,
sub-DSAR45M08360,2872,2872_1,,,
sub-DSAR45M08361,708,708_1,sub-DSAR45M09026,0.5047,2
sub-DSAR45M08362,5756,5756_1,,,
sub-DSAR45M08363,1788,1788_1,sub-DSAR45M08181,0.527,3
sub-DSAR45M08364,1475,1475_1,sub-DSAR45M01119,0.4877,3
sub-DSAR45M08365,6675,6675_1,,,
sub-DSAR45M08366,3196,3196_1,,,
sub-DSAR45M08367,8815,8815_1,,,
sub-DSAR45M08368,9807,9807_1,,,
sub-DSAR45M08369,1386,1386_2,sub-DSAR45M08377,0.4978,3
sub-DSAR45M08370,1276,1276_2,sub-DSAR45M06866,0.4356,3
sub-DSAR45M08371,861,861_1,sub-DSAR45M06464,0.5726,2
sub-DSAR45M08372,5429,5429_1,,,
sub-DSAR45M08373,7370,7370_1,,,
sub-DSAR45M08374,8810,8810_1,,,
sub-DSAR45M08375,4298,4298_1,,,
sub-DSAR45M08376,864,864_1,sub-DSAR45M05782,0.4763,2
sub-DSAR45M08377,1386,1386_1,sub-DSAR45M08369,0.4978,3
sub-DSAR45M08378,1147,1147_1,sub-DSAR45M00307,0.4443,3
sub-DSAR45M08379,6075,6075_1,,,
sub-DSAR45M08380,6159,6159_1,,,
sub-DSAR45M08381,4660,4660_1,,,
sub-DSAR45M08382,1346,1346_1,sub-DSAR45M04095,0.4671,3
sub-DSAR45M08383,4831,4831_1,,,
sub-DSAR45M08384,4705,4705_1,,,
sub-DSAR45M08385,632,632_1,sub-DSAR45M09866,0.4787,2
sub-DSAR45M08386,505,505_1,sub-DSAR45M07531,0.5568,2
sub-DSAR45M08387,8470,8470_1,,,
sub-DSAR45M08388,7360,7360_1,,,
sub-DSAR45M08389,25,25_1,sub-DSAR45M00064,0.9955,1
sub-DSAR45M08390,1112,1112_2,sub-DSAR45M07953,0.5552,3
sub-DSAR45M08391,24,24_1,sub-DSAR45M08576,0.9991,1
sub-DSAR45M08392,2738,2738_1,,,
sub-DSAR45M08393,5619,5619_1,,,
sub-DSAR45M08394,994,994_1,sub-DSAR45M08521,0.4876,2
sub-DSAR45M08395,2736,2736_1,,,
sub-DSAR45M08396,640,640_1,sub-DSAR45M04663,0.4484,2
sub-DSAR45M08397,7680,7680_1,,,
sub-DSAR45M08398,3794,3794_1,,,
sub-DSAR45M08399,7842,7842_1,,,
sub-DSAR45M08400,1731,1731_1,sub-DSAR45M00315,0.4452,3
sub-DSAR45M08401,8420,8420_1,,,
sub-DSAR45M08402,8607,8607_1,,,
sub-DSAR45M08403,4017,4017_1,,,
sub-DSAR45M08404,3857,3857_1,,,
sub-DSAR45M08405,6454,6454_1,,,
sub-DSAR45M08406,8935,8935_1,,,
sub-DSAR45M08407,2724,2724_1,,,
sub-DSAR45M08408,7038,7038_1,,,
sub-DSAR45M08409,3895,3895_1,,,
sub-DSAR45M08410,3751,3751_1,,,
sub-DSAR45M08411,7308,7308_1,,,
sub-DSAR45M08412,9708,9708_1,,,
sub-DSAR45M08413,7848,7848_1,,,
sub-DSAR45M08414,387,387_1,sub-DSAR45M10726,0.9987,1
sub-DSAR45M08415,7562,7562_1,,,
sub-DSAR45M08416,2908,2908_1,,,
sub-DSAR45M08417,398,398_1,sub-DSAR45M09839,0.9999,1
sub-DSAR45M08418,3955,3955_1,,,
sub-DSAR45M08419,6927,6927_1,,,
sub-DSAR45M08420,6419,6419_1,,,
sub-DSAR45M08421,4207,4207_1,,,
sub-DSAR45M08422,8029,8029_1,,,
sub-DSAR45M08423,1703,1703_1,sub-DSAR45M03959,0.5899,3
sub-DSAR45M08424,5735,5735_1,,,
sub-DSAR45M08425,4999,4999_1,,,
sub-DSAR45M08426,122,122_1,sub-DSAR45M05822,0.9988,1
sub-DSAR45M08427,873,873_1,sub-DSAR45M09235,0.4839,2
sub-DSAR45M08428,6300,6300_1,,,
sub-DSAR45M08429,3750,3750_1,,,
sub-DSAR45M08430,1796,1796_2,sub-DSAR45M09059,0.4632,3
sub-DSAR45M08431,5867,5867_1,,,
sub-DSAR45M08432,5842,5842_1,,,
sub-DSAR45M08433,7663,7663_1,,,
sub-DSAR45M08434,8709,8709_1,,,
sub-DSAR45M08435,2499,2499_1,,,
sub-DSAR45M08436,336,336_1,sub-DSAR45M08176,0.9941,1
sub-DSAR45M08437,3002,3002_1,,,
sub-DSAR45M08438,976,976_1,sub-DSAR45M07527,0.528,2
sub-DSAR45M08439,5647,5647_1,,,
sub-DSAR45M08440,6299,6299_1,,,
sub-DSAR45M08441,3784,3784_1,,,
sub-DSAR45M08442,7444,7444_1,,,
sub-DSAR45M08443,6859,6859_1,,,
sub-DSAR45M08444,7212,7212_1,,,
sub-DSAR45M08445,3747,3747_1,,,
sub-DSAR45M08446,1189,1189_1,sub-DSAR45M02211,0.5034,3
sub-DSAR45M08447,6137,6137_1,,,
sub-DSAR45M08448,1308,1308_2,sub-DSAR45M05006,0.5028,3
sub-DSAR45M08449,9343,9343_1,,,
sub-DSAR45M08450,2588,2588_1,,,
sub-DSAR45M08451,5861,5861_1,,,
sub-DSAR45M08452,8840,8840_1,,,
sub-DSAR45M08453,8438,8438_1,,,
sub-DSAR45M08454,9574,9574_1,,,
sub-DSAR45M08455,359,359_1,sub-DSAR45M08144,1.0,1
sub-DSAR45M08456,3391,3391_1,,,
sub-DSAR45M08457,3286,3286_1,,,
sub-DSAR45M08458,8747,8747_1,,,
sub-DSAR45M08459,3861,3861_1,,,
sub-DSAR45M08460,8432,8432_1,,,
sub-DSAR45M08461,8848,8848_1,,,
sub-DSAR45M08462,693,693_1,sub-DSAR45M01897,0.4642,2
sub-DSAR45M08463,5835,5835_1,,,
sub-DSAR45M08464,5475,5475_1,,,
sub-DSAR45M08465,4563,4563_1,,,
sub-DSAR45M08466,9365,9365_1,,,
sub-DSAR45M08467,1478,1478_2,sub-DSAR45M02514,0.4675,3
sub-DSAR45M08468,6112,6112_1,,,
sub-DSAR45M08469,9313,9313_1,,,
sub-DSAR45M08470,715,715_1,sub-DSAR45M08827,0.5533,2
sub-DSAR45M08471,978,978_1,sub-DSAR45M02385,0.4145,2
sub-DSAR45M08472,2038,2038_1,,,
sub-DSAR45M08473,4005,4005_1,,,
sub-DSAR45M08474,4601,4601_1,,,
sub-DSAR45M08475,692,692_1,sub-DSAR45M10239,0.5301,2
sub-DSAR45M08476,2575,2575_1,,,
sub-DSAR45M08477,2335,2335_1,,,
sub-DSAR45M08478,5825,5825_1,,,
sub-DSAR45M08479,4376,4376_1,,,
sub-DSAR45M08480,1372,1372_2,sub-DSAR45M10154,0.4062,3
sub-DSAR45M08481,1736,1736_2,sub-DSAR45M02115,0.5122,3
sub-DSAR45M08482,1962,1962_1,,,
sub-DSAR45M08483,2366,2366_1,,,
sub-DSAR45M08484,2529,2529_1,,,
sub-DSAR45M08485,159,159_1,sub-DSAR45M02835,0.9969,1
sub-DSAR45M08486,597,597_1,sub-DSAR45M02379,0.42,2
sub-DSAR45M08487,2767,2767_1,,,
sub-DSAR45M08488,541,541_1,sub-DSAR45M10592,0.5259,2
sub-DSAR45M08489,3149,3149_1,,,
sub-DSAR45M08490,1248,1248_1,sub-DSAR45M04844,0.4767,3
sub-DSAR45M08491,4524,4524_1,,,
sub-DSAR45M08492,1562,1562_1,sub-DSAR45M07577,0.4747,3
sub-DSAR45M08493,4582,4582_1,,,
sub-DSAR45M08494,1738,1738_1,sub-DSAR45M02648,0.4944,3
sub-DSAR45M08495,2825,2825_1,,,
sub-DSAR45M08496,4106,4106_1,,,
sub-DSAR45M08497,3646,3646_1,,,
sub-DSAR45M08498,1976,1976_1,,,
sub-DSAR45M08499,1110,1110_2,sub-DSAR45M02826,0.5486,3
sub-DSAR45M08500,7670,7670_1,,,
sub-DSAR45M08501,4607,4607_1,,,
sub-DSAR45M08502,7187,7187_1,,,
sub-DSAR45M08503,146,146_1,sub-DSAR45M08166,0.9951,1
sub-DSAR45M08504,7292,7292_1,,,
sub-DSAR45M08505,2277,2277_1,,,
sub-DSAR45M08506,841,841_1,sub-DSAR45M05856,0.4153,2
sub-DSAR45M08507,8126,8126_1,,,
sub-DSAR45M08508,1085,1085_1,sub-DSAR45M09831,0.5133,3
sub-DSAR45M08509,4128,4128_1,,,
sub-DSAR45M08510,1516,1516_2,sub-DSAR45M09860,0.4841,3
sub-DSAR45M08511,783,783_1,sub-DSAR45M03766,0.5399,2
sub-DSAR45M08512,6316,6316_1,,,
sub-DSAR45M08513,531,531_1,sub-DSAR45M00739,0.5025,2
sub-DSAR45M08514,3511,3511_1,,,
sub-DSAR45M08515,486,486_1,sub-DSAR45M04058,0.4151,2
sub-DSAR45M08516,3140,3140_1,,,
sub-DSAR45M08517,8586,8586_1,,,
sub-DSAR45M08518,1442,1442_2,sub-DSAR45M07692,0.4986,3
sub-DSAR45M08519,2714,2714_1,,,
sub-DSAR45M08520,4918,4918_1,,,
sub-DSAR45M08521,994,994_1,sub-DSAR45M08394,0.4876,2
sub-DSAR45M08522,41,41_1,sub-DSAR45M02445,0.997,1
sub-DSAR45M08523,3242,3242_1,,,
sub-DSAR45M08524,6730,6730_1,,,
sub-DSAR45M08525,215,215_1,sub-DSAR45M00088,0.9934,1
sub-DSAR45M08526,3064,3064_1,,,
sub-DSAR45M08527,5574,5574_1,,,
sub-DSAR45M08528,1316,1316_1,sub-DSAR45M09290,0.4963,3
sub-DSAR45M08529,1323,1323_2,sub-DSAR45M06956,0.5628,3
sub-DSAR45M08530,2592,2592_1,,,
sub-DSAR45M08531,444,444_1,sub-DSAR45M09984,0.4986,2
sub-DSAR45M08532,3732,3732_1,,,
sub-DSAR45M08533,8944,8944_1,,,
sub-DSAR45M08534,8543,8543_1,,,
sub-DSAR45M08535,1441,1441_2,sub-DSAR45M08272,0.533,3
sub-DSAR45M08536,3179,3179_1,,,
sub-DSAR45M08537,7505,7505_1,,,
sub-DSAR45M08538,3606,3606_1,,,
sub-DSAR45M08539,9789,9789_1,,,
sub-DSAR45M08540,5624,5624_1,,,
sub-DSAR45M08541,3010,3010_1,,,
sub-DSAR45M08542,102,102_1,sub-DSAR45M02550,1.0,1
sub-DSAR45M08543,652,652_1,sub-DSAR45M03396,0.5283,2
sub-DSAR45M08544,7465,7465_1,,,
sub-DSAR45M08545,141,141_1,sub-DSAR45M10610,0.997,1
sub-DSAR45M08546,244,244_1,sub-DSAR45M10415,0.9944,1
sub-DSAR45M08547,9464,9464_1,,,
sub-DSAR45M08548,4501,4501_1,,,
sub-DSAR45M08549,8494,8494_1,,,
sub-DSAR45M08550,901,901_1,sub-DSAR45M06128,0.4498,2
sub-DSAR45M08551,3263,3263_1,,,
sub-DSAR45M08552,4,4_1,sub-DSAR45M07673,0.9989,1
sub-DSAR45M08553,6589,6589_1,,,
sub-DSAR45M08554,5481,5481_1,,,
sub-DSAR45M08555,965,965_1,sub-DSAR45M09912,0.4374,2
sub-DSAR45M08556,3025,3025_1,,,
sub-DSAR45M08557,2192,2192_1,,,
sub-DSAR45M08558,1379,1379_2,sub-DSAR45M02808,0.5432,3
sub-DSAR45M08559,3077,3077_1,,,
sub-DSAR45M08560,3489,3489_1,,,
sub-DSAR45M08561,2983,2983_1,,,
sub-DSAR45M08562,5544,5544_1,,,
sub-DSAR45M08563,1371,1371_1,sub-DSAR45M05525,0.457,3
sub-DSAR45M08564,9695,9695_1,,,
sub-DSAR45M08565,4527,4527_1,,,
sub-DSAR45M08566,8109,8109_1,,,
sub-DSAR45M08567,3598,3598_1,,,
sub-DSAR45M08568,2272,2272_1,,,
sub-DSAR45M08569,3665,3665_1,,,
sub-DSAR45M08570,3881,3881_1,,,
sub-DSAR45M08571,5632,5632_1,,,
sub-DSAR45M08572,8259,8259_1,,,
sub-DSAR45M08573,589,589_1,sub-DSAR45M09240,0.5151,2
sub-DSAR45M08574,1022,1022_1,sub-DSAR45M04528,0.5172,2
sub-DSAR45M08575,554,554_1,sub-DSAR45M09658,0.5474,2
sub-DSAR45M08576,24,24_1,sub-DSAR45M08391,0.9991,1
sub-DSAR45M08577,3561,3561_1,,,
sub-DSAR45M08578,4625,4625_1,,,
sub-DSAR45M08579,524,524_1,sub-DSAR45M05790,0.566,2
sub-DSAR45M08580,2954,2954_1,,,
sub-DSAR45M08581,5358,5358_1,,,
sub-DSAR45M08582,9071,9071_1,,,
sub-DSAR45M08583,8884,8884_1,,,
sub-DSAR45M08584,1258,1258_2,sub-DSAR45M04993,0.5456,3
sub-DSAR45M08585,7274,7274_1,,,
sub-DSAR45M08586,9608,9608_1,,,
sub-DSAR45M08587,2392,2392_1,,,
sub-DSAR45M08588,1985,1985_1,,,
sub-DSAR45M08589,3736,3736_1,,,
sub-DSAR45M08590,1228,1228_1,sub-DSAR45M02109,0.5786,3
sub-DSAR45M08591,5810,5810_1,,,
sub-DSAR45M08592,385,385_1,sub-DSAR45M07160,0.9997,1
sub-DSAR45M08593,2454,2454_1,,,
sub-DSAR45M08594,9380,9380_1,,,
sub-DSAR45M08595,9769,9769_1,,,
sub-DSAR45M08596,4884,4884_1,,,
sub-DSAR45M08597,445,445_1,sub-DSAR45M07921,0.484,2
sub-DSAR45M08598,607,607_1,sub-DSAR45M08266,0.4768,2
sub-DSAR45M08599,1100,1100_1,sub-DSAR45M01627,0.5963,3
sub-DSAR45M08600,8958,8958_1,,,
sub-DSAR45M08601,5514,5514_1,,,
sub-DSAR45M08602,9683,9683_1,,,
sub-DSAR45M08603,5395,5395_1,,,
sub-DSAR45M08604,9634,9634_1,,,
sub-DSAR45M08605,5701,5701_1,,,
sub-DSAR45M08606,3899,3899_1,,,
sub-DSAR45M08607,158,158_1,sub-DSAR45M03191,0.9982,1
sub-DSAR45M08608,2686,2686_1,,,
sub-DSAR45M08609,9129,9129_1,,,
sub-DSAR45M08610,8972,8972_1,,,
sub-DSAR45M08611,5739,5739_1,,,
sub-DSAR45M08612,7050,7050_1,,,
sub-DSAR45M08613,818,818_1,sub-DSAR45M03802,0.4978,2
sub-DSAR45M08614,5699,5699_1,,,
sub-DSAR45M08615,6149,6149_1,,,
sub-DSAR45M08616,2609,2609_1,,,
sub-DSAR45M08617,3616,3616_1,,,
sub-DSAR45M08618,969,969_1,sub-DSAR45M09545,0.4519,2
sub-DSAR45M08619,657,657_1,sub-DSAR45M11584,0.4971,2
sub-DSAR45M08620,148,148_1,sub-DSAR45M02774,1.0,1
sub-DSAR45M08621,9409,9409_1,,,
sub-DSAR45M08622,4224,4224_1,,,
sub-DSAR45M08623,8326,8326_1,,,
sub-DSAR45M08624,9756,9756_1,,,
sub-DSAR45M08625,4763,4763_1,,,
sub-DSAR45M08626,2223,2223_1,,,
sub-DSAR45M08627,195,195_1,sub-DSAR45M06410,0.9981,1
sub-DSAR45M08628,1223,1223_1,sub-DSAR45M02929,0.5159,3
sub-DSAR45M08629,838,838_1,sub-DSAR45M08643,0.4493,2
sub-DSAR45M08630,5537,5537_1,,,
sub-DSAR45M08631,1148,1148_1,sub-DSAR45M02675,0.4765,3
sub-DSAR45M08632,6737,6737_1,,,
sub-DSAR45M08633,5078,5078_1,,,
sub-DSAR45M08634,9310,9310_1,,,
sub-DSAR45M08635,3882,3882_1,,,
sub-DSAR45M08636,1097,1097_1,sub-DSAR45M04741,0.5422,3
sub-DSAR45M08637,1367,1367_1,sub-DSAR45M07558,0.5179,3
sub-DSAR45M08638,5483,5483_1,,,
sub-DSAR45M08639,7151,7151_1,,,
sub-DSAR45M08640,2098,2098_1,,,
sub-DSAR45M08641,709,709_1,sub-DSAR45M02463,0.478,2
sub-DSAR45M08642,762,762_1,sub-DSAR45M02119,0.5105,2
sub-DSAR45M08643,838,838_1,sub-DSAR45M08629,0.4493,2
sub-DSAR45M08644,963,963_1,sub-DSAR45M10020,0.457,2
sub-DSAR45M08645,3279,3279_1,,,
sub-DSAR45M08646,4465,4465_1,,,
sub-DSAR45M08647,1717,1717_1,sub-DSAR45M08983,0.4996,3
sub-DSAR45M08648,738,738_1,sub-DSAR45M08195,0.6184,2
sub-DSAR45M08649,4435,4435_1,,,
sub-DSAR45M08650,837,837_1,sub-DSAR45M02702,0.508,2
sub-DSAR45M08651,9435,9435_1,,,
sub-DSAR45M08652,740,740_1,sub-DSAR45M10204,0.4487,2
sub-DSAR45M08653,6831,6831_1,,,
sub-DSAR45M08654,6364,6364_1,,,
sub-DSAR45M08655,787,787_1,sub-DSAR45M09907,0.4897,2
sub-DSAR45M08656,1671,1671_2,sub-DSAR45M05275,0.3858,3
sub-DSAR45M08657,3632,3632_1,,,
sub-DSAR45M08658,6500,6500_1,,,
sub-DSAR45M08659,770,770_1,sub-DSAR45M00292,0.5748,2
sub-DSAR45M08660,4378,4378_1,,,
sub-DSAR45M08661,8804,8804_1,,,
sub-DSAR45M08662,1657,1657_2,sub-DSAR45M11277,0.5275,3
sub-DSAR45M08663,3466,3466_1,,,
sub-DSAR45M08664,9586,9586_1,,,
sub-DSAR45M08665,8754,8754_1,,,
sub-DSAR45M08666,2121,2121_1,,,
sub-DSAR45M08667,585,585_1,sub-DSAR45M09187,0.4859,2
sub-DSAR45M08668,5258,5258_1,,,
sub-DSAR45M08669,5278,5278_1,,,
sub-DSAR45M08670,5256,5256_1,,,
sub-DSAR45M08671,9163,9163_1,,,
sub-DSAR45M08672,1663,1663_1,sub-DSAR45M02017,0.4781,3
sub-DSAR45M08673,7992,7992_1,,,
sub-DSAR45M08674,1708,1708_2,sub-DSAR45M04007,0.381,3
sub-DSAR45M08675,2516,2516_1,,,
sub-DSAR45M08676,7044,7044_1,,,
sub-DSAR45M08677,6325,6325_1,,,
sub-DSAR45M08678,4783,4783_1,,,
sub-DSAR45M08679,583,583_1,sub-DSAR45M07997,0.4651,2
sub-DSAR45M08680,67,67_1,sub-DSAR45M11222,0.9988,1
sub-DSAR45M08681,5885,5885_1,,,
sub-DSAR45M08682,1151,1151_1,sub-DSAR45M07496,0.498,3
sub-DSAR45M08683,4686,4686_1,,,
sub-DSAR45M08684,3755,3755_1,,,
sub-DSAR45M08685,4972,4972_1,,,
sub-DSAR45M08686,6555,6555_1,,,
sub-DSAR45M08687,7466,7466_1,,,
sub-DSAR45M08688,7475,7475_1,,,
sub-DSAR45M08689,3688,3688_1,,,
sub-DSAR45M08690,2043,2043_1,,,
sub-DSAR45M08691,6251,6251_1,,,
sub-DSAR45M08692,6947,6947_1,,,
sub-DSAR45M08693,170,170_1,sub-DSAR45M09613,0.9953,1
sub-DSAR45M08694,1239,1239_1,sub-DSAR45M11314,0.381,3
sub-DSAR45M08695,9353,9353_1,,,
sub-DSAR45M08696,6633,6633_1,,,
sub-DSAR45M08697,5980,5980_1,,,
sub-DSAR45M08698,4899,4899_1,,,
sub-DSAR45M08699,3981,3981_1,,,
sub-DSAR45M08700,2652,2652_1,,,
sub-DSAR45M08701,776,776_1,sub-DSAR45M09999,0.4998,2
sub-DSAR45M08702,6983,6983_1,,,
sub-DSAR45M08703,4896,4896_1,,,
sub-DSAR45M08704,7959,7959_1,,,
sub-DSAR45M08705,750,750_1,sub-DSAR45M04666,0.4607,2
sub-DSAR45M08706,271,271_1,sub-DSAR45M04288,0.9991,1
sub-DSAR45M08707,4823,4823_1,,,
sub-DSAR45M08708,4323,4323_1,,,
sub-DSAR45M08709,9477,9477_1,,,
sub-DSAR45M08710,9125,9125_1,,,
sub-DSAR45M08711,3914,3914_1,,,
sub-DSAR45M08712,5786,5786_1,,,
sub-DSAR45M08713,4908,4908_1,,,
sub-DSAR45M08714,7607,7607_1,,,
sub-DSAR45M08715,177,177_1,sub-DSAR45M07439,0.9963,1
sub-DSAR45M08716,8905,8905_1,,,
sub-DSAR45M08717,4013,4013_1,,,
sub-DSAR45M08718,5667,5667_1,,,
sub-DSAR45M08719,3590,3590_1,,,
sub-DSAR45M08720,7631,7631_1,,,
sub-DSAR45M08721,1127,1127_1,sub-DSAR45M04185,0.5617,3
sub-DSAR45M08722,6955,6955_1,,,
sub-DSAR45M08723,3462,3462_1,,,
sub-DSAR45M08724,1634,1634_2,sub-DSAR45M01818,0.5163,3
sub-DSAR45M08725,1381,1381_2,sub-DSAR45M05548,0.5439,3
sub-DSAR45M08726,482,482_1,sub-DSAR45M06265,0.5098,2
sub-DSAR45M08727,7844,7844_1,,,
sub-DSAR45M08728,1125,1125_1,sub-DSAR45M03943,0.5532,3
sub-DSAR45M08729,4971,4971_1,,,
sub-DSAR45M08730,2020,2020_1,,,
sub-DSAR45M08731,9183,9183_1,,,
sub-DSAR45M08732,28,28_1,sub-DSAR45M10482,0.9966,1
sub-DSAR45M08733,575,575_1,sub-DSAR45M01777,0.4303,2
sub-DSAR45M08734,8963,8963_1,,,
sub-DSAR45M08735,5229,5229_1,,,
sub-DSAR45M08736,4230,4230_1,,,
sub-DSAR45M08737,6816,6816_1,,,
sub-DSAR45M08738,2372,2372_1,,,
sub-DSAR45M08739,8878,8878_1,,,
sub-DSAR45M08740,3246,3246_1,,,
sub-DSAR45M08741,996,996_1,sub-DSAR45M04540,0.5751,2
sub-DSAR45M08742,9016,9016_1,,,
sub-DSAR45M08743,4913,4913_1,,,
sub-DSAR45M08744,8207,8207_1,,,
sub-DSAR45M08745,7220,7220_1,,,
sub-DSAR45M08746,4299,4299_1,,,
sub-DSAR45M08747,3875,3875_1,,,
sub-DSAR45M08748,979,979_1,sub-DSAR45M09128,0.542,2
sub-DSAR45M08749,2152,2152_1,,,
sub-DSAR45M08750,2253,2253_1,,,
sub-DSAR45M08751,5509,5509_1,,,
sub-DSAR45M08752,2250,2250_1,,,
sub-DSAR45M08753,7905,7905_1,,,
sub-DSAR45M08754,468,468_1,sub-DSAR45M10940,0.5099,2
sub-DSAR45M08755,1647,1647_1,sub-DSAR45M01042,0.3956,3
sub-DSAR45M08756,2833,2833_1,,,
sub-DSAR45M08757,4543,4543_1,,,
sub-DSAR45M08758,6398,6398_1,,,
sub-DSAR45M08759,5476,5476_1,,,
sub-DSAR45M08760,5902,5902_1,,,
sub-DSAR45M08761,7239,7239_1,,,
sub-DSAR45M08762,1998,1998_1,,,
sub-DSAR45M08763,2130,2130_1,,,
sub-DSAR45M08764,6073,6073_1,,,
sub-DSAR45M08765,4604,4604_1,,,
sub-DSAR45M08766,5268,5268_1,,,
sub-DSAR45M08767,603,603_1,sub-DSAR45M07022,0.4561,2
sub-DSAR45M08768,2854,2854_1,,,
sub-DSAR45M08769,9396,9396_1,,,
sub-DSAR45M08770,7763,7763_1,,,
sub-DSAR45M08771,1936,1936_1,,,
sub-DSAR45M08772,8250,8250_1,,,
sub-DSAR45M08773,1251,1251_1,sub-DSAR45M02376,0.4552,3
sub-DSAR45M08774,6893,6893_1,,,
sub-DSAR45M08775,1152,1152_2,sub-DSAR45M03782,0.519,3
sub-DSAR45M08776,9544,9544_1,,,
sub-DSAR45M08777,227,227_1,sub-DSAR45M09019,0.9952,1
sub-DSAR45M08778,6734,6734_1,,,
sub-DSAR45M08779,1357,1357_2,sub-DSAR45M07601,0.4495,3
sub-DSAR45M08780,5269,5269_1,,,
sub-DSAR45M08781,701,701_1,sub-DSAR45M03127,0.4353,2
sub-DSAR45M08782,6048,6048_1,,,
sub-DSAR45M08783,2917,2917_1,,,
sub-DSAR45M08784,9232,9232_1,,,
sub-DSAR45M08785,5301,5301_1,,,
sub-DSAR45M08786,1217,1217_1,sub-DSAR45M07541,0.5045,3
sub-DSAR45M08787,5261,5261_1,,,
sub-DSAR45M08788,6435,6435_1,,,
sub-DSAR45M08789,6966,6966_1,,,
sub-DSAR45M08790,203,203_1,sub-DSAR45M02320,0.9975,1
sub-DSAR45M08791,1723,1723_1,sub-DSAR45M02363,0.5527,3
sub-DSAR45M08792,406,406_1,sub-DSAR45M02917,0.9988,1
sub-DSAR45M08793,1193,1193_2,sub-DSAR45M01414,0.4605,3
sub-DSAR45M08794,1231,1231_1,sub-DSAR45M09262,0.5336,3
sub-DSAR45M08795,7454,7454_1,,,
sub-DSAR45M08796,6129,6129_1,,,
sub-DSAR45M08797,9364,9364_1,,,
sub-DSAR45M08798,569,569_1,sub-DSAR45M06511,0.4733,2
sub-DSAR45M08799,2997,2997_1,,,
sub-DSAR45M08800,3160,3160_1,,,
sub-DSAR45M08801,4009,4009_1,,,
sub-DSAR45M08802,5539,5539_1,,,
sub-DSAR45M08803,8862,8862_1,,,
sub-DSAR45M08804,3718,3718_1,,,
sub-DSAR45M08805,7865,7865_1,,,
sub-DSAR45M08806,5604,5604_1,,,
sub-DSAR45M08807,8867,8867_1,,,
sub-DSAR45M08808,4573,4573_1,,,
sub-DSAR45M08809,2660,2660_1,,,
sub-DSAR45M08810,496,496_1,sub-DSAR45M10950,0.4103,2
sub-DSAR45M08811,5832,5832_1,,,
sub-DSAR45M08812,2741,2741_1,,,
sub-DSAR45M08813,4151,4151_1,,,
sub-DSAR45M08814,1793,1793_2,sub-DSAR45M00036,0.5266,3
sub-DSAR45M08815,8482,8482_1,,,
sub-DSAR45M08816,2611,2611_1,,,
sub-DSAR45M08817,7926,7926_1,,,
sub-DSAR45M08818,1044,1044_1,sub-DSAR45M09584,0.5749,2
sub-DSAR45M08819,1724,1724_1,sub-DSAR45M01014,0.5117,3
sub-DSAR45M08820,123,123_1,sub-DSAR45M06232,0.9975,1
sub-DSAR45M08821,5336,5336_1,,,
sub-DSAR45M08822,121,121_1,sub-DSAR45M08125,0.9987,1
sub-DSAR45M08823,1501,1501_2,sub-DSAR45M07727,0.4283,3
sub-DSAR45M08824,479,479_1,sub-DSAR45M02169,0.4915,2
sub-DSAR45M08825,1566,1566_2,sub-DSAR45M05388,0.5699,3
sub-DSAR45M08826,224,224_1,sub-DSAR45M10147,0.9967,1
sub-DSAR45M08827,715,715_1,sub-DSAR45M08470,0.5533,2
sub-DSAR45M08828,1487,1487_1,sub-DSAR45M05696,0.5148,3
sub-DSAR45M08829,6529,6529_1,,,
sub-DSAR45M08830,7085,7085_1,,,
sub-DSAR45M08831,7828,7828_1,,,
sub-DSAR45M08832,6835,6835_1,,,
sub-DSAR45M08833,2813,2813_1,,,
sub-DSAR45M08834,7917,7917_1,,,
sub-DSAR45M08835,8639,8639_1,,,
sub-DSAR45M08836,7548,7548_1,,,
sub-DSAR45M08837,1120,1120_1,sub-DSAR45M09574,0.5072,3
sub-DSAR45M08838,8117,8117_1,,,
sub-DSAR45M08839,4699,4699_1,,,
sub-DSAR45M08840,1887,1887_1,,,
sub-DSAR45M08841,9551,9551_1,,,
sub-DSAR45M08842,1249,1249_1,sub-DSAR45M05401,0.5122,3
sub-DSAR45M08843,1485,1485_1,sub-DSAR45M00618,0.3863,3
sub-DSAR45M08844,3957,3957_1,,,
sub-DSAR45M08845,3938,3938_1,,,
sub-DSAR45M08846,5744,5744_1,,,
sub-DSAR45M08847,3371,3371_1,,,
sub-DSAR45M08848,6004,6004_1,,,
sub-DSAR45M08849,3680,3680_1,,,
sub-DSAR45M08850,842,842_1,sub-DSAR45M10957,0.4411,2
sub-DSAR45M08851,3965,3965_1,,,
sub-DSAR45M08852,2473,2473_1,,,
sub-DSAR45M08853,2876,2876_1,,,
sub-DSAR45M08854,4841,4841_1,,,
sub-DSAR45M08855,1424,1424_2,sub-DSAR45M07655,0.5194,3
sub-DSAR45M08856,5764,5764_1,,,
sub-DSAR45M08857,1649,1649_1,sub-DSAR45M02635,0.4901,3
sub-DSAR45M08858,8943,8943_1,,,
sub-DSAR45M08859,4874,4874_1,,,
sub-DSAR45M08860,1268,1268_1,sub-DSAR45M06183,0.506,3
sub-DSAR45M08861,5364,5364_1,,,
sub-DSAR45M08862,1317,1317_2,sub-DSAR45M07136,0.5149,3
sub-DSAR45M08863,5516,5516_1,,,
sub-DSAR45M08864,2460,2460_1,,,
sub-DSAR45M08865,8261,8261_1,,,
sub-DSAR45M08866,1221,1221_2,sub-DSAR45M05377,0.5378,3
sub-DSAR45M08867,1820,1820_2,sub-DSAR45M11410,0.4602,3
sub-DSAR45M08868,2437,2437_1,,,
sub-DSAR45M08869,202,202_1,sub-DSAR45M04324,0.9966,1
sub-DSAR45M08870,8782,8782_1,,,
sub-DSAR45M08871,373,373_1,sub-DSAR45M04630,0.9959,1
sub-DSAR45M08872,446,446_1,sub-DSAR45M05082,0.544,2
sub-DSAR45M08873,4833,4833_1,,,
sub-DSAR45M08874,1892,1892_1,,,
sub-DSAR45M08875,4384,4384_1,,,
sub-DSAR45M08876,1299,1299_1,sub-DSAR45M02264,0.556,3
sub-DSAR45M08877,6817,6817_1,,,
sub-DSAR45M08878,2308,2308_1,,,
sub-DSAR45M08879,44,44_1,sub-DSAR45M10140,0.9953,1
sub-DSAR45M08880,1912,1912_1,,,
sub-DSAR45M08881,790,790_1,sub-DSAR45M07701,0.4796,2
sub-DSAR45M08882,926,926_1,sub-DSAR45M11614,0.4826,2
sub-DSAR45M08883,614,614_1,sub-DSAR45M03482,0.559,2
sub-DSAR45M08884,1184,1184_2,sub-DSAR45M10748,0.5852,3
sub-DSAR45M08885,9451,9451_1,,,
sub-DSAR45M08886,572,572_1,sub-DSAR45M06682,0.4588,2
sub-DSAR45M08887,6934,6934_1,,,
sub-DSAR45M08888,9652,9652_1,,,
sub-DSAR45M08889,8853,8853_1,,,
sub-DSAR45M08890,3348,3348_1,,,
sub-DSAR45M08891,5570,5570_1,,,
sub-DSAR45M08892,480,480_1,sub-DSAR45M07897,0.5072,2
sub-DSAR45M08893,4661,4661_1,,,
sub-DSAR45M08894,4229,4229_1,,,
sub-DSAR45M08895,6548,6548_1,,,
sub-DSAR45M08896,641,641_1,sub-DSAR45M02762,0.5433,2
sub-DSAR45M08897,3591,3591_1,,,
sub-DSAR45M08898,6434,6434_1,,,
sub-DSAR45M08899,9761,9761_1,,,
sub-DSAR45M08900,5817,5817_1,,,
sub-DSAR45M08901,9443,9443_1,,,
sub-DSAR45M08902,4503,4503_1,,,
sub-DSAR45M08903,1929,1929_1,,,
sub-DSAR45M08904,747,747_1,sub-DSAR45M00883,0.5785,2
sub-DSAR45M08905,1288,1288_1,sub-DSAR45M01906,0.5397,3
sub-DSAR45M08906,3683,3683_1,,,
sub-DSAR45M08907,1245,1245_1,sub-DSAR45M06034,0.5862,3
sub-DSAR45M08908,5932,5932_1,,,
sub-DSAR45M08909,8850,8850_1,,,
sub-DSAR45M08910,7362,7362_1,,,
sub-DSAR45M08911,2494,2494_1,,,
sub-DSAR45M08912,4185,4185_1,,,
sub-DSAR45M08913,3161,3161_1,,,
sub-DSAR45M08914,8652,8652_1,,,
sub-DSAR45M08915,3493,3493_1,,,
sub-DSAR45M08916,9463,9463_1,,,
sub-DSAR45M08917,547,547_1,sub-DSAR45M06148,0.6252,2
sub-DSAR45M08918,7532,7532_1,,,
sub-DSAR45M08919,7410,7410_1,,,
sub-DSAR45M08920,1059,1059_1,sub-DSAR45M06898,0.5302,2
sub-DSAR45M08921,1450,1450_2,sub-DSAR45M10622,0.4888,3
sub-DSAR45M08922,2124,2124_1,,,
sub-DSAR45M08923,3247,3247_1,,,
sub-DSAR45M08924,6722,6722_1,,,
sub-DSAR45M08925,220,220_1,sub-DSAR45M11250,0.9992,1
sub-DSAR45M08926,5969,5969_1,,,
sub-DSAR45M08927,255,255_1,sub-DSAR45M05581,0.9951,1
sub-DSAR45M08928,556,556_1,sub-DSAR45M03858,0.4636,2
sub-DSAR45M08929,8928,8928_1,,,
sub-DSAR45M08930,5638,5638_1,,,
sub-DSAR45M08931,1446,1446_1,sub-DSAR45M05944,0.534,3
sub-DSAR45M08932,705,705_1,sub-DSAR45M06301,0.5158,2
sub-DSAR45M08933,4459,4459_1,,,
sub-DSAR45M08934,1730,1730_2,sub-DSAR45M05835,0.547,3
sub-DSAR45M08935,5043,5043_1,,,
sub-DSAR45M08936,4437,4437_1,,,
sub-DSAR45M08937,4848,4848_1,,,
sub-DSAR45M08938,7396,7396_1,,,
sub-DSAR45M08939,5496,5496_1,,,
sub-DSAR45M08940,469,469_1,sub-DSAR45M00621,0.4736,2
sub-DSAR45M08941,1735,1735_2,sub-DSAR45M11492,0.4849,3
sub-DSAR45M08942,4217,4217_1,,,
sub-DSAR45M08943,6570,6570_1,,,
sub-DSAR45M08944,1676,1676_2,sub-DSAR45M07782,0.4382,3
sub-DSAR45M08945,4958,4958_1,,,
sub-DSAR45M08946,803,803_1,sub-DSAR45M06289,0.5606,2
sub-DSAR45M08947,2171,2171_1,,,
sub-DSAR45M08948,502,502_1,sub-DSAR45M07485,0.5414,2
sub-DSAR45M08949,2298,2298_1,,,
sub-DSAR45M08950,8284,8284_1,,,
sub-DSAR45M08951,23,23_1,sub-DSAR45M02297,0.9979,1
sub-DSAR45M08952,3098,3098_1,,,
sub-DSAR45M08953,7088,7088_1,,,
sub-DSAR45M08954,55,55_1,sub-DSAR45M10099,0.9986,1
sub-DSAR45M08955,4649,4649_1,,,
sub-DSAR45M08956,3696,3696_1,,,
sub-DSAR45M08957,7472,7472_1,,,
sub-DSAR45M08958,2306,2306_1,,,
sub-DSAR45M08959,3416,3416_1,,,
sub-DSAR45M08960,4257,4257_1,,,
sub-DSAR45M08961,8185,8185_1,,,
sub-DSAR45M08962,5585,5585_1,,,
sub-DSAR45M08963,3911,3911_1,,,
sub-DSAR45M08964,6780,6780_1,,,
sub-DSAR45M08965,2855,2855_1,,,
sub-DSAR45M08966,3662,3662_1,,,
sub-DSAR45M08967,2822,2822_1,,,
sub-DSAR45M08968,3922,3922_1,,,
sub-DSAR45M08969,3868,3868_1,,,
sub-DSAR45M08970,9710,9710_1,,,
sub-DSAR45M08971,7174,7174_1,,,
sub-DSAR45M08972,7266,7266_1,,,
sub-DSAR45M08973,19,19_1,sub-DSAR45M10303,0.9959,1
sub-DSAR45M08974,3016,3016_1,,,
sub-DSAR45M08975,6543,6543_1,,,
sub-DSAR45M08976,2630,2630_1,,,
sub-DSAR45M08977,2843,2843_1,,,
sub-DSAR45M08978,453,453_1,sub-DSAR45M01069,0.552,2
sub-DSAR45M08979,1794,1794_2,sub-DSAR45M05305,0.4857,3
sub-DSAR45M08980,5713,5713_1,,,
sub-DSAR45M08981,3721,3721_1,,,
sub-DSAR45M08982,1766,1766_2,sub-DSAR45M09214,0.4592,3
sub-DSAR45M08983,1717,1717_2,sub-DSAR45M08647,0.4996,3
sub-DSAR45M08984,7378,7378_1,,,
sub-DSAR45M08985,6248,6248_1,,,
sub-DSAR45M08986,2389,2389_1,,,
sub-DSAR45M08987,5264,5264_1,,,
sub-DSAR45M08988,7080,7080_1,,,
sub-DSAR45M08989,1523,1523_1,sub-DSAR45M10780,0.5117,3
sub-DSAR45M08990,6902,6902_1,,,
sub-DSAR45M08991,1761,1761_1,sub-DSAR45M11009,0.4337,3
sub-DSAR45M08992,2591,2591_1,,,
sub-DSAR45M08993,1436,1436_1,sub-DSAR45M11455,0.5555,3
sub-DSAR45M08994,2456,2456_1,,,
sub-DSAR45M08995,2672,2672_1,,,
sub-DSAR45M08996,1401,1401_2,sub-DSAR45M06472,0.4152,3
sub-DSAR45M08997,2962,2962_1,,,
sub-DSAR45M08998,497,497_1,sub-DSAR45M03385,0.4677,2
sub-DSAR45M08999,3930,3930_1,,,
sub-DSAR45M09000,9309,9309_1,,,
sub-DSAR45M09001,9402,9402_1,,,
sub-DSAR45M09002,8768,8768_1,,,
sub-DSAR45M09003,823,823_1,sub-DSAR45M01109,0.4612,2
sub-DSAR45M09004,2510,2510_1,,,
sub-DSAR45M09005,5318,5318_1,,,
sub-DSAR45M09006,910,910_1,sub-DSAR45M02912,0.5408,2
sub-DSAR45M09007,7681,7681_1,,,
sub-DSAR45M09008,2659,2659_1,,,
sub-DSAR45M09009,1783,1783_1,sub-DSAR45M08013,0.5115,3
sub-DSAR45M09010,8822,8822_1,,,
sub-DSAR45M09011,5645,5645_1,,,
sub-DSAR45M09012,5427,5427_1,,,
sub-DSAR45M09013,2803,2803_1,,,
sub-DSAR45M09014,1443,1443_1,sub-DSAR45M04837,0.4761,3
sub-DSAR45M09015,9548,9548_1,,,
sub-DSAR45M09016,3443,3443_1,,,
sub-DSAR45M09017,5504,5504_1,,,
sub-DSAR45M09018,2007,2007_1,,,
sub-DSAR45M09019,227,227_1,sub-DSAR45M08777,0.9952,1
sub-DSAR45M09020,1063,1063_1,sub-DSAR45M04800,0.5122,2
sub-DSAR45M09021,9307,9307_1,,,
sub-DSAR45M09022,5676,5676_1,,,
sub-DSAR45M09023,81,81_1,sub-DSAR45M08290,1.0,1
sub-DSAR45M09024,5718,5718_1,,,
sub-DSAR45M09025,558,558_1,sub-DSAR45M05371,0.4737,2
sub-DSAR45M09026,708,708_1,sub-DSAR45M08361,0.5047,2
sub-DSAR45M09027,810,810_1,sub-DSAR45M04090,0.55,2
sub-DSAR45M09028,1410,1410_1,sub-DSAR45M04032,0.4681,3
sub-DSAR45M09029,433,433_1,sub-DSAR45M03309,0.5032,2
sub-DSAR45M09030,1522,1522_1,sub-DSAR45M03976,0.4027,3
sub-DSAR45M09031,5119,5119_1,,,
sub-DSAR45M09032,9508,9508_1,,,
sub-DSAR45M09033,5797,5797_1,,,
sub-DSAR45M09034,887,887_1,sub-DSAR45M04394,0.488,2
sub-DSAR45M09035,3644,3644_1,,,
sub-DSAR45M09036,7177,7177_1,,,
sub-DSAR45M09037,5635,5635_1,,,
sub-DSAR45M09038,5466,5466_1,,,
sub-DSAR45M09039,7445,7445_1,,,
sub-DSAR45M09040,8314,8314_1,,,
sub-DSAR45M09041,1301,1301_1,sub-DSAR45M05180,0.5939,3
sub-DSAR45M09042,6027,6027_1,,,
sub-DSAR45M09043,5009,5009_1,,,
sub-DSAR45M09044,1949,1949_1,,,
sub-DSAR45M09045,2021,2021_1,,,
sub-DSAR45M09046,9348,9348_1,,,
sub-DSAR45M09047,1430,1430_1,sub-DSAR45M11327,0.4015,3
sub-DSAR45M09048,8469,8469_1,,,
sub-DSAR45M09049,825,825_1,sub-DSAR45M11251,0.4567,2
sub-DSAR45M09050,61,61_1,sub-DSAR45M09197,1.0,1
sub-DSAR45M09051,7433,7433_1,,,
sub-DSAR45M09052,5354,5354_1,,,
sub-DSAR45M09053,792,792_1,sub-DSAR45M08120,0.4548,2
sub-DSAR45M09054,8167,8167_1,,,
sub-DSAR45M09055,7107,7107_1,,,
sub-DSAR45M09056,1530,1530_2,sub-DSAR45M03190,0.5034,3
sub-DSAR45M09057,4263,4263_1,,,
sub-DSAR45M09058,4497,4497_1,,,
sub-DSAR45M09059,1796,1796_1,sub-DSAR45M08430,0.4632,3
sub-DSAR45M09060,9371,9371_1,,,
sub-DSAR45M09061,5928,5928_1,,,
sub-DSAR45M09062,3043,3043_1,,,
sub-DSAR45M09063,760,760_1,sub-DSAR45M04200,0.5111,2
sub-DSAR45M09064,5367,5367_1,,,
sub-DSAR45M09065,6473,6473_1,,,
sub-DSAR45M09066,3509,3509_1,,,
sub-DSAR45M09067,5837,5837_1,,,
sub-DSAR45M09068,1043,1043_1,sub-DSAR45M11526,0.4217,2
sub-DSAR45M09069,9527,9527_1,,,
sub-DSAR45M09070,991,991_1,sub-DSAR45M06877,0.4816,2
sub-DSAR45M09071,8249,8249_1,,,
sub-DSAR45M09072,5895,5895_1,,,
sub-DSAR45M09073,3793,3793_1,,,
sub-DSAR45M09074,4718,4718_1,,,
sub-DSAR45M09075,8312,8312_1,,,
sub-DSAR45M09076,3558,3558_1,,,
sub-DSAR45M09077,1476,1476_2,sub-DSAR45M07606,0.5408,3
sub-DSAR45M09078,7264,7264_1,,,
sub-DSAR45M09079,8066,8066_1,,,
sub-DSAR45M09080,35,35_1,sub-DSAR45M00530,0.9987,1
sub-DSAR45M09081,1116,1116_1,sub-DSAR45M05313,0.556,3
sub-DSAR45M09082,5001,5001_1,,,
sub-DSAR45M09083,8795,8795_1,,,
sub-DSAR45M09084,5741,5741_1,,,
sub-DSAR45M09085,8164,8164_1,,,
sub-DSAR45M09086,4115,4115_1,,,
sub-DSAR45M09087,1061,1061_1,sub-DSAR45M06084,0.4815,2
sub-DSAR45M09088,1715,1715_2,sub-DSAR45M02164,0.4281,3
sub-DSAR45M09089,246,246_1,sub-DSAR45M03895,0.9997,1
sub-DSAR45M09090,1909,1909_1,,,
sub-DSAR45M09091,1121,1121_2,sub-DSAR45M10310,0.5492,3
sub-DSAR45M09092,474,474_1,sub-DSAR45M07759,0.4614,2
sub-DSAR45M09093,1380,1380_1,sub-DSAR45M02731,0.5065,3
sub-DSAR45M09094,4340,4340_1,,,
sub-DSAR45M09095,4914,4914_1,,,
sub-DSAR45M09096,1272,1272_1,sub-DSAR45M02031,0.5529,3
sub-DSAR45M09097,2898,2898_1,,,
sub-DSAR45M09098,6745,6745_1,,,
sub-DSAR45M09099,8760,8760_1,,,
sub-DSAR45M09100,1507,1507_1,sub-DSAR45M09174,0.5649,3
sub-DSAR45M09101,2523,2523_1,,,
sub-DSAR45M09102,6764,6764_1,,,
sub-DSAR45M09103,9495,9495_1,,,
sub-DSAR45M09104,3111,3111_1,,,
sub-DSAR45M09105,6809,6809_1,,,
sub-DSAR45M09106,8024,8024_1,,,
sub-DSAR45M09107,6367,6367_1,,,
sub-DSAR45M09108,8564,8564_1,,,
sub-DSAR45M09109,9093,9093_1,,,
sub-DSAR45M09110,231,231_1,sub-DSAR45M02291,0.9978,1
sub-DSAR45M09111,7493,7493_1,,,
sub-DSAR45M09112,9590,9590_1,,,
sub-DSAR45M09113,1351,1351_1,sub-DSAR45M09701,0.5186,3
sub-DSAR45M09114,5581,5581_1,,,
sub-DSAR45M09115,3500,3500_1,,,
sub-DSAR45M09116,7552,7552_1,,,
sub-DSAR45M09117,4993,4993_1,,,
sub-DSAR45M09118,237,237_1,sub-DSAR45M03207,0.9981,1
sub-DSAR45M09119,312,312_1,sub-DSAR45M03292,0.9963,1
sub-DSAR45M09120,330,330_1,sub-DSAR45M03930,0.9972,1
sub-DSAR45M09121,6005,6005_1,,,
sub-DSAR45M09122,7517,7517_1,,,
sub-DSAR45M09123,9446,9446_1,,,
sub-DSAR45M09124,2350,2350_1,,,
sub-DSAR45M09125,1406,1406_2,sub-DSAR45M05617,0.5415,3
sub-DSAR45M09126,694,694_1,sub-DSAR45M00103,0.4975,2
sub-DSAR45M09127,982,982_1,sub-DSAR45M11663,0.5191,2
sub-DSAR45M09128,979,979_1,sub-DSAR45M08748,0.542,2
sub-DSAR45M09129,778,778_1,sub-DSAR45M10805,0.463,2
sub-DSAR45M09130,1638,1638_2,sub-DSAR45M10505,0.468,3
sub-DSAR45M09131,5438,5438_1,,,
sub-DSAR45M09132,8903,8903_1,,,
sub-DSAR45M09133,8283,8283_1,,,
sub-DSAR45M09134,1871,1871_1,,,
sub-DSAR45M09135,1890,1890_1,,,
sub-DSAR45M09136,4734,4734_1,,,
sub-DSAR45M09137,4222,4222_1,,,
sub-DSAR45M09138,2398,2398_1,,,
sub-DSAR45M09139,2017,2017_1,,,
sub-DSAR45M09140,3610,3610_1,,,
sub-DSAR45M09141,6850,6850_1,,,
sub-DSAR45M09142,3580,3580_1,,,
sub-DSAR45M09143,7340,7340_1,,,
sub-DSAR45M09144,2998,2998_1,,,
sub-DSAR45M09145,5132,5132_1,,,
sub-DSAR45M09146,92,92_1,sub-DSAR45M09359,0.9986,1
sub-DSAR45M09147,2557,2557_1,,,
sub-DSAR45M09148,1132,1132_1,sub-DSAR45M11304,0.5089,3
sub-DSAR45M09149,2491,2491_1,,,
sub-DSAR45M09150,7569,7569_1,,,
sub-DSAR45M09151,306,306_1,sub-DSAR45M06028,0.9973,1
sub-DSAR45M09152,7989,7989_1,,,
sub-DSAR45M09153,2554,2554_1,,,
sub-DSAR45M09154,8088,8088_1,,,
sub-DSAR45M09155,7419,7419_1,,,
sub-DSAR45M09156,8699,8699_1,,,
sub-DSAR45M09157,2136,2136_1,,,
sub-DSAR45M09158,4205,4205_1,,,
sub-DSAR45M09159,1334,1334_1,sub-DSAR45M03618,0.509,3
sub-DSAR45M09160,1825,1825_2,sub-DSAR45M07495,0.5519,3
sub-DSAR45M09161,2123,2123_1,,,
sub-DSAR45M09162,1030,1030_1,sub-DSAR45M11637,0.5297,2
sub-DSAR45M09163,17,17_1,sub-DSAR45M11413,1.0,1
sub-DSAR45M09164,4683,4683_1,,,
sub-DSAR45M09165,1680,1680_2,sub-DSAR45M10547,0.5618,3
sub-DSAR45M09166,605,605_1,sub-DSAR45M02969,0.5333,2
sub-DSAR45M09167,9605,9605_1,,,
sub-DSAR45M09168,8339,8339_1,,,
sub-DSAR45M09169,8574,8574_1,,,
sub-DSAR45M09170,2135,2135_1,,,
sub-DSAR45M09171,726,726_1,sub-DSAR45M05324,0.4812,2
sub-DSAR45M09172,9075,9075_1,,,
sub-DSAR45M09173,3807,3807_1,,,
sub-DSAR45M09174,1507,1507_2,sub-DSAR45M09100,0.5649,3
sub-DSAR45M09175,9151,9151_1,,,
sub-DSAR45M09176,2146,2146_1,,,
sub-DSAR45M09177,756,756_1,sub-DSAR45M00467,0.4522,2
sub-DSAR45M09178,8838,8838_1,,,
sub-DSAR45M09179,6397,6397_1,,,
sub-DSAR45M09180,5058,5058_1,,,
sub-DSAR45M09181,2949,2949_1,,,
sub-DSAR45M09182,811,811_1,sub-DSAR45M09766,0.4421,2
sub-DSAR45M09183,8871,8871_1,,,
sub-DSAR45M09184,2877,2877_1,,,
sub-DSAR45M09185,1449,1449_2,sub-DSAR45M01926,0.4554,3
sub-DSAR45M09186,2476,2476_1,,,
sub-DSAR45M09187,585,585_1,sub-DSAR45M08667,0.4859,2
sub-DSAR45M09188,512,512_1,sub-DSAR45M10149,0.4872,2
sub-DSAR45M09189,409,409_1,sub-DSAR45M10280,0.9969,1
sub-DSAR45M09190,618,618_1,sub-DSAR45M05169,0.4788,2
sub-DSAR45M09191,9219,9219_1,,,
sub-DSAR45M09192,6933,6933_1,,,
sub-DSAR45M09193,931,931_1,sub-DSAR45M03808,0.4594,2
sub-DSAR45M09194,188,188_1,sub-DSAR45M09301,0.9976,1
sub-DSAR45M09195,5308,5308_1,,,
sub-DSAR45M09196,6938,6938_1,,,
sub-DSAR45M09197,61,61_1,sub-DSAR45M09050,1.0,1
sub-DSAR45M09198,4616,4616_1,,,
sub-DSAR45M09199,4790,4790_1,,,
sub-DSAR45M09200,4388,4388_1,,,
sub-DSAR45M09201,3731,3731_1,,,
sub-DSAR45M09202,4135,4135_1,,,
sub-DSAR45M09203,7413,7413_1,,,
sub-DSAR45M09204,6671,6671_1,,,
sub-DSAR45M09205,4647,4647_1,,,
sub-DSAR45M09206,5002,5002_1,,,
sub-DSAR45M09207,9753,9753_1,,,
sub-DSAR45M09208,4424,4424_1,,,
sub-DSAR45M09209,357,357_1,sub-DSAR45M01126,0.9987,1
sub-DSAR45M09210,1358,1358_2,sub-DSAR45M03633,0.539,3
sub-DSAR45M09211,68,68_1,sub-DSAR45M04786,0.997,1
sub-DSAR45M09212,8658,8658_1,,,
sub-DSAR45M09213,4343,4343_1,,,
sub-DSAR45M09214,1766,1766_1,sub-DSAR45M08982,0.4592,3
sub-DSAR45M09215,2884,2884_1,,,
sub-DSAR45M09216,6706,6706_1,,,
sub-DSAR45M09217,1524,1524_2,sub-DSAR45M05367,0.4756,3
sub-DSAR45M09218,5039,5039_1,,,
sub-DSAR45M09219,5357,5357_1,,,
sub-DSAR45M09220,4630,4630_1,,,
sub-DSAR45M09221,1216,1216_2,sub-DSAR45M01124,0.5254,3
sub-DSAR45M09222,2069,2069_1,,,
sub-DSAR45M09223,297,297_1,sub-DSAR45M11654,0.9952,1
sub-DSAR45M09224,1232,1232_1,sub-DSAR45M01697,0.4731,3
sub-DSAR45M09225,9177,9177_1,,,
sub-DSAR45M09226,2296,2296_1,,,
sub-DSAR45M09227,8553,8553_1,,,
sub-DSAR45M09228,8530,8530_1,,,
sub-DSAR45M09229,3113,3113_1,,,
sub-DSAR45M09230,6751,6751_1,,,
sub-DSAR45M09231,239,239_1,sub-DSAR45M03256,0.9982,1
sub-DSAR45M09232,6330,6330_1,,,
sub-DSAR45M09233,679,679_1,sub-DSAR45M03961,0.4498,2
sub-DSAR45M09234,4998,4998_1,,,
sub-DSAR45M09235,873,873_1,sub-DSAR45M08427,0.4839,2
sub-DSAR45M09236,9669,9669_1,,,
sub-DSAR45M09237,6313,6313_1,,,
sub-DSAR45M09238,6833,6833_1,,,
sub-DSAR45M09239,571,571_1,sub-DSAR45M05854,0.4662,2
sub-DSAR45M09240,589,589_1,sub-DSAR45M08573,0.5151,2
sub-DSAR45M09241,5197,5197_1,,,
sub-DSAR45M09242,7595,7595_1,,,
sub-DSAR45M09243,7885,7885_1,,,
sub-DSAR45M09244,872,872_1,sub-DSAR45M04573,0.4786,2
sub-DSAR45M09245,153,153_1,sub-DSAR45M00964,1.0,1
sub-DSAR45M09246,8209,8209_1,,,
sub-DSAR45M09247,1459,1459_1,sub-DSAR45M09495,0.4786,3
sub-DSAR45M09248,181,181_1,sub-DSAR45M02716,0.9954,1
sub-DSAR45M09249,5440,5440_1,,,
sub-DSAR45M09250,5450,5450_1,,,
sub-DSAR45M09251,4915,4915_1,,,
sub-DSAR45M09252,5402,5402_1,,,
sub-DSAR45M09253,6392,6392_1,,,
sub-DSAR45M09254,2819,2819_1,,,
sub-DSAR45M09255,5320,5320_1,,,
sub-DSAR45M09256,4735,4735_1,,,
sub-DSAR45M09257,5512,5512_1,,,
sub-DSAR45M09258,3910,3910_1,,,
sub-DSAR45M09259,2150,2150_1,,,
sub-DSAR45M09260,4483,4483_1,,,
sub-DSAR45M09261,4925,4925_1,,,
sub-DSAR45M09262,1231,1231_2,sub-DSAR45M08794,0.5336,3
sub-DSAR45M09263,7385,7385_1,,,
sub-DSAR45M09264,8037,8037_1,,,
sub-DSAR45M09265,2807,2807_1,,,
sub-DSAR45M09266,5847,5847_1,,,
sub-DSAR45M09267,3848,3848_1,,,
sub-DSAR45M09268,5166,5166_1,,,
sub-DSAR45M09269,5556,5556_1,,,
sub-DSAR45M09270,5196,5196_1,,,
sub-DSAR45M09271,7696,7696_1,,,
sub-DSAR45M09272,197,197_1,sub-DSAR45M03750,0.9976,1
sub-DSAR45M09273,456,456_1,sub-DSAR45M03297,0.5488,2
sub-DSAR45M09274,7432,7432_1,,,
sub-DSAR45M09275,3733,3733_1,,,
sub-DSAR45M09276,2616,2616_1,,,
sub-DSAR45M09277,1264,1264_2,sub-DSAR45M06714,0.4995,3
sub-DSAR45M09278,6871,6871_1,,,
sub-DSAR45M09279,5393,5393_1,,,
sub-DSAR45M09280,6808,6808_1,,,
sub-DSAR45M09281,9417,9417_1,,,
sub-DSAR45M09282,8906,8906_1,,,
sub-DSAR45M09283,9790,9790_1,,,
sub-DSAR45M09284,5312,5312_1,,,
sub-DSAR45M09285,1331,1331_1,sub-DSAR45M08003,0.4915,3
sub-DSAR45M09286,6393,6393_1,,,
sub-DSAR45M09287,3671,3671_1,,,
sub-DSAR45M09288,8598,8598_1,,,
sub-DSAR45M09289,6161,6161_1,,,
sub-DSAR45M09290,1316,1316_2,sub-DSAR45M08528,0.4963,3
sub-DSAR45M09291,553,553_1,sub-DSAR45M01441,0.5348,2
sub-DSAR45M09292,717,717_1,sub-DSAR45M01082,0.4702,2
sub-DSAR45M09293,902,902_1,sub-DSAR45M05908,0.5089,2
sub-DSAR45M09294,8512,8512_1,,,
sub-DSAR45M09295,1817,1817_1,sub-DSAR45M06077,0.46,3
sub-DSAR45M09296,5660,5660_1,,,
sub-DSAR45M09297,2177,2177_1,,,
sub-DSAR45M09298,9597,9597_1,,,
sub-DSAR45M09299,2835,2835_1,,,
sub-DSAR45M09300,1747,1747_1,sub-DSAR45M01059,0.528,3
sub-DSAR45M09301,188,188_1,sub-DSAR45M09194,0.9976,1
sub-DSAR45M09302,6824,6824_1,,,
sub-DSAR45M09303,735,735_1,sub-DSAR45M10707,0.3924,2
sub-DSAR45M09304,1415,1415_2,sub-DSAR45M07316,0.4751,3
sub-DSAR45M09305,2829,2829_1,,,
sub-DSAR45M09306,6102,6102_1,,,
sub-DSAR45M09307,1099,1099_1,sub-DSAR45M04271,0.4724,3
sub-DSAR45M09308,4677,4677_1,,,
sub-DSAR45M09309,3512,3512_1,,,
sub-DSAR45M09310,6347,6347_1,,,
sub-DSAR45M09311,1255,1255_1,sub-DSAR45M05754,0.4271,3
sub-DSAR45M09312,6022,6022_1,,,
sub-DSAR45M09313,9262,9262_1,,,
sub-DSAR45M09314,7564,7564_1,,,
sub-DSAR45M09315,9112,9112_1,,,
sub-DSAR45M09316,4415,4415_1,,,
sub-DSAR45M09317,9568,9568_1,,,
sub-DSAR45M09318,4881,4881_1,,,
sub-DSAR45M09319,3769,3769_1,,,
sub-DSAR45M09320,5426,5426_1,,,
sub-DSAR45M09321,983,983_1,sub-DSAR45M00127,0.5257,2
sub-DSAR45M09322,8235,8235_1,,,
sub-DSAR45M09323,4675,4675_1,,,
sub-DSAR45M09324,9680,9680_1,,,
sub-DSAR45M09325,5296,5296_1,,,
sub-DSAR45M09326,7693,7693_1,,,
sub-DSAR45M09327,3210,3210_1,,,
sub-DSAR45M09328,6329,6329_1,,,
sub-DSAR45M09329,4455,4455_1,,,
sub-DSAR45M09330,118,118_1,sub-DSAR45M07951,0.9982,1
sub-DSAR45M09331,7156,7156_1,,,
sub-DSAR45M09332,5617,5617_1,,,
sub-DSAR45M09333,1498,1498_1,sub-DSAR45M04457,0.5431,3
sub-DSAR45M09334,6632,6632_1,,,
sub-DSAR45M09335,6410,6410_1,,,
sub-DSAR45M09336,4362,4362_1,,,
sub-DSAR45M09337,286,286_1,sub-DSAR45M05365,0.9959,1
sub-DSAR45M09338,816,816_1,sub-DSAR45M11204,0.4986,2
sub-DSAR45M09339,6039,6039_1,,,
sub-DSAR45M09340,8911,8911_1,,,
sub-DSAR45M09341,2391,2391_1,,,
sub-DSAR45M09342,526,526_1,sub-DSAR45M09517,0.5493,2
sub-DSAR45M09343,5608,5608_1,,,
sub-DSAR45M09344,3233,3233_1,,,
sub-DSAR45M09345,4725,4725_1,,,
sub-DSAR45M09346,4538,4538_1,,,
sub-DSAR45M09347,1156,1156_1,sub-DSAR45M08079,0.5538,3
sub-DSAR45M09348,6561,6561_1,,,
sub-DSAR45M09349,4520,4520_1,,,
sub-DSAR45M09350,6601,6601_1,,,
sub-DSAR45M09351,344,344_1,sub-DSAR45M10598,0.9996,1
sub-DSAR45M09352,6109,6109_1,,,
sub-DSAR45M09353,6987,6987_1,,,
sub-DSAR45M09354,9513,9513_1,,,
sub-DSAR45M09355,2462,2462_1,,,
sub-DSAR45M09356,8700,8700_1,,,
sub-DSAR45M09357,1185,1185_1,sub-DSAR45M10253,0.5045,3
sub-DSAR45M09358,6437,6437_1,,,
sub-DSAR45M09359,92,92_1,sub-DSAR45M09146,0.9986,1
sub-DSAR45M09360,1227,1227_1,sub-DSAR45M05231,0.4144,3
sub-DSAR45M09361,3855,3855_1,,,
sub-DSAR45M09362,2971,2971_1,,,
sub-DSAR45M09363,1020,1020_1,sub-DSAR45M01376,0.4808,2
sub-DSAR45M09364,8337,8337_1,,,
sub-DSAR45M09365,955,955_1,sub-DSAR45M01801,0.513,2
sub-DSAR45M09366,260,260_1,sub-DSAR45M09685,0.9989,1
sub-DSAR45M09367,5896,5896_1,,,
sub-DSAR45M09368,3228,3228_1,,,
sub-DSAR45M09369,4195,4195_1,,,
sub-DSAR45M09370,9306,9306_1,,,
sub-DSAR45M09371,7416,7416_1,,,
sub-DSAR45M09372,7606,7606_1,,,
sub-DSAR45M09373,128,128_1,sub-DSAR45M10644,0.9994,1
sub-DSAR45M09374,5040,5040_1,,,
sub-DSAR45M09375,2637,2637_1,,,
sub-DSAR45M09376,791,791_1,sub-DSAR45M07539,0.4684,2
sub-DSAR45M09377,422,422_1,sub-DSAR45M04331,0.5346,2
sub-DSAR45M09378,2180,2180_1,,,
sub-DSAR45M09379,5283,5283_1,,,
sub-DSAR45M09380,9182,9182_1,,,
sub-DSAR45M09381,687,687_1,sub-DSAR45M05742,0.381,2
sub-DSAR45M09382,6828,6828_1,,,
sub-DSAR45M09383,9785,9785_1,,,
sub-DSAR45M09384,4903,4903_1,,,
sub-DSAR45M09385,5035,5035_1,,,
sub-DSAR45M09386,217,217_1,sub-DSAR45M06693,0.9999,1
sub-DSAR45M09387,5881,5881_1,,,
sub-DSAR45M09388,9237,9237_1,,,
sub-DSAR45M09389,3068,3068_1,,,
sub-DSAR45M09390,2042,2042_1,,,
sub-DSAR45M09391,5975,5975_1,,,
sub-DSAR45M09392,3621,3621_1,,,
sub-DSAR45M09393,4605,4605_1,,,
sub-DSAR45M09394,1320,1320_2,sub-DSAR45M03236,0.4252,3
sub-DSAR45M09395,1349,1349_2,sub-DSAR45M00330,0.4046,3
sub-DSAR45M09396,8735,8735_1,,,
sub-DSAR45M09397,3874,3874_1,,,
sub-DSAR45M09398,194,194_1,sub-DSAR45M09604,0.9999,1
sub-DSAR45M09399,6348,6348_1,,,
sub-DSAR45M09400,1348,1348_1,sub-DSAR45M02919,0.4936,3
sub-DSAR45M09401,4260,4260_1,,,
sub-DSAR45M09402,71,71_1,sub-DSAR45M04377,1.0,1
sub-DSAR45M09403,284,284_1,sub-DSAR45M02752,1.0,1
sub-DSAR45M09404,1445,1445_1,sub-DSAR45M11225,0.505,3
sub-DSAR45M09405,78,78_1,sub-DSAR45M00010,1.0,1
sub-DSAR45M09406,9536,9536_1,,,
sub-DSAR45M09407,5862,5862_1,,,
sub-DSAR45M09408,3418,3418_1,,,
sub-DSAR45M09409,6254,6254_1,,,
sub-DSAR45M09410,4067,4067_1,,,
sub-DSAR45M09411,6872,6872_1,,,
sub-DSAR45M09412,6208,6208_1,,,
sub-DSAR45M09413,720,720_1,sub-DSAR45M04034,0.5412,2
sub-DSAR45M09414,650,650_1,sub-DSAR45M03120,0.5071,2
sub-DSAR45M09415,3846,3846_1,,,
sub-DSAR45M09416,3293,3293_1,,,
sub-DSAR45M09417,1547,1547_2,sub-DSAR45M04208,0.4725,3
sub-DSAR45M09418,7363,7363_1,,,
sub-DSAR45M09419,4032,4032_1,,,
sub-DSAR45M09420,3772,3772_1,,,
sub-DSAR45M09421,7196,7196_1,,,
sub-DSAR45M09422,6609,6609_1,,,
sub-DSAR45M09423,2638,2638_1,,,
sub-DSAR45M09424,1750,1750_1,sub-DSAR45M01197,0.5351,3
sub-DSAR45M09425,3053,3053_1,,,
sub-DSAR45M09426,4627,4627_1,,,
sub-DSAR45M09427,138,138_1,sub-DSAR45M07830,1.0,1
sub-DSAR45M09428,6211,6211_1,,,
sub-DSAR45M09429,211,211_1,sub-DSAR45M04970,1.0,1
sub-DSAR45M09430,4587,4587_1,,,
sub-DSAR45M09431,1765,1765_1,sub-DSAR45M09974,0.5307,3
sub-DSAR45M09432,875,875_1,sub-DSAR45M02374,0.4701,2
sub-DSAR45M09433,1541,1541_1,sub-DSAR45M07335,0.5613,3
sub-DSAR45M09434,688,688_1,sub-DSAR45M04168,0.4644,2
sub-DSAR45M09435,4982,4982_1,,,
sub-DSAR45M09436,219,219_1,sub-DSAR45M03196,0.9959,1
sub-DSAR45M09437,1618,1618_2,sub-DSAR45M10316,0.5048,3
sub-DSAR45M09438,1993,1993_1,,,
sub-DSAR45M09439,481,481_1,sub-DSAR45M06574,0.5213,2
sub-DSAR45M09440,1625,1625_2,sub-DSAR45M02362,0.5539,3
sub-DSAR45M09441,7049,7049_1,,,
sub-DSAR45M09442,517,517_1,sub-DSAR45M05428,0.5426,2
sub-DSAR45M09443,6659,6659_1,,,
sub-DSAR45M09444,234,234_1,sub-DSAR45M03349,1.0,1
sub-DSAR45M09445,8381,8381_1,,,
sub-DSAR45M09446,6144,6144_1,,,
sub-DSAR45M09447,4737,4737_1,,,
sub-DSAR45M09448,6626,6626_1,,,
sub-DSAR45M09449,4061,4061_1,,,
sub-DSAR45M09450,2896,2896_1,,,
sub-DSAR45M09451,5936,5936_1,,,
sub-DSAR45M09452,7776,7776_1,,,
sub-DSAR45M09453,192,192_1,sub-DSAR45M07147,0.9978,1
sub-DSAR45M09454,7288,7288_1,,,
sub-DSAR45M09455,1980,1980_1,,,
sub-DSAR45M09456,8426,8426_1,,,
sub-DSAR45M09457,6193,6193_1,,,
sub-DSAR45M09458,5224,5224_1,,,
sub-DSAR45M09459,9651,9651_1,,,
sub-DSAR45M09460,724,724_1,sub-DSAR45M06567,0.5742,2
sub-DSAR45M09461,2763,2763_1,,,
sub-DSAR45M09462,4768,4768_1,,,
sub-DSAR45M09463,4979,4979_1,,,
sub-DSAR45M09464,8333,8333_1,,,
sub-DSAR45M09465,5025,5025_1,,,
sub-DSAR45M09466,4065,4065_1,,,
sub-DSAR45M09467,6331,6331_1,,,
sub-DSAR45M09468,527,527_1,sub-DSAR45M10180,0.5487,2
sub-DSAR45M09469,3256,3256_1,,,
sub-DSAR45M09470,4462,4462_1,,,
sub-DSAR45M09471,9476,9476_1,,,
sub-DSAR45M09472,2067,2067_1,,,
sub-DSAR45M09473,8642,8642_1,,,
sub-DSAR45M09474,4620,4620_1,,,
sub-DSAR45M09475,907,907_1,sub-DSAR45M05560,0.6001,2
sub-DSAR45M09476,7425,7425_1,,,
sub-DSAR45M09477,1983,1983_1,,,
sub-DSAR45M09478,7331,7331_1,,,
sub-DSAR45M09479,704,704_1,sub-DSAR45M10101,0.4888,2
sub-DSAR45M09480,7937,7937_1,,,
sub-DSAR45M09481,3988,3988_1,,,
sub-DSAR45M09482,520,520_1,sub-DSAR45M11498,0.381,2
sub-DSAR45M09483,7228,7228_1,,,
sub-DSAR45M09484,3006,3006_1,,,
sub-DSAR45M09485,5313,5313_1,,,
sub-DSAR45M09486,6869,6869_1,,,
sub-DSAR45M09487,2925,2925_1,,,
sub-DSAR45M09488,7641,7641_1,,,
sub-DSAR45M09489,8483,8483_1,,,
sub-DSAR45M09490,1452,1452_2,sub-DSAR45M01586,0.5414,3
sub-DSAR45M09491,5169,5169_1,,,
sub-DSAR45M09492,7227,7227_1,,,
sub-DSAR45M09493,74,74_1,sub-DSAR45M10711,0.9974,1
sub-DSAR45M09494,9186,9186_1,,,
sub-DSAR45M09495,1459,1459_2,sub-DSAR45M09247,0.4786,3
sub-DSAR45M09496,2567,2567_1,,,
sub-DSAR45M09497,998,998_1,sub-DSAR45M05641,0.4966,2
sub-DSAR45M09498,6953,6953_1,,,
sub-DSAR45M09499,2179,2179_1,,,
sub-DSAR45M09500,288,288_1,sub-DSAR45M04620,0.9984,1
sub-DSAR45M09501,1764,1764_2,sub-DSAR45M10612,0.4716,3
sub-DSAR45M09502,7057,7057_1,,,
sub-DSAR45M09503,7178,7178_1,,,
sub-DSAR45M09504,6319,6319_1,,,
sub-DSAR45M09505,9169,9169_1,,,
sub-DSAR45M09506,4356,4356_1,,,
sub-DSAR45M09507,1539,1539_1,sub-DSAR45M06868,0.5073,3
sub-DSAR45M09508,7440,7440_1,,,
sub-DSAR45M09509,1081,1081_2,sub-DSAR45M02759,0.4875,3
sub-DSAR45M09510,228,228_1,sub-DSAR45M02502,0.9985,1
sub-DSAR45M09511,1655,1655_2,sub-DSAR45M03641,0.4559,3
sub-DSAR45M09512,678,678_1,sub-DSAR45M06315,0.461,2
sub-DSAR45M09513,5185,5185_1,,,
sub-DSAR45M09514,529,529_1,sub-DSAR45M11279,0.4465,2
sub-DSAR45M09515,311,311_1,sub-DSAR45M06841,0.999,1
sub-DSAR45M09516,7289,7289_1,,,
sub-DSAR45M09517,526,526_1,sub-DSAR45M09342,0.5493,2
sub-DSAR45M09518,7240,7240_1,,,
sub-DSAR45M09519,6950,6950_1,,,
sub-DSAR45M09520,2687,2687_1,,,
sub-DSAR45M09521,4757,4757_1,,,
sub-DSAR45M09522,9148,9148_1,,,
sub-DSAR45M09523,5209,5209_1,,,
sub-DSAR45M09524,9043,9043_1,,,
sub-DSAR45M09525,9573,9573_1,,,
sub-DSAR45M09526,1423,1423_1,sub-DSAR45M01980,0.4474,3
sub-DSAR45M09527,113,113_1,sub-DSAR45M11519,0.9998,1
sub-DSAR45M09528,9269,9269_1,,,
sub-DSAR45M09529,8713,8713_1,,,
sub-DSAR45M09530,9700,9700_1,,,
sub-DSAR45M09531,262,262_1,sub-DSAR45M03992,1.0,1
sub-DSAR45M09532,5931,5931_1,,,
sub-DSAR45M09533,16,16_1,sub-DSAR45M00987,0.9989,1
sub-DSAR45M09534,1716,1716_2,sub-DSAR45M06617,0.5215,3
sub-DSAR45M09535,6595,6595_1,,,
sub-DSAR45M09536,3324,3324_1,,,
sub-DSAR45M09537,2242,2242_1,,,
sub-DSAR45M09538,8019,8019_1,,,
sub-DSAR45M09539,6163,6163_1,,,
sub-DSAR45M09540,4038,4038_1,,,
sub-DSAR45M09541,435,435_1,sub-DSAR45M09550,0.4406,2
sub-DSAR45M09542,4631,4631_1,,,
sub-DSAR45M09543,3528,3528_1,,,
sub-DSAR45M09544,1725,1725_2,sub-DSAR45M10400,0.493,3
sub-DSAR45M09545,969,969_1,sub-DSAR45M08618,0.4519,2
sub-DSAR45M09546,7628,7628_1,,,
sub-DSAR45M09547,2999,2999_1,,,
sub-DSAR45M09548,5023,5023_1,,,
sub-DSAR45M09549,6836,6836_1,,,
sub-DSAR45M09550,435,435_1,sub-DSAR45M09541,0.4406,2
sub-DSAR45M09551,7944,7944_1,,,
sub-DSAR45M09552,291,291_1,sub-DSAR45M03037,1.0,1
sub-DSAR45M09553,3034,3034_1,,,
sub-DSAR45M09554,1009,1009_1,sub-DSAR45M07998,0.4763,2
sub-DSAR45M09555,1784,1784_2,sub-DSAR45M08080,0.5349,3
sub-DSAR45M09556,1188,1188_2,sub-DSAR45M07228,0.4748,3
sub-DSAR45M09557,3072,3072_1,,,
sub-DSAR45M09558,2108,2108_1,,,
sub-DSAR45M09559,3923,3923_1,,,
sub-DSAR45M09560,2956,2956_1,,,
sub-DSAR45M09561,6069,6069_1,,,
sub-DSAR45M09562,9434,9434_1,,,
sub-DSAR45M09563,7560,7560_1,,,
sub-DSAR45M09564,1324,1324_1,sub-DSAR45M10200,0.5375,3
sub-DSAR45M09565,9090,9090_1,,,
sub-DSAR45M09566,8623,8623_1,,,
sub-DSAR45M09567,2141,2141_1,,,
sub-DSAR45M09568,7141,7141_1,,,
sub-DSAR45M09569,2302,2302_1,,,
sub-DSAR45M09570,5135,5135_1,,,
sub-DSAR45M09571,1504,1504_1,sub-DSAR45M11639,0.5327,3
sub-DSAR45M09572,7136,7136_1,,,
sub-DSAR45M09573,1019,1019_1,sub-DSAR45M06694,0.4432,2
sub-DSAR45M09574,1120,1120_2,sub-DSAR45M08837,0.5072,3
sub-DSAR45M09575,1311,1311_2,sub-DSAR45M06193,0.4728,3
sub-DSAR45M09576,1782,1782_2,sub-DSAR45M06146,0.4705,3
sub-DSAR45M09577,3805,3805_1,,,
sub-DSAR45M09578,6196,6196_1,,,
sub-DSAR45M09579,5120,5120_1,,,
sub-DSAR45M09580,6272,6272_1,,,
sub-DSAR45M09581,191,191_1,sub-DSAR45M03081,0.9974,1
sub-DSAR45M09582,1652,1652_2,sub-DSAR45M07778,0.5242,3
sub-DSAR45M09583,4290,4290_1,,,
sub-DSAR45M09584,1044,1044_1,sub-DSAR45M08818,0.5749,2
sub-DSAR45M09585,3601,3601_1,,,
sub-DSAR45M09586,9419,9419_1,,,
sub-DSAR45M09587,1542,1542_2,sub-DSAR45M06731,0.5079,3
sub-DSAR45M09588,7238,7238_1,,,
sub-DSAR45M09589,457,457_1,sub-DSAR45M11606,0.5132,2
sub-DSAR45M09590,9783,9783_1,,,
sub-DSAR45M09591,932,932_1,sub-DSAR45M03225,0.4963,2
sub-DSAR45M09592,5342,5342_1,,,
sub-DSAR45M09593,1473,1473_1,sub-DSAR45M09927,0.5245,3
sub-DSAR45M09594,1252,1252_1,sub-DSAR45M03370,0.5896,3
sub-DSAR45M09595,6988,6988_1,,,
sub-DSAR45M09596,4040,4040_1,,,
sub-DSAR45M09597,716,716_1,sub-DSAR45M07464,0.5527,2
sub-DSAR45M09598,5685,5685_1,,,
sub-DSAR45M09599,6624,6624_1,,,
sub-DSAR45M09600,7575,7575_1,,,
sub-DSAR45M09601,6564,6564_1,,,
sub-DSAR45M09602,256,256_1,sub-DSAR45M10249,0.9999,1
sub-DSAR45M09603,5890,5890_1,,,
sub-DSAR45M09604,194,194_1,sub-DSAR45M09398,0.9999,1
sub-DSAR45M09605,1451,1451_2,sub-DSAR45M06824,0.4639,3
sub-DSAR45M09606,1499,1499_2,sub-DSAR45M05159,0.5968,3
sub-DSAR45M09607,7323,7323_1,,,
sub-DSAR45M09608,2647,2647_1,,,
sub-DSAR45M09609,2700,2700_1,,,
sub-DSAR45M09610,634,634_1,sub-DSAR45M04577,0.5162,2
sub-DSAR45M09611,9277,9277_1,,,
sub-DSAR45M09612,1639,1639_2,sub-DSAR45M07911,0.5331,3
sub-DSAR45M09613,170,170_1,sub-DSAR45M08693,0.9953,1
sub-DSAR45M09614,4463,4463_1,,,
sub-DSAR45M09615,1074,1074_1,sub-DSAR45M06424,0.493,3
sub-DSAR45M09616,9656,9656_1,,,
sub-DSAR45M09617,1444,1444_1,sub-DSAR45M10256,0.4948,3
sub-DSAR45M09618,2330,2330_1,,,
sub-DSAR45M09619,7633,7633_1,,,
sub-DSAR45M09620,6732,6732_1,,,
sub-DSAR45M09621,8198,8198_1,,,
sub-DSAR45M09622,6111,6111_1,,,
sub-DSAR45M09623,6167,6167_1,,,
sub-DSAR45M09624,4334,4334_1,,,
sub-DSAR45M09625,3301,3301_1,,,
sub-DSAR45M09626,198,198_1,sub-DSAR45M02623,0.9985,1
sub-DSAR45M09627,2621,2621_1,,,
sub-DSAR45M09628,1325,1325_1,sub-DSAR45M09932,0.4662,3
sub-DSAR45M09629,659,659_1,sub-DSAR45M01895,0.4688,2
sub-DSAR45M09630,3909,3909_1,,,
sub-DSAR45M09631,3778,3778_1,,,
sub-DSAR45M09632,2695,2695_1,,,
sub-DSAR45M09633,4791,4791_1,,,
sub-DSAR45M09634,6096,6096_1,,,
sub-DSAR45M09635,913,913_1,sub-DSAR45M00346,0.5712,2
sub-DSAR45M09636,8753,8753_1,,,
sub-DSAR45M09637,2286,2286_1,,,
sub-DSAR45M09638,277,277_1,sub-DSAR45M02020,0.9962,1
sub-DSAR45M09639,6138,6138_1,,,
sub-DSAR45M09640,5609,5609_1,,,
sub-DSAR45M09641,2648,2648_1,,,
sub-DSAR45M09642,9620,9620_1,,,
sub-DSAR45M09643,6433,6433_1,,,
sub-DSAR45M09644,9560,9560_1,,,
sub-DSAR45M09645,2071,2071_1,,,
sub-DSAR45M09646,9552,9552_1,,,
sub-DSAR45M09647,3927,3927_1,,,
sub-DSAR45M09648,574,574_1,sub-DSAR45M10000,0.5189,2
sub-DSAR45M09649,3437,3437_1,,,
sub-DSAR45M09650,1364,1364_2,sub-DSAR45M03741,0.497,3
sub-DSAR45M09651,4451,4451_1,,,
sub-DSAR45M09652,4328,4328_1,,,
sub-DSAR45M09653,4636,4636_1,,,
sub-DSAR45M09654,1363,1363_2,sub-DSAR45M00311,0.5039,3
sub-DSAR45M09655,4751,4751_1,,,
sub-DSAR45M09656,3100,3100_1,,,
sub-DSAR45M09657,6582,6582_1,,,
sub-DSAR45M09658,554,554_1,sub-DSAR45M08575,0.5474,2
sub-DSAR45M09659,6035,6035_1,,,
sub-DSAR45M09660,977,977_1,sub-DSAR45M04342,0.591,2
sub-DSAR45M09661,6439,6439_1,,,
sub-DSAR45M09662,877,877_1,sub-DSAR45M06008,0.496,2
sub-DSAR45M09663,6725,6725_1,,,
sub-DSAR45M09664,403,403_1,sub-DSAR45M02820,0.9976,1
sub-DSAR45M09665,2834,2834_1,,,
sub-DSAR45M09666,2511,2511_1,,,
sub-DSAR45M09667,5708,5708_1,,,
sub-DSAR45M09668,305,305_1,sub-DSAR45M03852,1.0,1
sub-DSAR45M09669,4052,4052_1,,,
sub-DSAR45M09670,3870,3870_1,,,
sub-DSAR45M09671,8441,8441_1,,,
sub-DSAR45M09672,4147,4147_1,,,
sub-DSAR45M09673,5007,5007_1,,,
sub-DSAR45M09674,8043,8043_1,,,
sub-DSAR45M09675,1201,1201_2,sub-DSAR45M05263,0.492,3
sub-DSAR45M09676,9798,9798_1,,,
sub-DSAR45M09677,2275,2275_1,,,
sub-DSAR45M09678,6180,6180_1,,,
sub-DSAR45M09679,182,182_1,sub-DSAR45M00646,1.0,1
sub-DSAR45M09680,4537,4537_1,,,
sub-DSAR45M09681,7179,7179_1,,,
sub-DSAR45M09682,8060,8060_1,,,
sub-DSAR45M09683,4845,4845_1,,,
sub-DSAR45M09684,6917,6917_1,,,
sub-DSAR45M09685,260,260_1,sub-DSAR45M09366,0.9989,1
sub-DSAR45M09686,7730,7730_1,,,
sub-DSAR45M09687,7170,7170_1,,,
sub-DSAR45M09688,9762,9762_1,,,
sub-DSAR45M09689,485,485_1,sub-DSAR45M01499,0.4563,2
sub-DSAR45M09690,4657,4657_1,,,
sub-DSAR45M09691,789,789_1,sub-DSAR45M01894,0.5096,2
sub-DSAR45M09692,206,206_1,sub-DSAR45M03110,0.9972,1
sub-DSAR45M09693,8704,8704_1,,,
sub-DSAR45M09694,9712,9712_1,,,
sub-DSAR45M09695,2688,2688_1,,,
sub-DSAR45M09696,465,465_1,sub-DSAR45M05047,0.4509,2
sub-DSAR45M09697,2377,2377_1,,,
sub-DSAR45M09698,75,75_1,sub-DSAR45M02698,0.9989,1
sub-DSAR45M09699,8083,8083_1,,,
sub-DSAR45M09700,9626,9626_1,,,
sub-DSAR45M09701,1351,1351_2,sub-DSAR45M09113,0.5186,3
sub-DSAR45M09702,8726,8726_1,,,
sub-DSAR45M09703,273,273_1,sub-DSAR45M02308,0.9958,1
sub-DSAR45M09704,8581,8581_1,,,
sub-DSAR45M09705,1648,1648_2,sub-DSAR45M11081,0.578,3
sub-DSAR45M09706,5404,5404_1,,,
sub-DSAR45M09707,3987,3987_1,,,
sub-DSAR45M09708,7934,7934_1,,,
sub-DSAR45M09709,6415,6415_1,,,
sub-DSAR45M09710,1438,1438_2,sub-DSAR45M06580,0.4681,3
sub-DSAR45M09711,9384,9384_1,,,
sub-DSAR45M09712,466,466_1,sub-DSAR45M06547,0.4941,2
sub-DSAR45M09713,4139,4139_1,,,
sub-DSAR45M09714,6714,6714_1,,,
sub-DSAR45M09715,8651,8651_1,,,
sub-DSAR45M09716,7655,7655_1,,,
sub-DSAR45M09717,8879,8879_1,,,
sub-DSAR45M09718,669,669_1,sub-DSAR45M10263,0.3843,2
sub-DSAR45M09719,462,462_1,sub-DSAR45M08213,0.4574,2
sub-DSAR45M09720,7810,7810_1,,,
sub-DSAR45M09721,2049,2049_1,,,
sub-DSAR45M09722,8323,8323_1,,,
sub-DSAR45M09723,786,786_1,sub-DSAR45M03685,0.5026,2
sub-DSAR45M09724,2249,2249_1,,,
sub-DSAR45M09725,6381,6381_1,,,
sub-DSAR45M09726,1681,1681_2,sub-DSAR45M02028,0.5343,3
sub-DSAR45M09727,351,351_1,sub-DSAR45M08060,0.998,1
sub-DSAR45M09728,9431,9431_1,,,
sub-DSAR45M09729,3513,3513_1,,,
sub-DSAR45M09730,8041,8041_1,,,
sub-DSAR45M09731,5804,5804_1,,,
sub-DSAR45M09732,7748,7748_1,,,
sub-DSAR45M09733,476,476_1,sub-DSAR45M00844,0.5262,2
sub-DSAR45M09734,631,631_1,sub-DSAR45M03248,0.517,2
sub-DSAR45M09735,1200,1200_1,sub-DSAR45M02064,0.5512,3
sub-DSAR45M09736,139,139_1,sub-DSAR45M05911,0.9995,1
sub-DSAR45M09737,2593,2593_1,,,
sub-DSAR45M09738,5097,5097_1,,,
sub-DSAR45M09739,7104,7104_1,,,
sub-DSAR45M09740,1549,1549_2,sub-DSAR45M10254,0.5285,3
sub-DSAR45M09741,7823,7823_1,,,
sub-DSAR45M09742,7657,7657_1,,,
sub-DSAR45M09743,7851,7851_1,,,
sub-DSAR45M09744,8224,8224_1,,,
sub-DSAR45M09745,296,296_1,sub-DSAR45M03296,1.0,1
sub-DSAR45M09746,2344,2344_1,,,
sub-DSAR45M09747,6491,6491_1,,,
sub-DSAR45M09748,5421,5421_1,,,
sub-DSAR45M09749,1561,1561_1,sub-DSAR45M03656,0.5154,3
sub-DSAR45M09750,2786,2786_1,,,
sub-DSAR45M09751,2503,2503_1,,,
sub-DSAR45M09752,6661,6661_1,,,
sub-DSAR45M09753,5910,5910_1,,,
sub-DSAR45M09754,5806,5806_1,,,
sub-DSAR45M09755,290,290_1,sub-DSAR45M09948,0.9964,1
sub-DSAR45M09756,6763,6763_1,,,
sub-DSAR45M09757,5753,5753_1,,,
sub-DSAR45M09758,9023,9023_1,,,
sub-DSAR45M09759,3635,3635_1,,,
sub-DSAR45M09760,6549,6549_1,,,
sub-DSAR45M09761,8969,8969_1,,,
sub-DSAR45M09762,5615,5615_1,,,
sub-DSAR45M09763,3133,3133_1,,,
sub-DSAR45M09764,4411,4411_1,,,
sub-DSAR45M09765,168,168_1,sub-DSAR45M02656,1.0,1
sub-DSAR45M09766,811,811_1,sub-DSAR45M09182,0.4421,2
sub-DSAR45M09767,8361,8361_1,,,
sub-DSAR45M09768,8276,8276_1,,,
sub-DSAR45M09769,6195,6195_1,,,
sub-DSAR45M09770,8559,8559_1,,,
sub-DSAR45M09771,6958,6958_1,,,
sub-DSAR45M09772,6615,6615_1,,,
sub-DSAR45M09773,3441,3441_1,,,
sub-DSAR45M09774,5158,5158_1,,,
sub-DSAR45M09775,9334,9334_1,,,
sub-DSAR45M09776,8025,8025_1,,,
sub-DSAR45M09777,7864,7864_1,,,
sub-DSAR45M09778,4278,4278_1,,,
sub-DSAR45M09779,8293,8293_1,,,
sub-DSAR45M09780,858,858_1,sub-DSAR45M04797,0.5565,2
sub-DSAR45M09781,6492,6492_1,,,
sub-DSAR45M09782,530,530_1,sub-DSAR45M10540,0.5494,2
sub-DSAR45M09783,7806,7806_1,,,
sub-DSAR45M09784,3422,3422_1,,,
sub-DSAR45M09785,5535,5535_1,,,
sub-DSAR45M09786,402,402_1,sub-DSAR45M03889,0.9947,1
sub-DSAR45M09787,8708,8708_1,,,
sub-DSAR45M09788,1677,1677_2,sub-DSAR45M06613,0.5526,3
sub-DSAR45M09789,1545,1545_2,sub-DSAR45M05105,0.5104,3
sub-DSAR45M09790,9197,9197_1,,,
sub-DSAR45M09791,5665,5665_1,,,
sub-DSAR45M09792,6854,6854_1,,,
sub-DSAR45M09793,5092,5092_1,,,
sub-DSAR45M09794,5273,5273_1,,,
sub-DSAR45M09795,1564,1564_1,sub-DSAR45M01393,0.4956,3
sub-DSAR45M09796,1905,1905_1,,,
sub-DSAR45M09797,6065,6065_1,,,
sub-DSAR45M09798,470,470_1,sub-DSAR45M03097,0.5427,2
sub-DSAR45M09799,5492,5492_1,,,
sub-DSAR45M09800,1080,1080_1,sub-DSAR45M03767,0.4487,3
sub-DSAR45M09801,5244,5244_1,,,
sub-DSAR45M09802,6399,6399_1,,,
sub-DSAR45M09803,1388,1388_2,sub-DSAR45M04987,0.5204,3
sub-DSAR45M09804,1878,1878_1,,,
sub-DSAR45M09805,3684,3684_1,,,
sub-DSAR45M09806,4325,4325_1,,,
sub-DSAR45M09807,5099,5099_1,,,
sub-DSAR45M09808,3383,3383_1,,,
sub-DSAR45M09809,8681,8681_1,,,
sub-DSAR45M09810,5349,5349_1,,,
sub-DSAR45M09811,9078,9078_1,,,
sub-DSAR45M09812,3291,3291_1,,,
sub-DSAR45M09813,8749,8749_1,,,
sub-DSAR45M09814,7614,7614_1,,,
sub-DSAR45M09815,6174,6174_1,,,
sub-DSAR45M09816,8606,8606_1,,,
sub-DSAR45M09817,4985,4985_1,,,
sub-DSAR45M09818,5840,5840_1,,,
sub-DSAR45M09819,1492,1492_1,sub-DSAR45M05776,0.5178,3
sub-DSAR45M09820,4324,4324_1,,,
sub-DSAR45M09821,8141,8141_1,,,
sub-DSAR45M09822,3201,3201_1,,,
sub-DSAR45M09823,5912,5912_1,,,
sub-DSAR45M09824,2186,2186_1,,,
sub-DSAR45M09825,774,774_1,sub-DSAR45M03365,0.5164,2
sub-DSAR45M09826,4995,4995_1,,,
sub-DSAR45M09827,1798,1798_2,sub-DSAR45M10082,0.5019,3
sub-DSAR45M09828,930,930_1,sub-DSAR45M01813,0.4919,2
sub-DSAR45M09829,5540,5540_1,,,
sub-DSAR45M09830,1235,1235_2,sub-DSAR45M06896,0.4757,3
sub-DSAR45M09831,1085,1085_2,sub-DSAR45M08508,0.5133,3
sub-DSAR45M09832,780,780_1,sub-DSAR45M01702,0.4874,2
sub-DSAR45M09833,3433,3433_1,,,
sub-DSAR45M09834,490,490_1,sub-DSAR45M02606,0.4492,2
sub-DSAR45M09835,3299,3299_1,,,
sub-DSAR45M09836,5673,5673_1,,,
sub-DSAR45M09837,1166,1166_2,sub-DSAR45M03860,0.5083,3
sub-DSAR45M09838,8809,8809_1,,,
sub-DSAR45M09839,398,398_1,sub-DSAR45M08417,0.9999,1
sub-DSAR45M09840,9498,9498_1,,,
sub-DSAR45M09841,6106,6106_1,,,
sub-DSAR45M09842,8682,8682_1,,,
sub-DSAR45M09843,509,509_1,sub-DSAR45M07626,0.5056,2
sub-DSAR45M09844,9438,9438_1,,,
sub-DSAR45M09845,4502,4502_1,,,
sub-DSAR45M09846,840,840_1,sub-DSAR45M07640,0.5556,2
sub-DSAR45M09847,5962,5962_1,,,
sub-DSAR45M09848,2468,2468_1,,,
sub-DSAR45M09849,3607,3607_1,,,
sub-DSAR45M09850,97,97_1,sub-DSAR45M04254,0.9962,1
sub-DSAR45M09851,8929,8929_1,,,
sub-DSAR45M09852,9701,9701_1,,,
sub-DSAR45M09853,7526,7526_1,,,
sub-DSAR45M09854,6997,6997_1,,,
sub-DSAR45M09855,4288,4288_1,,,
sub-DSAR45M09856,1230,1230_2,sub-DSAR45M07436,0.4672,3
sub-DSAR45M09857,5623,5623_1,,,
sub-DSAR45M09858,1285,1285_2,sub-DSAR45M05454,0.473,3
sub-DSAR45M09859,5714,5714_1,,,
sub-DSAR45M09860,1516,1516_1,sub-DSAR45M08510,0.4841,3
sub-DSAR45M09861,6649,6649_1,,,
sub-DSAR45M09862,3347,3347_1,,,
sub-DSAR45M09863,1215,1215_1,sub-DSAR45M04354,0.443,3
sub-DSAR45M09864,2145,2145_1,,,
sub-DSAR45M09865,2252,2252_1,,,
sub-DSAR45M09866,632,632_1,sub-DSAR45M08385,0.4787,2
sub-DSAR45M09867,6654,6654_1,,,
sub-DSAR45M09868,1662,1662_1,sub-DSAR45M07258,0.5237,3
sub-DSAR45M09869,1921,1921_1,,,
sub-DSAR45M09870,952,952_1,sub-DSAR45M03040,0.5459,2
sub-DSAR45M09871,4609,4609_1,,,
sub-DSAR45M09872,5206,5206_1,,,
sub-DSAR45M09873,4051,4051_1,,,
sub-DSAR45M09874,8677,8677_1,,,
sub-DSAR45M09875,7395,7395_1,,,
sub-DSAR45M09876,7026,7026_1,,,
sub-DSAR45M09877,7814,7814_1,,,
sub-DSAR45M09878,6648,6648_1,,,
sub-DSAR45M09879,3335,3335_1,,,
sub-DSAR45M09880,4606,4606_1,,,
sub-DSAR45M09881,6128,6128_1,,,
sub-DSAR45M09882,9303,9303_1,,,
sub-DSAR45M09883,707,707_1,sub-DSAR45M03902,0.5062,2
sub-DSAR45M09884,326,326_1,sub-DSAR45M01965,0.995,1
sub-DSAR45M09885,2712,2712_1,,,
sub-DSAR45M09886,636,636_1,sub-DSAR45M07387,0.5107,2
sub-DSAR45M09887,8053,8053_1,,,
sub-DSAR45M09888,3595,3595_1,,,
sub-DSAR45M09889,2733,2733_1,,,
sub-DSAR45M09890,5181,5181_1,,,
sub-DSAR45M09891,7797,7797_1,,,
sub-DSAR45M09892,2467,2467_1,,,
sub-DSAR45M09893,2721,2721_1,,,
sub-DSAR45M09894,721,721_1,sub-DSAR45M10956,0.4578,2
sub-DSAR45M09895,7246,7246_1,,,
sub-DSAR45M09896,7015,7015_1,,,
sub-DSAR45M09897,285,285_1,sub-DSAR45M05813,0.9969,1
sub-DSAR45M09898,6263,6263_1,,,
sub-DSAR45M09899,1261,1261_1,sub-DSAR45M03552,0.4812,3
sub-DSAR45M09900,1408,1408_1,sub-DSAR45M03073,0.4972,3
sub-DSAR45M09901,8947,8947_1,,,
sub-DSAR45M09902,9389,9389_1,,,
sub-DSAR45M09903,9405,9405_1,,,
sub-DSAR45M09904,6200,6200_1,,,
sub-DSAR45M09905,7242,7242_1,,,
sub-DSAR45M09906,3594,3594_1,,,
sub-DSAR45M09907,787,787_1,sub-DSAR45M08655,0.4897,2
sub-DSAR45M09908,3537,3537_1,,,
sub-DSAR45M09909,1617,1617_1,sub-DSAR45M11059,0.4945,3
sub-DSAR45M09910,3738,3738_1,,,
sub-DSAR45M09911,1734,1734_1,sub-DSAR45M02144,0.4747,3
sub-DSAR45M09912,965,965_1,sub-DSAR45M08555,0.4374,2
sub-DSAR45M09913,2987,2987_1,,,
sub-DSAR45M09914,5649,5649_1,,,
sub-DSAR45M09915,4136,4136_1,,,
sub-DSAR45M09916,6896,6896_1,,,
sub-DSAR45M09917,341,341_1,sub-DSAR45M05091,0.9994,1
sub-DSAR45M09918,4245,4245_1,,,
sub-DSAR45M09919,9279,9279_1,,,
sub-DSAR45M09920,1727,1727_1,sub-DSAR45M01923,0.5443,3
sub-DSAR45M09921,6044,6044_1,,,
sub-DSAR45M09922,3920,3920_1,,,
sub-DSAR45M09923,2941,2941_1,,,
sub-DSAR45M09924,6444,6444_1,,,
sub-DSAR45M09925,2005,2005_1,,,
sub-DSAR45M09926,8006,8006_1,,,
sub-DSAR45M09927,1473,1473_2,sub-DSAR45M09593,0.5245,3
sub-DSAR45M09928,3564,3564_1,,,
sub-DSAR45M09929,3011,3011_1,,,
sub-DSAR45M09930,5070,5070_1,,,
sub-DSAR45M09931,2531,2531_1,,,
sub-DSAR45M09932,1325,1325_2,sub-DSAR45M09628,0.4662,3
sub-DSAR45M09933,2897,2897_1,,,
sub-DSAR45M09934,9408,9408_1,,,
sub-DSAR45M09935,6514,6514_1,,,
sub-DSAR45M09936,1509,1509_1,sub-DSAR45M00492,0.5141,3
sub-DSAR45M09937,9830,9830_1,,,
sub-DSAR45M09938,8418,8418_1,,,
sub-DSAR45M09939,5730,5730_1,,,
sub-DSAR45M09940,1525,1525_1,sub-DSAR45M11483,0.5278,3
sub-DSAR45M09941,58,58_1,sub-DSAR45M11451,0.9963,1
sub-DSAR45M09942,2072,2072_1,,,
sub-DSAR45M09943,298,298_1,sub-DSAR45M00605,0.9979,1
sub-DSAR45M09944,3713,3713_1,,,
sub-DSAR45M09945,612,612_1,sub-DSAR45M00950,0.5115,2
sub-DSAR45M09946,670,670_1,sub-DSAR45M02356,0.4637,2
sub-DSAR45M09947,6182,6182_1,,,
sub-DSAR45M09948,290,290_1,sub-DSAR45M09755,0.9964,1
sub-DSAR45M09949,8194,8194_1,,,
sub-DSAR45M09950,800,800_1,sub-DSAR45M10040,0.4408,2
sub-DSAR45M09951,38,38_1,sub-DSAR45M05188,0.9973,1
sub-DSAR45M09952,301,301_1,sub-DSAR45M10155,0.9995,1
sub-DSAR45M09953,3159,3159_1,,,
sub-DSAR45M09954,337,337_1,sub-DSAR45M04592,0.9942,1
sub-DSAR45M09955,1686,1686_1,sub-DSAR45M10109,0.4582,3
sub-DSAR45M09956,45,45_1,sub-DSAR45M04849,0.9971,1
sub-DSAR45M09957,361,361_1,sub-DSAR45M02404,0.9979,1
sub-DSAR45M09958,5345,5345_1,,,
sub-DSAR45M09959,4127,4127_1,,,
sub-DSAR45M09960,9048,9048_1,,,
sub-DSAR45M09961,2375,2375_1,,,
sub-DSAR45M09962,7056,7056_1,,,
sub-DSAR45M09963,2354,2354_1,,,
sub-DSAR45M09964,8474,8474_1,,,
sub-DSAR45M09965,6379,6379_1,,,
sub-DSAR45M09966,5497,5497_1,,,
sub-DSAR45M09967,921,921_1,sub-DSAR45M07728,0.5493,2
sub-DSAR45M09968,601,601_1,sub-DSAR45M06104,0.4945,2
sub-DSAR45M09969,5459,5459_1,,,
sub-DSAR45M09970,59,59_1,sub-DSAR45M07550,0.9962,1
sub-DSAR45M09971,233,233_1,sub-DSAR45M07909,0.9964,1
sub-DSAR45M09972,4285,4285_1,,,
sub-DSAR45M09973,2032,2032_1,,,
sub-DSAR45M09974,1765,1765_2,sub-DSAR45M09431,0.5307,3
sub-DSAR45M09975,9767,9767_1,,,
sub-DSAR45M09976,3036,3036_1,,,
sub-DSAR45M09977,6692,6692_1,,,
sub-DSAR45M09978,5207,5207_1,,,
sub-DSAR45M09979,8234,8234_1,,,
sub-DSAR45M09980,3185,3185_1,,,
sub-DSAR45M09981,5785,5785_1,,,
sub-DSAR45M09982,9496,9496_1,,,
sub-DSAR45M09983,7882,7882_1,,,
sub-DSAR45M09984,444,444_1,sub-DSAR45M08531,0.4986,2
sub-DSAR45M09985,1370,1370_1,sub-DSAR45M03134,0.5879,3
sub-DSAR45M09986,6260,6260_1,,,
sub-DSAR45M09987,6468,6468_1,,,
sub-DSAR45M09988,3243,3243_1,,,
sub-DSAR45M09989,5344,5344_1,,,
sub-DSAR45M09990,3096,3096_1,,,
sub-DSAR45M09991,5468,5468_1,,,
sub-DSAR45M09992,4194,4194_1,,,
sub-DSAR45M09993,9161,9161_1,,,
sub-DSAR45M09994,6359,6359_1,,,
sub-DSAR45M09995,7123,7123_1,,,
sub-DSAR45M09996,1122,1122_1,sub-DSAR45M07069,0.491,3
sub-DSAR45M09997,300,300_1,sub-DSAR45M03995,0.9953,1
sub-DSAR45M09998,1018,1018_1,sub-DSAR45M01258,0.4806,2
sub-DSAR45M09999,776,776_1,sub-DSAR45M08701,0.4998,2
sub-DSAR45M10000,574,574_1,sub-DSAR45M09648,0.5189,2
sub-DSAR45M10001,5034,5034_1,,,
sub-DSAR45M10002,4476,4476_1,,,
sub-DSAR45M10003,3726,3726_1,,,
sub-DSAR45M10004,9752,9752_1,,,
sub-DSAR45M10005,8405,8405_1,,,
sub-DSAR45M10006,923,923_1,sub-DSAR45M10197,0.4927,2
sub-DSAR45M10007,7111,7111_1,,,
sub-DSAR45M10008,3321,3321_1,,,
sub-DSAR45M10009,1656,1656_1,sub-DSAR45M01244,0.4855,3
sub-DSAR45M10010,2196,2196_1,,,
sub-DSAR45M10011,4436,4436_1,,,
sub-DSAR45M10012,1131,1131_1,sub-DSAR45M02273,0.5046,3
sub-DSAR45M10013,8192,8192_1,,,
sub-DSAR45M10014,2901,2901_1,,,
sub-DSAR45M10015,4935,4935_1,,,
sub-DSAR45M10016,3103,3103_1,,,
sub-DSAR45M10017,8115,8115_1,,,
sub-DSAR45M10018,238,238_1,sub-DSAR45M04981,0.9964,1
sub-DSAR45M10019,3964,3964_1,,,
sub-DSAR45M10020,963,963_1,sub-DSAR45M08644,0.457,2
sub-DSAR45M10021,8861,8861_1,,,
sub-DSAR45M10022,6766,6766_1,,,
sub-DSAR45M10023,3341,3341_1,,,
sub-DSAR45M10024,9171,9171_1,,,
sub-DSAR45M10025,7250,7250_1,,,
sub-DSAR45M10026,7412,7412_1,,,
sub-DSAR45M10027,2493,2493_1,,,
sub-DSAR45M10028,4220,4220_1,,,
sub-DSAR45M10029,962,962_1,sub-DSAR45M04063,0.381,2
sub-DSAR45M10030,5746,5746_1,,,
sub-DSAR45M10031,1060,1060_1,sub-DSAR45M04280,0.5025,2
sub-DSAR45M10032,1150,1150_2,sub-DSAR45M05252,0.4547,3
sub-DSAR45M10033,4439,4439_1,,,
sub-DSAR45M10034,3791,3791_1,,,
sub-DSAR45M10035,7203,7203_1,,,
sub-DSAR45M10036,7256,7256_1,,,
sub-DSAR45M10037,7202,7202_1,,,
sub-DSAR45M10038,1420,1420_2,sub-DSAR45M07956,0.4754,3
sub-DSAR45M10039,3504,3504_1,,,
sub-DSAR45M10040,800,800_1,sub-DSAR45M09950,0.4408,2
sub-DSAR45M10041,3419,3419_1,,,
sub-DSAR45M10042,6079,6079_1,,,
sub-DSAR45M10043,613,613_1,sub-DSAR45M07906,0.4469,2
sub-DSAR45M10044,5689,5689_1,,,
sub-DSAR45M10045,1289,1289_1,sub-DSAR45M04275,0.4935,3
sub-DSAR45M10046,1003,1003_1,sub-DSAR45M10218,0.527,2
sub-DSAR45M10047,9336,9336_1,,,
sub-DSAR45M10048,3167,3167_1,,,
sub-DSAR45M10049,8579,8579_1,,,
sub-DSAR45M10050,3934,3934_1,,,
sub-DSAR45M10051,6236,6236_1,,,
sub-DSAR45M10052,2273,2273_1,,,
sub-DSAR45M10053,927,927_1,sub-DSAR45M04327,0.4574,2
sub-DSAR45M10054,7046,7046_1,,,
sub-DSAR45M10055,6222,6222_1,,,
sub-DSAR45M10056,7016,7016_1,,,
sub-DSAR45M10057,4409,4409_1,,,
sub-DSAR45M10058,4849,4849_1,,,
sub-DSAR45M10059,5674,5674_1,,,
sub-DSAR45M10060,3453,3453_1,,,
sub-DSAR45M10061,9018,9018_1,,,
sub-DSAR45M10062,5050,5050_1,,,
sub-DSAR45M10063,5213,5213_1,,,
sub-DSAR45M10064,2256,2256_1,,,
sub-DSAR45M10065,201,201_1,sub-DSAR45M08235,1.0,1
sub-DSAR45M10066,2095,2095_1,,,
sub-DSAR45M10067,4479,4479_1,,,
sub-DSAR45M10068,6517,6517_1,,,
sub-DSAR45M10069,4710,4710_1,,,
sub-DSAR45M10070,8257,8257_1,,,
sub-DSAR45M10071,6510,6510_1,,,
sub-DSAR45M10072,6949,6949_1,,,
sub-DSAR45M10073,3319,3319_1,,,
sub-DSAR45M10074,7684,7684_1,,,
sub-DSAR45M10075,6131,6131_1,,,
sub-DSAR45M10076,9791,9791_1,,,
sub-DSAR45M10077,1282,1282_1,sub-DSAR45M06531,0.4191,3
sub-DSAR45M10078,3102,3102_1,,,
sub-DSAR45M10079,9778,9778_1,,,
sub-DSAR45M10080,7294,7294_1,,,
sub-DSAR45M10081,1414,1414_2,sub-DSAR45M06817,0.5149,3
sub-DSAR45M10082,1798,1798_1,sub-DSAR45M09827,0.5019,3
sub-DSAR45M10083,7241,7241_1,,,
sub-DSAR45M10084,5599,5599_1,,,
sub-DSAR45M10085,1811,1811_1,sub-DSAR45M01706,0.5148,3
sub-DSAR45M10086,3464,3464_1,,,
sub-DSAR45M10087,1050,1050_1,sub-DSAR45M03542,0.5019,2
sub-DSAR45M10088,4227,4227_1,,,
sub-DSAR45M10089,6898,6898_1,,,
sub-DSAR45M10090,2571,2571_1,,,
sub-DSAR45M10091,106,106_1,sub-DSAR45M01658,0.998,1
sub-DSAR45M10092,3897,3897_1,,,
sub-DSAR45M10093,591,591_1,sub-DSAR45M01681,0.3859,2
sub-DSAR45M10094,4668,4668_1,,,
sub-DSAR45M10095,7653,7653_1,,,
sub-DSAR45M10096,6233,6233_1,,,
sub-DSAR45M10097,9813,9813_1,,,
sub-DSAR45M10098,749,749_1,sub-DSAR45M06827,0.4443,2
sub-DSAR45M10099,55,55_1,sub-DSAR45M08954,0.9986,1
sub-DSAR45M10100,5546,5546_1,,,
sub-DSAR45M10101,704,704_1,sub-DSAR45M09479,0.4888,2
sub-DSAR45M10102,6366,6366_1,,,
sub-DSAR45M10103,606,606_1,sub-DSAR45M01465,0.4542,2
sub-DSAR45M10104,2651,2651_1,,,
sub-DSAR45M10105,3625,3625_1,,,
sub-DSAR45M10106,536,536_1,sub-DSAR45M07376,0.4566,2
sub-DSAR45M10107,4050,4050_1,,,
sub-DSAR45M10108,8934,8934_1,,,
sub-DSAR45M10109,1686,1686_2,sub-DSAR45M09955,0.4582,3
sub-DSAR45M10110,7319,7319_1,,,
sub-DSAR45M10111,199,199_1,sub-DSAR45M07144,0.9973,1
sub-DSAR45M10112,1365,1365_2,sub-DSAR45M00571,0.563,3
sub-DSAR45M10113,4984,4984_1,,,
sub-DSAR45M10114,4797,4797_1,,,
sub-DSAR45M10115,5333,5333_1,,,
sub-DSAR45M10116,6844,6844_1,,,
sub-DSAR45M10117,6803,6803_1,,,
sub-DSAR45M10118,3430,3430_1,,,
sub-DSAR45M10119,5044,5044_1,,,
sub-DSAR45M10120,865,865_1,sub-DSAR45M11649,0.4246,2
sub-DSAR45M10121,9245,9245_1,,,
sub-DSAR45M10122,817,817_1,sub-DSAR45M02516,0.4892,2
sub-DSAR45M10123,314,314_1,sub-DSAR45M06512,0.9975,1
sub-DSAR45M10124,3775,3775_1,,,
sub-DSAR45M10125,3834,3834_1,,,
sub-DSAR45M10126,9738,9738_1,,,
sub-DSAR45M10127,1039,1039_1,sub-DSAR45M10838,0.4721,2
sub-DSAR45M10128,993,993_1,sub-DSAR45M05197,0.5136,2
sub-DSAR45M10129,8819,8819_1,,,
sub-DSAR45M10130,2317,2317_1,,,
sub-DSAR45M10131,9641,9641_1,,,
sub-DSAR45M10132,6976,6976_1,,,
sub-DSAR45M10133,1493,1493_1,sub-DSAR45M11074,0.5019,3
sub-DSAR45M10134,6563,6563_1,,,
sub-DSAR45M10135,6952,6952_1,,,
sub-DSAR45M10136,1654,1654_1,sub-DSAR45M11090,0.5759,3
sub-DSAR45M10137,3266,3266_1,,,
sub-DSAR45M10138,6926,6926_1,,,
sub-DSAR45M10139,1864,1864_1,,,
sub-DSAR45M10140,44,44_1,sub-DSAR45M08879,0.9953,1
sub-DSAR45M10141,9764,9764_1,,,
sub-DSAR45M10142,867,867_1,sub-DSAR45M06041,0.4774,2
sub-DSAR45M10143,8885,8885_1,,,
sub-DSAR45M10144,4027,4027_1,,,
sub-DSAR45M10145,7890,7890_1,,,
sub-DSAR45M10146,1836,1836_2,sub-DSAR45M08160,0.4577,3
sub-DSAR45M10147,224,224_1,sub-DSAR45M08826,0.9967,1
sub-DSAR45M10148,5503,5503_1,,,
sub-DSAR45M10149,512,512_1,sub-DSAR45M09188,0.4872,2
sub-DSAR45M10150,2205,2205_1,,,
sub-DSAR45M10151,728,728_1,sub-DSAR45M03640,0.5038,2
sub-DSAR45M10152,3679,3679_1,,,
sub-DSAR45M10153,748,748_1,sub-DSAR45M05662,0.6138,2
sub-DSAR45M10154,1372,1372_1,sub-DSAR45M08480,0.4062,3
sub-DSAR45M10155,301,301_1,sub-DSAR45M09952,0.9995,1
sub-DSAR45M10156,6686,6686_1,,,
sub-DSAR45M10157,9529,9529_1,,,
sub-DSAR45M10158,7831,7831_1,,,
sub-DSAR45M10159,2707,2707_1,,,
sub-DSAR45M10160,7774,7774_1,,,
sub-DSAR45M10161,5168,5168_1,,,
sub-DSAR45M10162,2776,2776_1,,,
sub-DSAR45M10163,6892,6892_1,,,
sub-DSAR45M10164,1818,1818_2,sub-DSAR45M03990,0.4935,3
sub-DSAR45M10165,5672,5672_1,,,
sub-DSAR45M10166,7404,7404_1,,,
sub-DSAR45M10167,133,133_1,sub-DSAR45M11035,0.999,1
sub-DSAR45M10168,4673,4673_1,,,
sub-DSAR45M10169,4745,4745_1,,,
sub-DSAR45M10170,251,251_1,sub-DSAR45M11475,0.9981,1
sub-DSAR45M10171,7328,7328_1,,,
sub-DSAR45M10172,5090,5090_1,,,
sub-DSAR45M10173,1896,1896_1,,,
sub-DSAR45M10174,2916,2916_1,,,
sub-DSAR45M10175,6855,6855_1,,,
sub-DSAR45M10176,6786,6786_1,,,
sub-DSAR45M10177,961,961_1,sub-DSAR45M07551,0.4547,2
sub-DSAR45M10178,126,126_1,sub-DSAR45M07756,0.9971,1
sub-DSAR45M10179,3110,3110_1,,,
sub-DSAR45M10180,527,527_1,sub-DSAR45M09468,0.5487,2
sub-DSAR45M10181,833,833_1,sub-DSAR45M04291,0.4074,2
sub-DSAR45M10182,1389,1389_1,sub-DSAR45M04887,0.5567,3
sub-DSAR45M10183,1002,1002_1,sub-DSAR45M00988,0.5287,2
sub-DSAR45M10184,8807,8807_1,,,
sub-DSAR45M10185,1028,1028_1,sub-DSAR45M06310,0.4937,2
sub-DSAR45M10186,1013,1013_1,sub-DSAR45M04745,0.5375,2
sub-DSAR45M10187,7386,7386_1,,,
sub-DSAR45M10188,3690,3690_1,,,
sub-DSAR45M10189,3486,3486_1,,,
sub-DSAR45M10190,9040,9040_1,,,
sub-DSAR45M10191,3840,3840_1,,,
sub-DSAR45M10192,7967,7967_1,,,
sub-DSAR45M10193,2939,2939_1,,,
sub-DSAR45M10194,9514,9514_1,,,
sub-DSAR45M10195,3675,3675_1,,,
sub-DSAR45M10196,7084,7084_1,,,
sub-DSAR45M10197,923,923_1,sub-DSAR45M10006,0.4927,2
sub-DSAR45M10198,8714,8714_1,,,
sub-DSAR45M10199,2023,2023_1,,,
sub-DSAR45M10200,1324,1324_2,sub-DSAR45M09564,0.5375,3
sub-DSAR45M10201,8802,8802_1,,,
sub-DSAR45M10202,9326,9326_1,,,
sub-DSAR45M10203,2064,2064_1,,,
sub-DSAR45M10204,740,740_1,sub-DSAR45M08652,0.4487,2
sub-DSAR45M10205,6023,6023_1,,,
sub-DSAR45M10206,1226,1226_1,sub-DSAR45M04064,0.381,3
sub-DSAR45M10207,3152,3152_1,,,
sub-DSAR45M10208,6287,6287_1,,,
sub-DSAR45M10209,6353,6353_1,,,
sub-DSAR45M10210,1919,1919_1,,,
sub-DSAR45M10211,7950,7950_1,,,
sub-DSAR45M10212,2062,2062_1,,,
sub-DSAR45M10213,5951,5951_1,,,
sub-DSAR45M10214,451,451_1,sub-DSAR45M11285,0.534,2
sub-DSAR45M10215,814,814_1,sub-DSAR45M06111,0.5181,2
sub-DSAR45M10216,3359,3359_1,,,
sub-DSAR45M10217,7779,7779_1,,,
sub-DSAR45M10218,1003,1003_1,sub-DSAR45M10046,0.527,2
sub-DSAR45M10219,3142,3142_1,,,
sub-DSAR45M10220,2394,2394_1,,,
sub-DSAR45M10221,4355,4355_1,,,
sub-DSAR45M10222,600,600_1,sub-DSAR45M02803,0.4415,2
sub-DSAR45M10223,682,682_1,sub-DSAR45M02555,0.5138,2
sub-DSAR45M10224,8260,8260_1,,,
sub-DSAR45M10225,2311,2311_1,,,
sub-DSAR45M10226,7359,7359_1,,,
sub-DSAR45M10227,2355,2355_1,,,
sub-DSAR45M10228,9065,9065_1,,,
sub-DSAR45M10229,5547,5547_1,,,
sub-DSAR45M10230,9481,9481_1,,,
sub-DSAR45M10231,8352,8352_1,,,
sub-DSAR45M10232,3460,3460_1,,,
sub-DSAR45M10233,3265,3265_1,,,
sub-DSAR45M10234,7198,7198_1,,,
sub-DSAR45M10235,95,95_1,sub-DSAR45M10792,1.0,1
sub-DSAR45M10236,2501,2501_1,,,
sub-DSAR45M10237,8108,8108_1,,,
sub-DSAR45M10238,3686,3686_1,,,
sub-DSAR45M10239,692,692_1,sub-DSAR45M08475,0.5301,2
sub-DSAR45M10240,8881,8881_1,,,
sub-DSAR45M10241,3531,3531_1,,,
sub-DSAR45M10242,5175,5175_1,,,
sub-DSAR45M10243,2113,2113_1,,,
sub-DSAR45M10244,7247,7247_1,,,
sub-DSAR45M10245,7948,7948_1,,,
sub-DSAR45M10246,9352,9352_1,,,
sub-DSAR45M10247,8746,8746_1,,,
sub-DSAR45M10248,2091,2091_1,,,
sub-DSAR45M10249,256,256_1,sub-DSAR45M09602,0.9999,1
sub-DSAR45M10250,8172,8172_1,,,
sub-DSAR45M10251,2597,2597_1,,,
sub-DSAR45M10252,6093,6093_1,,,
sub-DSAR45M10253,1185,1185_2,sub-DSAR45M09357,0.5045,3
sub-DSAR45M10254,1549,1549_1,sub-DSAR45M09740,0.5285,3
sub-DSAR45M10255,6225,6225_1,,,
sub-DSAR45M10256,1444,1444_2,sub-DSAR45M09617,0.4948,3
sub-DSAR45M10257,4687,4687_1,,,
sub-DSAR45M10258,2524,2524_1,,,
sub-DSAR45M10259,7397,7397_1,,,
sub-DSAR45M10260,3380,3380_1,,,
sub-DSAR45M10261,543,543_1,sub-DSAR45M03531,0.5245,2
sub-DSAR45M10262,8849,8849_1,,,
sub-DSAR45M10263,669,669_1,sub-DSAR45M09718,0.3843,2
sub-DSAR45M10264,5462,5462_1,,,
sub-DSAR45M10265,98,98_1,sub-DSAR45M07609,0.9992,1
sub-DSAR45M10266,1515,1515_1,sub-DSAR45M06986,0.4746,3
sub-DSAR45M10267,1142,1142_2,sub-DSAR45M07744,0.5176,3
sub-DSAR45M10268,628,628_1,sub-DSAR45M05670,0.5251,2
sub-DSAR45M10269,467,467_1,sub-DSAR45M03770,0.454,2
sub-DSAR45M10270,149,149_1,sub-DSAR45M03537,0.9969,1
sub-DSAR45M10271,6477,6477_1,,,
sub-DSAR45M10272,7364,7364_1,,,
sub-DSAR45M10273,1814,1814_2,sub-DSAR45M10676,0.5183,3
sub-DSAR45M10274,1177,1177_2,sub-DSAR45M00266,0.5357,3
sub-DSAR45M10275,4590,4590_1,,,
sub-DSAR45M10276,7041,7041_1,,,
sub-DSAR45M10277,8577,8577_1,,,
sub-DSAR45M10278,5015,5015_1,,,
sub-DSAR45M10279,4470,4470_1,,,
sub-DSAR45M10280,409,409_1,sub-DSAR45M09189,0.9969,1
sub-DSAR45M10281,1246,1246_2,sub-DSAR45M05233,0.4202,3
sub-DSAR45M10282,7029,7029_1,,,
sub-DSAR45M10283,6242,6242_1,,,
sub-DSAR45M10284,308,308_1,sub-DSAR45M10968,0.9983,1
sub-DSAR45M10285,8166,8166_1,,,
sub-DSAR45M10286,5903,5903_1,,,
sub-DSAR45M10287,1526,1526_1,sub-DSAR45M04155,0.5144,3
sub-DSAR45M10288,548,548_1,sub-DSAR45M02092,0.5805,2
sub-DSAR45M10289,2774,2774_1,,,
sub-DSAR45M10290,949,949_1,sub-DSAR45M01299,0.5144,2
sub-DSAR45M10291,1710,1710_2,sub-DSAR45M10517,0.545,3
sub-DSAR45M10292,4973,4973_1,,,
sub-DSAR45M10293,4534,4534_1,,,
sub-DSAR45M10294,6562,6562_1,,,
sub-DSAR45M10295,7389,7389_1,,,
sub-DSAR45M10296,34,34_1,sub-DSAR45M07882,0.9957,1
sub-DSAR45M10297,972,972_1,sub-DSAR45M02127,0.5849,2
sub-DSAR45M10298,6545,6545_1,,,
sub-DSAR45M10299,8170,8170_1,,,
sub-DSAR45M10300,1613,1613_1,sub-DSAR45M11472,0.5334,3
sub-DSAR45M10301,4221,4221_1,,,
sub-DSAR45M10302,8042,8042_1,,,
sub-DSAR45M10303,19,19_1,sub-DSAR45M08973,0.9959,1
sub-DSAR45M10304,1733,1733_2,sub-DSAR45M10742,0.5597,3
sub-DSAR45M10305,12,12_1,sub-DSAR45M05268,0.997,1
sub-DSAR45M10306,475,475_1,sub-DSAR45M04411,0.4002,2
sub-DSAR45M10307,388,388_1,sub-DSAR45M07555,1.0,1
sub-DSAR45M10308,5295,5295_1,,,
sub-DSAR45M10309,2001,2001_1,,,
sub-DSAR45M10310,1121,1121_1,sub-DSAR45M09091,0.5492,3
sub-DSAR45M10311,7647,7647_1,,,
sub-DSAR45M10312,9609,9609_1,,,
sub-DSAR45M10313,6981,6981_1,,,
sub-DSAR45M10314,964,964_1,sub-DSAR45M07152,0.4767,2
sub-DSAR45M10315,4307,4307_1,,,
sub-DSAR45M10316,1618,1618_1,sub-DSAR45M09437,0.5048,3
sub-DSAR45M10317,414,414_1,sub-DSAR45M03172,0.9971,1
sub-DSAR45M10318,1846,1846_1,,,
sub-DSAR45M10319,9497,9497_1,,,
sub-DSAR45M10320,1484,1484_1,sub-DSAR45M07972,0.4404,3
sub-DSAR45M10321,4850,4850_1,,,
sub-DSAR45M10322,4696,4696_1,,,
sub-DSAR45M10323,2680,2680_1,,,
sub-DSAR45M10324,4941,4941_1,,,
sub-DSAR45M10325,5874,5874_1,,,
sub-DSAR45M10326,953,953_1,sub-DSAR45M08132,0.5654,2
sub-DSAR45M10327,6314,6314_1,,,
sub-DSAR45M10328,2455,2455_1,,,
sub-DSAR45M10329,5700,5700_1,,,
sub-DSAR45M10330,5103,5103_1,,,
sub-DSAR45M10331,4788,4788_1,,,
sub-DSAR45M10332,350,350_1,sub-DSAR45M00100,0.9956,1
sub-DSAR45M10333,6539,6539_1,,,
sub-DSAR45M10334,183,183_1,sub-DSAR45M07982,0.9966,1
sub-DSAR45M10335,6920,6920_1,,,
sub-DSAR45M10336,1520,1520_2,sub-DSAR45M05443,0.4267,3
sub-DSAR45M10337,9719,9719_1,,,
sub-DSAR45M10338,8390,8390_1,,,
sub-DSAR45M10339,7695,7695_1,,,
sub-DSAR45M10340,2362,2362_1,,,
sub-DSAR45M10341,9097,9097_1,,,
sub-DSAR45M10342,1057,1057_1,sub-DSAR45M04568,0.4778,2
sub-DSAR45M10343,5634,5634_1,,,
sub-DSAR45M10344,9744,9744_1,,,
sub-DSAR45M10345,9554,9554_1,,,
sub-DSAR45M10346,7604,7604_1,,,
sub-DSAR45M10347,9283,9283_1,,,
sub-DSAR45M10348,8510,8510_1,,,
sub-DSAR45M10349,6542,6542_1,,,
sub-DSAR45M10350,8646,8646_1,,,
sub-DSAR45M10351,1275,1275_2,sub-DSAR45M04463,0.5013,3
sub-DSAR45M10352,6501,6501_1,,,
sub-DSAR45M10353,9557,9557_1,,,
sub-DSAR45M10354,1426,1426_2,sub-DSAR45M00243,0.4964,3
sub-DSAR45M10355,8244,8244_1,,,
sub-DSAR45M10356,757,757_1,sub-DSAR45M07400,0.5018,2
sub-DSAR45M10357,3444,3444_1,,,
sub-DSAR45M10358,5996,5996_1,,,
sub-DSAR45M10359,9025,9025_1,,,
sub-DSAR45M10360,26,26_1,sub-DSAR45M01672,0.9986,1
sub-DSAR45M10361,4665,4665_1,,,
sub-DSAR45M10362,5866,5866_1,,,
sub-DSAR45M10363,4839,4839_1,,,
sub-DSAR45M10364,2297,2297_1,,,
sub-DSAR45M10365,5935,5935_1,,,
sub-DSAR45M10366,888,888_1,sub-DSAR45M01794,0.5473,2
sub-DSAR45M10367,9456,9456_1,,,
sub-DSAR45M10368,6145,6145_1,,,
sub-DSAR45M10369,1739,1739_2,sub-DSAR45M07298,0.5479,3
sub-DSAR45M10370,2986,2986_1,,,
sub-DSAR45M10371,3901,3901_1,,,
sub-DSAR45M10372,9820,9820_1,,,
sub-DSAR45M10373,4199,4199_1,,,
sub-DSAR45M10374,7441,7441_1,,,
sub-DSAR45M10375,1742,1742_1,sub-DSAR45M06367,0.4669,3
sub-DSAR45M10376,1088,1088_2,sub-DSAR45M01540,0.5169,3
sub-DSAR45M10377,3768,3768_1,,,
sub-DSAR45M10378,1684,1684_1,sub-DSAR45M10978,0.517,3
sub-DSAR45M10379,849,849_1,sub-DSAR45M05794,0.5339,2
sub-DSAR45M10380,4021,4021_1,,,
sub-DSAR45M10381,7076,7076_1,,,
sub-DSAR45M10382,3117,3117_1,,,
sub-DSAR45M10383,1330,1330_1,sub-DSAR45M05129,0.4349,3
sub-DSAR45M10384,2428,2428_1,,,
sub-DSAR45M10385,2105,2105_1,,,
sub-DSAR45M10386,5849,5849_1,,,
sub-DSAR45M10387,5814,5814_1,,,
sub-DSAR45M10388,5960,5960_1,,,
sub-DSAR45M10389,504,504_1,sub-DSAR45M06476,0.5303,2
sub-DSAR45M10390,43,43_1,sub-DSAR45M07817,0.9964,1
sub-DSAR45M10391,9375,9375_1,,,
sub-DSAR45M10392,514,514_1,sub-DSAR45M06565,0.5019,2
sub-DSAR45M10393,7273,7273_1,,,
sub-DSAR45M10394,656,656_1,sub-DSAR45M06747,0.5113,2
sub-DSAR45M10395,8485,8485_1,,,
sub-DSAR45M10396,8182,8182_1,,,
sub-DSAR45M10397,2117,2117_1,,,
sub-DSAR45M10398,5995,5995_1,,,
sub-DSAR45M10399,4807,4807_1,,,
sub-DSAR45M10400,1725,1725_1,sub-DSAR45M09544,0.493,3
sub-DSAR45M10401,7593,7593_1,,,
sub-DSAR45M10402,6315,6315_1,,,
sub-DSAR45M10403,5127,5127_1,,,
sub-DSAR45M10404,8092,8092_1,,,
sub-DSAR45M10405,5557,5557_1,,,
sub-DSAR45M10406,9533,9533_1,,,
sub-DSAR45M10407,1429,1429_1,sub-DSAR45M03609,0.5233,3
sub-DSAR45M10408,560,560_1,sub-DSAR45M04340,0.5596,2
sub-DSAR45M10409,1624,1624_2,sub-DSAR45M01314,0.4429,3
sub-DSAR45M10410,2345,2345_1,,,
sub-DSAR45M10411,8010,8010_1,,,
sub-DSAR45M10412,8978,8978_1,,,
sub-DSAR45M10413,528,528_1,sub-DSAR45M04466,0.4049,2
sub-DSAR45M10414,7508,7508_1,,,
sub-DSAR45M10415,244,244_1,sub-DSAR45M08546,0.9944,1
sub-DSAR45M10416,2800,2800_1,,,
sub-DSAR45M10417,8775,8775_1,,,
sub-DSAR45M10418,6098,6098_1,,,
sub-DSAR45M10419,1845,1845_1,,,
sub-DSAR45M10420,3311,3311_1,,,
sub-DSAR45M10421,1827,1827_1,sub-DSAR45M05437,0.5222,3
sub-DSAR45M10422,5173,5173_1,,,
sub-DSAR45M10423,3446,3446_1,,,
sub-DSAR45M10424,6739,6739_1,,,
sub-DSAR45M10425,7225,7225_1,,,
sub-DSAR45M10426,9592,9592_1,,,
sub-DSAR45M10427,2039,2039_1,,,
sub-DSAR45M10428,5338,5338_1,,,
sub-DSAR45M10429,6432,6432_1,,,
sub-DSAR45M10430,9331,9331_1,,,
sub-DSAR45M10431,7612,7612_1,,,
sub-DSAR45M10432,5487,5487_1,,,
sub-DSAR45M10433,8461,8461_1,,,
sub-DSAR45M10434,6037,6037_1,,,
sub-DSAR45M10435,7688,7688_1,,,
sub-DSAR45M10436,683,683_1,sub-DSAR45M01768,0.4659,2
sub-DSAR45M10437,5387,5387_1,,,
sub-DSAR45M10438,6026,6026_1,,,
sub-DSAR45M10439,175,175_1,sub-DSAR45M10544,0.9976,1
sub-DSAR45M10440,8002,8002_1,,,
sub-DSAR45M10441,7175,7175_1,,,
sub-DSAR45M10442,4311,4311_1,,,
sub-DSAR45M10443,7279,7279_1,,,
sub-DSAR45M10444,8729,8729_1,,,
sub-DSAR45M10445,4161,4161_1,,,
sub-DSAR45M10446,8188,8188_1,,,
sub-DSAR45M10447,5445,5445_1,,,
sub-DSAR45M10448,4685,4685_1,,,
sub-DSAR45M10449,1500,1500_2,sub-DSAR45M01337,0.5664,3
sub-DSAR45M10450,4541,4541_1,,,
sub-DSAR45M10451,9120,9120_1,,,
sub-DSAR45M10452,3516,3516_1,,,
sub-DSAR45M10453,3753,3753_1,,,
sub-DSAR45M10454,4338,4338_1,,,
sub-DSAR45M10455,3900,3900_1,,,
sub-DSAR45M10456,6451,6451_1,,,
sub-DSAR45M10457,4805,4805_1,,,
sub-DSAR45M10458,2363,2363_1,,,
sub-DSAR45M10459,1378,1378_2,sub-DSAR45M03629,0.4702,3
sub-DSAR45M10460,7704,7704_1,,,
sub-DSAR45M10461,2450,2450_1,,,
sub-DSAR45M10462,4825,4825_1,,,
sub-DSAR45M10463,5171,5171_1,,,
sub-DSAR45M10464,1611,1611_2,sub-DSAR45M00028,0.4991,3
sub-DSAR45M10465,2053,2053_1,,,
sub-DSAR45M10466,8772,8772_1,,,
sub-DSAR45M10467,4231,4231_1,,,
sub-DSAR45M10468,1377,1377_2,sub-DSAR45M04219,0.4974,3
sub-DSAR45M10469,4961,4961_1,,,
sub-DSAR45M10470,4517,4517_1,,,
sub-DSAR45M10471,6205,6205_1,,,
sub-DSAR45M10472,1604,1604_2,sub-DSAR45M04480,0.4391,3
sub-DSAR45M10473,4369,4369_1,,,
sub-DSAR45M10474,3338,3338_1,,,
sub-DSAR45M10475,1632,1632_1,sub-DSAR45M01500,0.4944,3
sub-DSAR45M10476,4948,4948_1,,,
sub-DSAR45M10477,6651,6651_1,,,
sub-DSAR45M10478,7618,7618_1,,,
sub-DSAR45M10479,9604,9604_1,,,
sub-DSAR45M10480,5724,5724_1,,,
sub-DSAR45M10481,3153,3153_1,,,
sub-DSAR45M10482,28,28_1,sub-DSAR45M08732,0.9966,1
sub-DSAR45M10483,5498,5498_1,,,
sub-DSAR45M10484,8325,8325_1,,,
sub-DSAR45M10485,7963,7963_1,,,
sub-DSAR45M10486,6280,6280_1,,,
sub-DSAR45M10487,5353,5353_1,,,
sub-DSAR45M10488,1913,1913_1,,,
sub-DSAR45M10489,3712,3712_1,,,
sub-DSAR45M10490,8068,8068_1,,,
sub-DSAR45M10491,5276,5276_1,,,
sub-DSAR45M10492,793,793_1,sub-DSAR45M02619,0.5136,2
sub-DSAR45M10493,1513,1513_2,sub-DSAR45M07684,0.491,3
sub-DSAR45M10494,1181,1181_1,sub-DSAR45M10847,0.4664,3
sub-DSAR45M10495,5392,5392_1,,,
sub-DSAR45M10496,6638,6638_1,,,
sub-DSAR45M10497,2164,2164_1,,,
sub-DSAR45M10498,6518,6518_1,,,
sub-DSAR45M10499,3521,3521_1,,,
sub-DSAR45M10500,4781,4781_1,,,
sub-DSAR45M10501,6351,6351_1,,,
sub-DSAR45M10502,3013,3013_1,,,
sub-DSAR45M10503,6618,6618_1,,,
sub-DSAR45M10504,5106,5106_1,,,
sub-DSAR45M10505,1638,1638_1,sub-DSAR45M09130,0.468,3
sub-DSAR45M10506,4473,4473_1,,,
sub-DSAR45M10507,6411,6411_1,,,
sub-DSAR45M10508,7610,7610_1,,,
sub-DSAR45M10509,8063,8063_1,,,
sub-DSAR45M10510,874,874_1,sub-DSAR45M00796,0.4131,2
sub-DSAR45M10511,7335,7335_1,,,
sub-DSAR45M10512,4864,4864_1,,,
sub-DSAR45M10513,1175,1175_1,sub-DSAR45M02100,0.5617,3
sub-DSAR45M10514,1084,1084_2,sub-DSAR45M05764,0.4758,3
sub-DSAR45M10515,1207,1207_1,sub-DSAR45M00192,0.5823,3
sub-DSAR45M10516,2085,2085_1,,,
sub-DSAR45M10517,1710,1710_1,sub-DSAR45M10291,0.545,3
sub-DSAR45M10518,222,222_1,sub-DSAR45M04074,0.994,1
sub-DSAR45M10519,5254,5254_1,,,
sub-DSAR45M10520,1582,1582_1,sub-DSAR45M11423,0.4867,3
sub-DSAR45M10521,3410,3410_1,,,
sub-DSAR45M10522,4753,4753_1,,,
sub-DSAR45M10523,7822,7822_1,,,
sub-DSAR45M10524,8948,8948_1,,,
sub-DSAR45M10525,2981,2981_1,,,
sub-DSAR45M10526,4076,4076_1,,,
sub-DSAR45M10527,1699,1699_2,sub-DSAR45M07566,0.516,3
sub-DSAR45M10528,6878,6878_1,,,
sub-DSAR45M10529,3894,3894_1,,,
sub-DSAR45M10530,8655,8655_1,,,
sub-DSAR45M10531,5068,5068_1,,,
sub-DSAR45M10532,6647,6647_1,,,
sub-DSAR45M10533,646,646_1,sub-DSAR45M04339,0.4896,2
sub-DSAR45M10534,9588,9588_1,,,
sub-DSAR45M10535,6103,6103_1,,,
sub-DSAR45M10536,185,185_1,sub-DSAR45M05584,0.999,1
sub-DSAR45M10537,2911,2911_1,,,
sub-DSAR45M10538,8075,8075_1,,,
sub-DSAR45M10539,5763,5763_1,,,
sub-DSAR45M10540,530,530_1,sub-DSAR45M09782,0.5494,2
sub-DSAR45M10541,2583,2583_1,,,
sub-DSAR45M10542,2229,2229_1,,,
sub-DSAR45M10543,6416,6416_1,,,
sub-DSAR45M10544,175,175_1,sub-DSAR45M10439,0.9976,1
sub-DSAR45M10545,8761,8761_1,,,
sub-DSAR45M10546,8453,8453_1,,,
sub-DSAR45M10547,1680,1680_1,sub-DSAR45M09165,0.5618,3
sub-DSAR45M10548,173,173_1,sub-DSAR45M01442,1.0,1
sub-DSAR45M10549,6815,6815_1,,,
sub-DSAR45M10550,7133,7133_1,,,
sub-DSAR45M10551,4674,4674_1,,,
sub-DSAR45M10552,6617,6617_1,,,
sub-DSAR45M10553,2138,2138_1,,,
sub-DSAR45M10554,5618,5618_1,,,
sub-DSAR45M10555,893,893_1,sub-DSAR45M06822,0.5002,2
sub-DSAR45M10556,1145,1145_2,sub-DSAR45M07983,0.5173,3
sub-DSAR45M10557,3251,3251_1,,,
sub-DSAR45M10558,4074,4074_1,,,
sub-DSAR45M10559,5167,5167_1,,,
sub-DSAR45M10560,9068,9068_1,,,
sub-DSAR45M10561,6650,6650_1,,,
sub-DSAR45M10562,1576,1576_2,sub-DSAR45M01918,0.426,3
sub-DSAR45M10563,4208,4208_1,,,
sub-DSAR45M10564,478,478_1,sub-DSAR45M01544,0.5006,2
sub-DSAR45M10565,2226,2226_1,,,
sub-DSAR45M10566,5193,5193_1,,,
sub-DSAR45M10567,8411,8411_1,,,
sub-DSAR45M10568,5973,5973_1,,,
sub-DSAR45M10569,1076,1076_1,sub-DSAR45M00546,0.4964,3
sub-DSAR45M10570,8914,8914_1,,,
sub-DSAR45M10571,1481,1481_1,sub-DSAR45M07941,0.5152,3
sub-DSAR45M10572,5359,5359_1,,,
sub-DSAR45M10573,8525,8525_1,,,
sub-DSAR45M10574,1558,1558_2,sub-DSAR45M03253,0.4383,3
sub-DSAR45M10575,4853,4853_1,,,
sub-DSAR45M10576,1362,1362_1,sub-DSAR45M04542,0.5053,3
sub-DSAR45M10577,7002,7002_1,,,
sub-DSAR45M10578,870,870_1,sub-DSAR45M00937,0.4619,2
sub-DSAR45M10579,3976,3976_1,,,
sub-DSAR45M10580,2332,2332_1,,,
sub-DSAR45M10581,8519,8519_1,,,
sub-DSAR45M10582,2909,2909_1,,,
sub-DSAR45M10583,335,335_1,sub-DSAR45M02172,0.9988,1
sub-DSAR45M10584,5606,5606_1,,,
sub-DSAR45M10585,4156,4156_1,,,
sub-DSAR45M10586,1874,1874_1,,,
sub-DSAR45M10587,654,654_1,sub-DSAR45M11470,0.4382,2
sub-DSAR45M10588,7674,7674_1,,,
sub-DSAR45M10589,685,685_1,sub-DSAR45M01032,0.4585,2
sub-DSAR45M10590,6962,6962_1,,,
sub-DSAR45M10591,6515,6515_1,,,
sub-DSAR45M10592,541,541_1,sub-DSAR45M08488,0.5259,2
sub-DSAR45M10593,1353,1353_2,sub-DSAR45M04513,0.5425,3
sub-DSAR45M10594,7019,7019_1,,,
sub-DSAR45M10595,8648,8648_1,,,
sub-DSAR45M10596,450,450_1,sub-DSAR45M01518,0.4765,2
sub-DSAR45M10597,6891,6891_1,,,
sub-DSAR45M10598,344,344_1,sub-DSAR45M09351,0.9996,1
sub-DSAR45M10599,8758,8758_1,,,
sub-DSAR45M10600,7226,7226_1,,,
sub-DSAR45M10601,6372,6372_1,,,
sub-DSAR45M10602,7626,7626_1,,,
sub-DSAR45M10603,4723,4723_1,,,
sub-DSAR45M10604,4353,4353_1,,,
sub-DSAR45M10605,7358,7358_1,,,
sub-DSAR45M10606,711,711_1,sub-DSAR45M02940,0.5284,2
sub-DSAR45M10607,7079,7079_1,,,
sub-DSAR45M10608,423,423_1,sub-DSAR45M05362,0.4895,2
sub-DSAR45M10609,9793,9793_1,,,
sub-DSAR45M10610,141,141_1,sub-DSAR45M08545,0.997,1
sub-DSAR45M10611,8533,8533_1,,,
sub-DSAR45M10612,1764,1764_1,sub-DSAR45M09501,0.4716,3
sub-DSAR45M10613,6971,6971_1,,,
sub-DSAR45M10614,3131,3131_1,,,
sub-DSAR45M10615,6171,6171_1,,,
sub-DSAR45M10616,6660,6660_1,,,
sub-DSAR45M10617,8082,8082_1,,,
sub-DSAR45M10618,2696,2696_1,,,
sub-DSAR45M10619,3059,3059_1,,,
sub-DSAR45M10620,2015,2015_1,,,
sub-DSAR45M10621,135,135_1,sub-DSAR45M07687,0.9962,1
sub-DSAR45M10622,1450,1450_1,sub-DSAR45M08921,0.4888,3
sub-DSAR45M10623,5038,5038_1,,,
sub-DSAR45M10624,4039,4039_1,,,
sub-DSAR45M10625,8201,8201_1,,,
sub-DSAR45M10626,1012,1012_1,sub-DSAR45M03563,0.4969,2
sub-DSAR45M10627,9771,9771_1,,,
sub-DSAR45M10628,5351,5351_1,,,
sub-DSAR45M10629,1262,1262_1,sub-DSAR45M11545,0.4644,3
sub-DSAR45M10630,9638,9638_1,,,
sub-DSAR45M10631,5600,5600_1,,,
sub-DSAR45M10632,6361,6361_1,,,
sub-DSAR45M10633,1978,1978_1,,,
sub-DSAR45M10634,7737,7737_1,,,
sub-DSAR45M10635,9290,9290_1,,,
sub-DSAR45M10636,499,499_1,sub-DSAR45M07757,0.5465,2
sub-DSAR45M10637,8771,8771_1,,,
sub-DSAR45M10638,56,56_1,sub-DSAR45M11098,0.9943,1
sub-DSAR45M10639,483,483_1,sub-DSAR45M06369,0.5575,2
sub-DSAR45M10640,819,819_1,sub-DSAR45M11151,0.4898,2
sub-DSAR45M10641,4140,4140_1,,,
sub-DSAR45M10642,668,668_1,sub-DSAR45M10858,0.5468,2
sub-DSAR45M10643,5160,5160_1,,,
sub-DSAR45M10644,128,128_1,sub-DSAR45M09373,0.9994,1
sub-DSAR45M10645,1114,1114_1,sub-DSAR45M05232,0.4669,3
sub-DSAR45M10646,4777,4777_1,,,
sub-DSAR45M10647,9319,9319_1,,,
sub-DSAR45M10648,9564,9564_1,,,
sub-DSAR45M10649,3642,3642_1,,,
sub-DSAR45M10650,1721,1721_1,sub-DSAR45M03996,0.4643,3
sub-DSAR45M10651,1505,1505_1,sub-DSAR45M00333,0.4932,3
sub-DSAR45M10652,1867,1867_1,,,
sub-DSAR45M10653,8673,8673_1,,,
sub-DSAR45M10654,5164,5164_1,,,
sub-DSAR45M10655,4910,4910_1,,,
sub-DSAR45M10656,2502,2502_1,,,
sub-DSAR45M10657,1395,1395_1,sub-DSAR45M00033,0.5299,3
sub-DSAR45M10658,2307,2307_1,,,
sub-DSAR45M10659,2339,2339_1,,,
sub-DSAR45M10660,6895,6895_1,,,
sub-DSAR45M10661,8629,8629_1,,,
sub-DSAR45M10662,5242,5242_1,,,
sub-DSAR45M10663,1328,1328_1,sub-DSAR45M00947,0.5173,3
sub-DSAR45M10664,8896,8896_1,,,
sub-DSAR45M10665,4733,4733_1,,,
sub-DSAR45M10666,6181,6181_1,,,
sub-DSAR45M10667,6716,6716_1,,,
sub-DSAR45M10668,3629,3629_1,,,
sub-DSAR45M10669,1027,1027_1,sub-DSAR45M03954,0.544,2
sub-DSAR45M10670,7634,7634_1,,,
sub-DSAR45M10671,7700,7700_1,,,
sub-DSAR45M10672,6239,6239_1,,,
sub-DSAR45M10673,1295,1295_2,sub-DSAR45M00020,0.5984,3
sub-DSAR45M10674,2850,2850_1,,,
sub-DSAR45M10675,429,429_1,sub-DSAR45M11020,0.6426,2
sub-DSAR45M10676,1814,1814_1,sub-DSAR45M10273,0.5183,3
sub-DSAR45M10677,2436,2436_1,,,
sub-DSAR45M10678,2154,2154_1,,,
sub-DSAR45M10679,5472,5472_1,,,
sub-DSAR45M10680,3548,3548_1,,,
sub-DSAR45M10681,4070,4070_1,,,
sub-DSAR45M10682,1035,1035_1,sub-DSAR45M01836,0.5992,2
sub-DSAR45M10683,493,493_1,sub-DSAR45M03495,0.5115,2
sub-DSAR45M10684,8660,8660_1,,,
sub-DSAR45M10685,1167,1167_1,sub-DSAR45M04300,0.4628,3
sub-DSAR45M10686,5088,5088_1,,,
sub-DSAR45M10687,3959,3959_1,,,
sub-DSAR45M10688,6255,6255_1,,,
sub-DSAR45M10689,2577,2577_1,,,
sub-DSAR45M10690,1700,1700_1,sub-DSAR45M06101,0.477,3
sub-DSAR45M10691,1819,1819_1,sub-DSAR45M03522,0.5221,3
sub-DSAR45M10692,8196,8196_1,,,
sub-DSAR45M10693,3373,3373_1,,,
sub-DSAR45M10694,276,276_1,sub-DSAR45M11497,0.9958,1
sub-DSAR45M10695,9454,9454_1,,,
sub-DSAR45M10696,5111,5111_1,,,
sub-DSAR45M10697,6202,6202_1,,,
sub-DSAR45M10698,4921,4921_1,,,
sub-DSAR45M10699,9655,9655_1,,,
sub-DSAR45M10700,4091,4091_1,,,
sub-DSAR45M10701,3975,3975_1,,,
sub-DSAR45M10702,131,131_1,sub-DSAR45M02746,0.9971,1
sub-DSAR45M10703,2952,2952_1,,,
sub-DSAR45M10704,5024,5024_1,,,
sub-DSAR45M10705,7137,7137_1,,,
sub-DSAR45M10706,1668,1668_2,sub-DSAR45M11598,0.4187,3
sub-DSAR45M10707,735,735_1,sub-DSAR45M09303,0.3924,2
sub-DSAR45M10708,7071,7071_1,,,
sub-DSAR45M10709,8869,8869_1,,,
sub-DSAR45M10710,9029,9029_1,,,
sub-DSAR45M10711,74,74_1,sub-DSAR45M09493,0.9974,1
sub-DSAR45M10712,771,771_1,sub-DSAR45M05411,0.4605,2
sub-DSAR45M10713,4357,4357_1,,,
sub-DSAR45M10714,4116,4116_1,,,
sub-DSAR45M10715,3866,3866_1,,,
sub-DSAR45M10716,1744,1744_2,sub-DSAR45M03947,0.5426,3
sub-DSAR45M10717,8960,8960_1,,,
sub-DSAR45M10718,7066,7066_1,,,
sub-DSAR45M10719,3337,3337_1,,,
sub-DSAR45M10720,304,304_1,sub-DSAR45M03344,0.9967,1
sub-DSAR45M10721,4943,4943_1,,,
sub-DSAR45M10722,210,210_1,sub-DSAR45M11199,1.0,1
sub-DSAR45M10723,7982,7982_1,,,
sub-DSAR45M10724,7856,7856_1,,,
sub-DSAR45M10725,3350,3350_1,,,
sub-DSAR45M10726,387,387_1,sub-DSAR45M08414,0.9987,1
sub-DSAR45M10727,7744,7744_1,,,
sub-DSAR45M10728,8112,8112_1,,,
sub-DSAR45M10729,8101,8101_1,,,
sub-DSAR45M10730,2562,2562_1,,,
sub-DSAR45M10731,5381,5381_1,,,
sub-DSAR45M10732,2096,2096_1,,,
sub-DSAR45M10733,1153,1153_1,sub-DSAR45M05734,0.4415,3
sub-DSAR45M10734,1269,1269_1,sub-DSAR45M00321,0.5306,3
sub-DSAR45M10735,9045,9045_1,,,
sub-DSAR45M10736,3766,3766_1,,,
sub-DSAR45M10737,3540,3540_1,,,
sub-DSAR45M10738,347,347_1,sub-DSAR45M04174,1.0,1
sub-DSAR45M10739,4174,4174_1,,,
sub-DSAR45M10740,257,257_1,sub-DSAR45M02681,0.9978,1
sub-DSAR45M10741,2107,2107_1,,,
sub-DSAR45M10742,1733,1733_1,sub-DSAR45M10304,0.5597,3
sub-DSAR45M10743,6919,6919_1,,,
sub-DSAR45M10744,7144,7144_1,,,
sub-DSAR45M10745,7498,7498_1,,,
sub-DSAR45M10746,1772,1772_2,sub-DSAR45M01354,0.4542,3
sub-DSAR45M10747,4389,4389_1,,,
sub-DSAR45M10748,1184,1184_1,sub-DSAR45M08884,0.5852,3
sub-DSAR45M10749,3873,3873_1,,,
sub-DSAR45M10750,7719,7719_1,,,
sub-DSAR45M10751,8269,8269_1,,,
sub-DSAR45M10752,549,549_1,sub-DSAR45M07781,0.4312,2
sub-DSAR45M10753,9006,9006_1,,,
sub-DSAR45M10754,8738,8738_1,,,
sub-DSAR45M10755,151,151_1,sub-DSAR45M11539,0.9979,1
sub-DSAR45M10756,832,832_1,sub-DSAR45M06483,0.509,2
sub-DSAR45M10757,6999,6999_1,,,
sub-DSAR45M10758,9723,9723_1,,,
sub-DSAR45M10759,642,642_1,sub-DSAR45M01767,0.4057,2
sub-DSAR45M10760,7149,7149_1,,,
sub-DSAR45M10761,785,785_1,sub-DSAR45M05657,0.5594,2
sub-DSAR45M10762,436,436_1,sub-DSAR45M03999,0.5561,2
sub-DSAR45M10763,1623,1623_2,sub-DSAR45M00131,0.5392,3
sub-DSAR45M10764,6532,6532_1,,,
sub-DSAR45M10765,6781,6781_1,,,
sub-DSAR45M10766,8585,8585_1,,,
sub-DSAR45M10767,5042,5042_1,,,
sub-DSAR45M10768,50,50_1,sub-DSAR45M10815,0.9949,1
sub-DSAR45M10769,1136,1136_2,sub-DSAR45M01259,0.5185,3
sub-DSAR45M10770,136,136_1,sub-DSAR45M03876,0.9956,1
sub-DSAR45M10771,2569,2569_1,,,
sub-DSAR45M10772,241,241_1,sub-DSAR45M05885,0.9967,1
sub-DSAR45M10773,3919,3919_1,,,
sub-DSAR45M10774,782,782_1,sub-DSAR45M05496,0.4902,2
sub-DSAR45M10775,7940,7940_1,,,
sub-DSAR45M10776,7325,7325_1,,,
sub-DSAR45M10777,1857,1857_1,,,
sub-DSAR45M10778,179,179_1,sub-DSAR45M07656,0.9968,1
sub-DSAR45M10779,6076,6076_1,,,
sub-DSAR45M10780,1523,1523_2,sub-DSAR45M08989,0.5117,3
sub-DSAR45M10781,2989,2989_1,,,
sub-DSAR45M10782,2183,2183_1,,,
sub-DSAR45M10783,1007,1007_1,sub-DSAR45M02528,0.5122,2
sub-DSAR45M10784,438,438_1,sub-DSAR45M01089,0.5029,2
sub-DSAR45M10785,5613,5613_1,,,
sub-DSAR45M10786,9032,9032_1,,,
sub-DSAR45M10787,1458,1458_2,sub-DSAR45M07308,0.5189,3
sub-DSAR45M10788,4608,4608_1,,,
sub-DSAR45M10789,9697,9697_1,,,
sub-DSAR45M10790,8033,8033_1,,,
sub-DSAR45M10791,6400,6400_1,,,
sub-DSAR45M10792,95,95_1,sub-DSAR45M10235,1.0,1
sub-DSAR45M10793,2314,2314_1,,,
sub-DSAR45M10794,2227,2227_1,,,
sub-DSAR45M10795,1651,1651_2,sub-DSAR45M04567,0.5353,3
sub-DSAR45M10796,981,981_1,sub-DSAR45M08152,0.4873,2
sub-DSAR45M10797,8039,8039_1,,,
sub-DSAR45M10798,2977,2977_1,,,
sub-DSAR45M10799,1236,1236_1,sub-DSAR45M06243,0.5264,3
sub-DSAR45M10800,399,399_1,sub-DSAR45M01915,1.0,1
sub-DSAR45M10801,5678,5678_1,,,
sub-DSAR45M10802,8662,8662_1,,,
sub-DSAR45M10803,7181,7181_1,,,
sub-DSAR45M10804,599,599_1,sub-DSAR45M10903,0.4331,2
sub-DSAR45M10805,778,778_1,sub-DSAR45M09129,0.463,2
sub-DSAR45M10806,4352,4352_1,,,
sub-DSAR45M10807,5117,5117_1,,,
sub-DSAR45M10808,3928,3928_1,,,
sub-DSAR45M10809,7377,7377_1,,,
sub-DSAR45M10810,1461,1461_2,sub-DSAR45M07849,0.5713,3
sub-DSAR45M10811,2837,2837_1,,,
sub-DSAR45M10812,6886,6886_1,,,
sub-DSAR45M10813,6349,6349_1,,,
sub-DSAR45M10814,727,727_1,sub-DSAR45M08236,0.5403,2
sub-DSAR45M10815,50,50_1,sub-DSAR45M10768,0.9949,1
sub-DSAR45M10816,4441,4441_1,,,
sub-DSAR45M10817,1159,1159_2,sub-DSAR45M05920,0.5263,3
sub-DSAR45M10818,8180,8180_1,,,
sub-DSAR45M10819,2845,2845_1,,,
sub-DSAR45M10820,9213,9213_1,,,
sub-DSAR45M10821,3427,3427_1,,,
sub-DSAR45M10822,6851,6851_1,,,
sub-DSAR45M10823,5191,5191_1,,,
sub-DSAR45M10824,279,279_1,sub-DSAR45M07814,0.9957,1
sub-DSAR45M10825,3797,3797_1,,,
sub-DSAR45M10826,2218,2218_1,,,
sub-DSAR45M10827,7903,7903_1,,,
sub-DSAR45M10828,4226,4226_1,,,
sub-DSAR45M10829,8897,8897_1,,,
sub-DSAR45M10830,9455,9455_1,,,
sub-DSAR45M10831,1855,1855_1,,,
sub-DSAR45M10832,327,327_1,sub-DSAR45M06334,0.9989,1
sub-DSAR45M10833,7351,7351_1,,,
sub-DSAR45M10834,1546,1546_2,sub-DSAR45M03503,0.5593,3
sub-DSAR45M10835,1490,1490_2,sub-DSAR45M00357,0.4804,3
sub-DSAR45M10836,8302,8302_1,,,
sub-DSAR45M10837,3929,3929_1,,,
sub-DSAR45M10838,1039,1039_1,sub-DSAR45M10127,0.4721,2
sub-DSAR45M10839,4891,4891_1,,,
sub-DSAR45M10840,7914,7914_1,,,
sub-DSAR45M10841,1719,1719_1,sub-DSAR45M03491,0.511,3
sub-DSAR45M10842,4810,4810_1,,,
sub-DSAR45M10843,6598,6598_1,,,
sub-DSAR45M10844,5596,5596_1,,,
sub-DSAR45M10845,142,142_1,sub-DSAR45M01960,0.9964,1
sub-DSAR45M10846,7603,7603_1,,,
sub-DSAR45M10847,1181,1181_2,sub-DSAR45M10494,0.4664,3
sub-DSAR45M10848,9390,9390_1,,,
sub-DSAR45M10849,5923,5923_1,,,
sub-DSAR45M10850,447,447_1,sub-DSAR45M06523,0.4967,2
sub-DSAR45M10851,3222,3222_1,,,
sub-DSAR45M10852,2694,2694_1,,,
sub-DSAR45M10853,6523,6523_1,,,
sub-DSAR45M10854,162,162_1,sub-DSAR45M02098,0.9983,1
sub-DSAR45M10855,8740,8740_1,,,
sub-DSAR45M10856,881,881_1,sub-DSAR45M01662,0.514,2
sub-DSAR45M10857,3636,3636_1,,,
sub-DSAR45M10858,668,668_1,sub-DSAR45M10642,0.5468,2
sub-DSAR45M10859,9822,9822_1,,,
sub-DSAR45M10860,1860,1860_1,,,
sub-DSAR45M10861,4916,4916_1,,,
sub-DSAR45M10862,7291,7291_1,,,
sub-DSAR45M10863,8608,8608_1,,,
sub-DSAR45M10864,3049,3049_1,,,
sub-DSAR45M10865,798,798_1,sub-DSAR45M02259,0.4293,2
sub-DSAR45M10866,1886,1886_1,,,
sub-DSAR45M10867,5355,5355_1,,,
sub-DSAR45M10868,1130,1130_2,sub-DSAR45M08113,0.4947,3
sub-DSAR45M10869,3336,3336_1,,,
sub-DSAR45M10870,9467,9467_1,,,
sub-DSAR45M10871,2927,2927_1,,,
sub-DSAR45M10872,7796,7796_1,,,
sub-DSAR45M10873,8463,8463_1,,,
sub-DSAR45M10874,7667,7667_1,,,
sub-DSAR45M10875,1690,1690_1,sub-DSAR45M06858,0.4845,3
sub-DSAR45M10876,5375,5375_1,,,
sub-DSAR45M10877,1376,1376_2,sub-DSAR45M06718,0.5443,3
sub-DSAR45M10878,7758,7758_1,,,
sub-DSAR45M10879,5807,5807_1,,,
sub-DSAR45M10880,3545,3545_1,,,
sub-DSAR45M10881,259,259_1,sub-DSAR45M07965,1.0,1
sub-DSAR45M10882,8026,8026_1,,,
sub-DSAR45M10883,4666,4666_1,,,
sub-DSAR45M10884,6356,6356_1,,,
sub-DSAR45M10885,2918,2918_1,,,
sub-DSAR45M10886,7571,7571_1,,,
sub-DSAR45M10887,1005,1005_1,sub-DSAR45M07083,0.5213,2
sub-DSAR45M10888,8243,8243_1,,,
sub-DSAR45M10889,1799,1799_1,sub-DSAR45M11173,0.4651,3
sub-DSAR45M10890,8877,8877_1,,,
sub-DSAR45M10891,5439,5439_1,,,
sub-DSAR45M10892,5643,5643_1,,,
sub-DSAR45M10893,5906,5906_1,,,
sub-DSAR45M10894,1669,1669_2,sub-DSAR45M07110,0.4428,3
sub-DSAR45M10895,5566,5566_1,,,
sub-DSAR45M10896,4692,4692_1,,,
sub-DSAR45M10897,8062,8062_1,,,
sub-DSAR45M10898,4293,4293_1,,,
sub-DSAR45M10899,5020,5020_1,,,
sub-DSAR45M10900,5201,5201_1,,,
sub-DSAR45M10901,3389,3389_1,,,
sub-DSAR45M10902,8593,8593_1,,,
sub-DSAR45M10903,599,599_1,sub-DSAR45M10804,0.4331,2
sub-DSAR45M10904,1286,1286_1,sub-DSAR45M05932,0.3927,3
sub-DSAR45M10905,1384,1384_1,sub-DSAR45M03276,0.5746,3
sub-DSAR45M10906,9821,9821_1,,,
sub-DSAR45M10907,5762,5762_1,,,
sub-DSAR45M10908,6489,6489_1,,,
sub-DSAR45M10909,3227,3227_1,,,
sub-DSAR45M10910,9667,9667_1,,,
sub-DSAR45M10911,6474,6474_1,,,
sub-DSAR45M10912,871,871_1,sub-DSAR45M07929,0.4781,2
sub-DSAR45M10913,1510,1510_1,sub-DSAR45M08192,0.4359,3
sub-DSAR45M10914,7063,7063_1,,,
sub-DSAR45M10915,2137,2137_1,,,
sub-DSAR45M10916,5155,5155_1,,,
sub-DSAR45M10917,4644,4644_1,,,
sub-DSAR45M10918,1834,1834_1,sub-DSAR45M02396,0.5003,3
sub-DSAR45M10919,1483,1483_1,sub-DSAR45M11255,0.4781,3
sub-DSAR45M10920,7755,7755_1,,,
sub-DSAR45M10921,7993,7993_1,,,
sub-DSAR45M10922,1574,1574_1,sub-DSAR45M03036,0.443,3
sub-DSAR45M10923,6787,6787_1,,,
sub-DSAR45M10924,8481,8481_1,,,
sub-DSAR45M10925,1911,1911_1,,,
sub-DSAR45M10926,9145,9145_1,,,
sub-DSAR45M10927,2280,2280_1,,,
sub-DSAR45M10928,1203,1203_2,sub-DSAR45M00283,0.3976,3
sub-DSAR45M10929,8120,8120_1,,,
sub-DSAR45M10930,2289,2289_1,,,
sub-DSAR45M10931,6061,6061_1,,,
sub-DSAR45M10932,4179,4179_1,,,
sub-DSAR45M10933,854,854_1,sub-DSAR45M03056,0.4837,2
sub-DSAR45M10934,5992,5992_1,,,
sub-DSAR45M10935,8424,8424_1,,,
sub-DSAR45M10936,2506,2506_1,,,
sub-DSAR45M10937,826,826_1,sub-DSAR45M06994,0.4899,2
sub-DSAR45M10938,3396,3396_1,,,
sub-DSAR45M10939,1616,1616_2,sub-DSAR45M11130,0.4829,3
sub-DSAR45M10940,468,468_1,sub-DSAR45M08754,0.5099,2
sub-DSAR45M10941,2698,2698_1,,,
sub-DSAR45M10942,7623,7623_1,,,
sub-DSAR45M10943,1495,1495_2,sub-DSAR45M07809,0.5576,3
sub-DSAR45M10944,2417,2417_1,,,
sub-DSAR45M10945,5558,5558_1,,,
sub-DSAR45M10946,187,187_1,sub-DSAR45M07011,0.9947,1
sub-DSAR45M10947,1163,1163_2,sub-DSAR45M04456,0.5464,3
sub-DSAR45M10948,4063,4063_1,,,
sub-DSAR45M10949,1089,1089_1,sub-DSAR45M03395,0.4595,3
sub-DSAR45M10950,496,496_1,sub-DSAR45M08810,0.4103,2
sub-DSAR45M10951,1548,1548_2,sub-DSAR45M07943,0.4497,3
sub-DSAR45M10952,6964,6964_1,,,
sub-DSAR45M10953,2018,2018_1,,,
sub-DSAR45M10954,9786,9786_1,,,
sub-DSAR45M10955,7813,7813_1,,,
sub-DSAR45M10956,721,721_1,sub-DSAR45M09894,0.4578,2
sub-DSAR45M10957,842,842_1,sub-DSAR45M08850,0.4411,2
sub-DSAR45M10958,5376,5376_1,,,
sub-DSAR45M10959,1352,1352_2,sub-DSAR45M02685,0.5256,3
sub-DSAR45M10960,933,933_1,sub-DSAR45M03427,0.395,2
sub-DSAR45M10961,9591,9591_1,,,
sub-DSAR45M10962,6040,6040_1,,,
sub-DSAR45M10963,8899,8899_1,,,
sub-DSAR45M10964,3205,3205_1,,,
sub-DSAR45M10965,101,101_1,sub-DSAR45M02604,0.9973,1
sub-DSAR45M10966,4929,4929_1,,,
sub-DSAR45M10967,8478,8478_1,,,
sub-DSAR45M10968,308,308_1,sub-DSAR45M10284,0.9983,1
sub-DSAR45M10969,1689,1689_2,sub-DSAR45M02293,0.5452,3
sub-DSAR45M10970,8299,8299_1,,,
sub-DSAR45M10971,8616,8616_1,,,
sub-DSAR45M10972,1940,1940_1,,,
sub-DSAR45M10973,5891,5891_1,,,
sub-DSAR45M10974,4509,4509_1,,,
sub-DSAR45M10975,5279,5279_1,,,
sub-DSAR45M10976,6887,6887_1,,,
sub-DSAR45M10977,1281,1281_2,sub-DSAR45M08103,0.4412,3
sub-DSAR45M10978,1684,1684_2,sub-DSAR45M10378,0.517,3
sub-DSAR45M10979,3399,3399_1,,,
sub-DSAR45M10980,6391,6391_1,,,
sub-DSAR45M10981,959,959_1,sub-DSAR45M03689,0.4843,2
sub-DSAR45M10982,813,813_1,sub-DSAR45M03518,0.4998,2
sub-DSAR45M10983,190,190_1,sub-DSAR45M00360,0.9926,1
sub-DSAR45M10984,5579,5579_1,,,
sub-DSAR45M10985,9818,9818_1,,,
sub-DSAR45M10986,9001,9001_1,,,
sub-DSAR45M10987,6641,6641_1,,,
sub-DSAR45M10988,420,420_1,sub-DSAR45M00490,0.4382,2
sub-DSAR45M10989,460,460_1,sub-DSAR45M05554,0.543,2
sub-DSAR45M10990,3208,3208_1,,,
sub-DSAR45M10991,9716,9716_1,,,
sub-DSAR45M10992,9780,9780_1,,,
sub-DSAR45M10993,1126,1126_2,sub-DSAR45M05123,0.5374,3
sub-DSAR45M10994,366,366_1,sub-DSAR45M05544,0.9956,1
sub-DSAR45M10995,924,924_1,sub-DSAR45M04142,0.5131,2
sub-DSAR45M10996,8089,8089_1,,,
sub-DSAR45M10997,2861,2861_1,,,
sub-DSAR45M10998,7223,7223_1,,,
sub-DSAR45M10999,3623,3623_1,,,
sub-DSAR45M11000,1149,1149_1,sub-DSAR45M06052,0.5302,3
sub-DSAR45M11001,7055,7055_1,,,
sub-DSAR45M11002,1801,1801_2,sub-DSAR45M04336,0.5776,3
sub-DSAR45M11003,452,452_1,sub-DSAR45M02245,0.4921,2
sub-DSAR45M11004,5927,5927_1,,,
sub-DSAR45M11005,7299,7299_1,,,
sub-DSAR45M11006,3541,3541_1,,,
sub-DSAR45M11007,9681,9681_1,,,
sub-DSAR45M11008,5218,5218_1,,,
sub-DSAR45M11009,1761,1761_2,sub-DSAR45M08991,0.4337,3
sub-DSAR45M11010,5583,5583_1,,,
sub-DSAR45M11011,2241,2241_1,,,
sub-DSAR45M11012,8563,8563_1,,,
sub-DSAR45M11013,9459,9459_1,,,
sub-DSAR45M11014,8279,8279_1,,,
sub-DSAR45M11015,7014,7014_1,,,
sub-DSAR45M11016,3634,3634_1,,,
sub-DSAR45M11017,7588,7588_1,,,
sub-DSAR45M11018,3193,3193_1,,,
sub-DSAR45M11019,8576,8576_1,,,
sub-DSAR45M11020,429,429_1,sub-DSAR45M10675,0.6426,2
sub-DSAR45M11021,9224,9224_1,,,
sub-DSAR45M11022,3907,3907_1,,,
sub-DSAR45M11023,2274,2274_1,,,
sub-DSAR45M11024,9337,9337_1,,,
sub-DSAR45M11025,8724,8724_1,,,
sub-DSAR45M11026,6062,6062_1,,,
sub-DSAR45M11027,8181,8181_1,,,
sub-DSAR45M11028,427,427_1,sub-DSAR45M03874,0.6108,2
sub-DSAR45M11029,9555,9555_1,,,
sub-DSAR45M11030,595,595_1,sub-DSAR45M03132,0.581,2
sub-DSAR45M11031,2461,2461_1,,,
sub-DSAR45M11032,9748,9748_1,,,
sub-DSAR45M11033,7546,7546_1,,,
sub-DSAR45M11034,7369,7369_1,,,
sub-DSAR45M11035,133,133_1,sub-DSAR45M10167,0.999,1
sub-DSAR45M11036,8492,8492_1,,,
sub-DSAR45M11037,6271,6271_1,,,
sub-DSAR45M11038,1305,1305_2,sub-DSAR45M00129,0.4409,3
sub-DSAR45M11039,6830,6830_1,,,
sub-DSAR45M11040,9193,9193_1,,,
sub-DSAR45M11041,143,143_1,sub-DSAR45M00799,0.9968,1
sub-DSAR45M11042,4955,4955_1,,,
sub-DSAR45M11043,3039,3039_1,,,
sub-DSAR45M11044,7408,7408_1,,,
sub-DSAR45M11045,6516,6516_1,,,
sub-DSAR45M11046,6429,6429_1,,,
sub-DSAR45M11047,431,431_1,sub-DSAR45M04433,0.5036,2
sub-DSAR45M11048,5985,5985_1,,,
sub-DSAR45M11049,8647,8647_1,,,
sub-DSAR45M11050,6806,6806_1,,,
sub-DSAR45M11051,3239,3239_1,,,
sub-DSAR45M11052,6327,6327_1,,,
sub-DSAR45M11053,7343,7343_1,,,
sub-DSAR45M11054,7135,7135_1,,,
sub-DSAR45M11055,235,235_1,sub-DSAR45M06296,1.0,1
sub-DSAR45M11056,1762,1762_2,sub-DSAR45M11165,0.4745,3
sub-DSAR45M11057,3578,3578_1,,,
sub-DSAR45M11058,5801,5801_1,,,
sub-DSAR45M11059,1617,1617_2,sub-DSAR45M09909,0.4945,3
sub-DSAR45M11060,9030,9030_1,,,
sub-DSAR45M11061,309,309_1,sub-DSAR45M07834,0.9979,1
sub-DSAR45M11062,9518,9518_1,,,
sub-DSAR45M11063,7919,7919_1,,,
sub-DSAR45M11064,713,713_1,sub-DSAR45M03586,0.4404,2
sub-DSAR45M11065,5571,5571_1,,,
sub-DSAR45M11066,731,731_1,sub-DSAR45M02209,0.483,2
sub-DSAR45M11067,8962,8962_1,,,
sub-DSAR45M11068,4860,4860_1,,,
sub-DSAR45M11069,2381,2381_1,,,
sub-DSAR45M11070,559,559_1,sub-DSAR45M06180,0.4206,2
sub-DSAR45M11071,1770,1770_1,sub-DSAR45M00575,0.4585,3
sub-DSAR45M11072,8582,8582_1,,,
sub-DSAR45M11073,8890,8890_1,,,
sub-DSAR45M11074,1493,1493_2,sub-DSAR45M10133,0.5019,3
sub-DSAR45M11075,4557,4557_1,,,
sub-DSAR45M11076,561,561_1,sub-DSAR45M08068,0.5321,2
sub-DSAR45M11077,1837,1837_1,,,
sub-DSAR45M11078,9494,9494_1,,,
sub-DSAR45M11079,4391,4391_1,,,
sub-DSAR45M11080,7955,7955_1,,,
sub-DSAR45M11081,1648,1648_1,sub-DSAR45M09705,0.578,3
sub-DSAR45M11082,766,766_1,sub-DSAR45M06833,0.5323,2
sub-DSAR45M11083,7716,7716_1,,,
sub-DSAR45M11084,689,689_1,sub-DSAR45M05458,0.4563,2
sub-DSAR45M11085,1267,1267_1,sub-DSAR45M01530,0.523,3
sub-DSAR45M11086,9179,9179_1,,,
sub-DSAR45M11087,7155,7155_1,,,
sub-DSAR45M11088,7557,7557_1,,,
sub-DSAR45M11089,226,226_1,sub-DSAR45M11342,0.9959,1
sub-DSAR45M11090,1654,1654_2,sub-DSAR45M10136,0.5759,3
sub-DSAR45M11091,7004,7004_1,,,
sub-DSAR45M11092,2019,2019_1,,,
sub-DSAR45M11093,140,140_1,sub-DSAR45M00672,0.9977,1
sub-DSAR45M11094,39,39_1,sub-DSAR45M05719,0.9961,1
sub-DSAR45M11095,1600,1600_2,sub-DSAR45M11665,0.4331,3
sub-DSAR45M11096,1260,1260_2,sub-DSAR45M00142,0.4986,3
sub-DSAR45M11097,2368,2368_1,,,
sub-DSAR45M11098,56,56_1,sub-DSAR45M10638,0.9943,1
sub-DSAR45M11099,7996,7996_1,,,
sub-DSAR45M11100,507,507_1,sub-DSAR45M07924,0.5543,2
sub-DSAR45M11101,5385,5385_1,,,
sub-DSAR45M11102,384,384_1,sub-DSAR45M02130,1.0,1
sub-DSAR45M11103,6285,6285_1,,,
sub-DSAR45M11104,5595,5595_1,,,
sub-DSAR45M11105,9653,9653_1,,,
sub-DSAR45M11106,8444,8444_1,,,
sub-DSAR45M11107,9576,9576_1,,,
sub-DSAR45M11108,2674,2674_1,,,
sub-DSAR45M11109,4938,4938_1,,,
sub-DSAR45M11110,2921,2921_1,,,
sub-DSAR45M11111,3845,3845_1,,,
sub-DSAR45M11112,383,383_1,sub-DSAR45M00286,1.0,1
sub-DSAR45M11113,8691,8691_1,,,
sub-DSAR45M11114,9507,9507_1,,,
sub-DSAR45M11115,6914,6914_1,,,
sub-DSAR45M11116,4994,4994_1,,,
sub-DSAR45M11117,9282,9282_1,,,
sub-DSAR45M11118,1271,1271_1,sub-DSAR45M05041,0.5153,3
sub-DSAR45M11119,4431,4431_1,,,
sub-DSAR45M11120,7485,7485_1,,,
sub-DSAR45M11121,6789,6789_1,,,
sub-DSAR45M11122,9373,9373_1,,,
sub-DSAR45M11123,7830,7830_1,,,
sub-DSAR45M11124,4511,4511_1,,,
sub-DSAR45M11125,3309,3309_1,,,
sub-DSAR45M11126,3124,3124_1,,,
sub-DSAR45M11127,9630,9630_1,,,
sub-DSAR45M11128,9057,9057_1,,,
sub-DSAR45M11129,6470,6470_1,,,
sub-DSAR45M11130,1616,1616_1,sub-DSAR45M10939,0.4829,3
sub-DSAR45M11131,3525,3525_1,,,
sub-DSAR45M11132,2795,2795_1,,,
sub-DSAR45M11133,9067,9067_1,,,
sub-DSAR45M11134,2547,2547_1,,,
sub-DSAR45M11135,3473,3473_1,,,
sub-DSAR45M11136,454,454_1,sub-DSAR45M02551,0.441,2
sub-DSAR45M11137,9826,9826_1,,,
sub-DSAR45M11138,8818,8818_1,,,
sub-DSAR45M11139,6403,6403_1,,,
sub-DSAR45M11140,2399,2399_1,,,
sub-DSAR45M11141,355,355_1,sub-DSAR45M06921,0.9975,1
sub-DSAR45M11142,7572,7572_1,,,
sub-DSAR45M11143,9201,9201_1,,,
sub-DSAR45M11144,3698,3698_1,,,
sub-DSAR45M11145,8435,8435_1,,,
sub-DSAR45M11146,6636,6636_1,,,
sub-DSAR45M11147,1435,1435_1,sub-DSAR45M07264,0.4787,3
sub-DSAR45M11148,2910,2910_1,,,
sub-DSAR45M11149,2465,2465_1,,,
sub-DSAR45M11150,6401,6401_1,,,
sub-DSAR45M11151,819,819_1,sub-DSAR45M10640,0.4898,2
sub-DSAR45M11152,1630,1630_2,sub-DSAR45M02015,0.4775,3
sub-DSAR45M11153,266,266_1,sub-DSAR45M03281,0.9985,1
sub-DSAR45M11154,2230,2230_1,,,
sub-DSAR45M11155,3055,3055_1,,,
sub-DSAR45M11156,1416,1416_2,sub-DSAR45M07426,0.4652,3
sub-DSAR45M11157,7884,7884_1,,,
sub-DSAR45M11158,7280,7280_1,,,
sub-DSAR45M11159,8835,8835_1,,,
sub-DSAR45M11160,5128,5128_1,,,
sub-DSAR45M11161,8479,8479_1,,,
sub-DSAR45M11162,9242,9242_1,,,
sub-DSAR45M11163,8048,8048_1,,,
sub-DSAR45M11164,7769,7769_1,,,
sub-DSAR45M11165,1762,1762_1,sub-DSAR45M11056,0.4745,3
sub-DSAR45M11166,6606,6606_1,,,
sub-DSAR45M11167,1411,1411_2,sub-DSAR45M01088,0.4895,3
sub-DSAR45M11168,5644,5644_1,,,
sub-DSAR45M11169,9705,9705_1,,,
sub-DSAR45M11170,3970,3970_1,,,
sub-DSAR45M11171,6590,6590_1,,,
sub-DSAR45M11172,7407,7407_1,,,
sub-DSAR45M11173,1799,1799_2,sub-DSAR45M10889,0.4651,3
sub-DSAR45M11174,584,584_1,sub-DSAR45M01663,0.4724,2
sub-DSAR45M11175,2645,2645_1,,,
sub-DSAR45M11176,5212,5212_1,,,
sub-DSAR45M11177,5361,5361_1,,,
sub-DSAR45M11178,9585,9585_1,,,
sub-DSAR45M11179,1824,1824_2,sub-DSAR45M02292,0.4339,3
sub-DSAR45M11180,1839,1839_1,,,
sub-DSAR45M11181,6629,6629_1,,,
sub-DSAR45M11182,8133,8133_1,,,
sub-DSAR45M11183,2612,2612_1,,,
sub-DSAR45M11184,2285,2285_1,,,
sub-DSAR45M11185,6977,6977_1,,,
sub-DSAR45M11186,1755,1755_1,sub-DSAR45M01302,0.5314,3
sub-DSAR45M11187,9816,9816_1,,,
sub-DSAR45M11188,5030,5030_1,,,
sub-DSAR45M11189,667,667_1,sub-DSAR45M07229,0.463,2
sub-DSAR45M11190,2840,2840_1,,,
sub-DSAR45M11191,9520,9520_1,,,
sub-DSAR45M11192,5527,5527_1,,,
sub-DSAR45M11193,4238,4238_1,,,
sub-DSAR45M11194,8127,8127_1,,,
sub-DSAR45M11195,745,745_1,sub-DSAR45M05483,0.5286,2
sub-DSAR45M11196,5080,5080_1,,,
sub-DSAR45M11197,6678,6678_1,,,
sub-DSAR45M11198,2520,2520_1,,,
sub-DSAR45M11199,210,210_1,sub-DSAR45M10722,1.0,1
sub-DSAR45M11200,7765,7765_1,,,
sub-DSAR45M11201,2143,2143_1,,,
sub-DSAR45M11202,609,609_1,sub-DSAR45M02618,0.481,2
sub-DSAR45M11203,6092,6092_1,,,
sub-DSAR45M11204,816,816_1,sub-DSAR45M09338,0.4986,2
sub-DSAR45M11205,8121,8121_1,,,
sub-DSAR45M11206,343,343_1,sub-DSAR45M03680,0.9992,1
sub-DSAR45M11207,5778,5778_1,,,
sub-DSAR45M11208,1431,1431_2,sub-DSAR45M07003,0.556,3
sub-DSAR45M11209,2478,2478_1,,,
sub-DSAR45M11210,5228,5228_1,,,
sub-DSAR45M11211,8231,8231_1,,,
sub-DSAR45M11212,4381,4381_1,,,
sub-DSAR45M11213,2187,2187_1,,,
sub-DSAR45M11214,4351,4351_1,,,
sub-DSAR45M11215,3728,3728_1,,,
sub-DSAR45M11216,3543,3543_1,,,
sub-DSAR45M11217,2334,2334_1,,,
sub-DSAR45M11218,6081,6081_1,,,
sub-DSAR45M11219,2933,2933_1,,,
sub-DSAR45M11220,3085,3085_1,,,
sub-DSAR45M11221,839,839_1,sub-DSAR45M01524,0.5179,2
sub-DSAR45M11222,67,67_1,sub-DSAR45M08680,0.9988,1
sub-DSAR45M11223,32,32_1,sub-DSAR45M00709,0.9991,1
sub-DSAR45M11224,6279,6279_1,,,
sub-DSAR45M11225,1445,1445_2,sub-DSAR45M09404,0.505,3
sub-DSAR45M11226,401,401_1,sub-DSAR45M08008,0.9981,1
sub-DSAR45M11227,1833,1833_2,sub-DSAR45M01655,0.5141,3
sub-DSAR45M11228,539,539_1,sub-DSAR45M05605,0.4762,2
sub-DSAR45M11229,860,860_1,sub-DSAR45M05666,0.5166,2
sub-DSAR45M11230,3182,3182_1,,,
sub-DSAR45M11231,3524,3524_1,,,
sub-DSAR45M11232,8488,8488_1,,,
sub-DSAR45M11233,4904,4904_1,,,
sub-DSAR45M11234,3735,3735_1,,,
sub-DSAR45M11235,1113,1113_1,sub-DSAR45M07670,0.5059,3
sub-DSAR45M11236,8580,8580_1,,,
sub-DSAR45M11237,5019,5019_1,,,
sub-DSAR45M11238,8847,8847_1,,,
sub-DSAR45M11239,5236,5236_1,,,
sub-DSAR45M11240,348,348_1,sub-DSAR45M00976,1.0,1
sub-DSAR45M11241,6508,6508_1,,,
sub-DSAR45M11242,2262,2262_1,,,
sub-DSAR45M11243,5114,5114_1,,,
sub-DSAR45M11244,751,751_1,sub-DSAR45M06788,0.4992,2
sub-DSAR45M11245,1688,1688_1,sub-DSAR45M06133,0.4575,3
sub-DSAR45M11246,1769,1769_1,sub-DSAR45M05634,0.4898,3
sub-DSAR45M11247,5315,5315_1,,,
sub-DSAR45M11248,6031,6031_1,,,
sub-DSAR45M11249,1732,1732_2,sub-DSAR45M05859,0.5539,3
sub-DSAR45M11250,220,220_1,sub-DSAR45M08925,0.9992,1
sub-DSAR45M11251,825,825_1,sub-DSAR45M09049,0.4567,2
sub-DSAR45M11252,2958,2958_1,,,
sub-DSAR45M11253,9388,9388_1,,,
sub-DSAR45M11254,968,968_1,sub-DSAR45M08271,0.4275,2
sub-DSAR45M11255,1483,1483_2,sub-DSAR45M10919,0.4781,3
sub-DSAR45M11256,6701,6701_1,,,
sub-DSAR45M11257,9693,9693_1,,,
sub-DSAR45M11258,2613,2613_1,,,
sub-DSAR45M11259,900,900_1,sub-DSAR45M05125,0.5305,2
sub-DSAR45M11260,1556,1556_2,sub-DSAR45M06399,0.4315,3
sub-DSAR45M11261,1396,1396_1,sub-DSAR45M04703,0.4487,3
sub-DSAR45M11262,7837,7837_1,,,
sub-DSAR45M11263,8205,8205_1,,,
sub-DSAR45M11264,4964,4964_1,,,
sub-DSAR45M11265,535,535_1,sub-DSAR45M05752,0.4668,2
sub-DSAR45M11266,8554,8554_1,,,
sub-DSAR45M11267,302,302_1,sub-DSAR45M06855,0.9993,1
sub-DSAR45M11268,6404,6404_1,,,
sub-DSAR45M11269,5210,5210_1,,,
sub-DSAR45M11270,2232,2232_1,,,
sub-DSAR45M11271,2340,2340_1,,,
sub-DSAR45M11272,4474,4474_1,,,
sub-DSAR45M11273,2403,2403_1,,,
sub-DSAR45M11274,5248,5248_1,,,
sub-DSAR45M11275,120,120_1,sub-DSAR45M07873,1.0,1
sub-DSAR45M11276,3710,3710_1,,,
sub-DSAR45M11277,1657,1657_1,sub-DSAR45M08662,0.5275,3
sub-DSAR45M11278,4173,4173_1,,,
sub-DSAR45M11279,529,529_1,sub-DSAR45M09514,0.4465,2
sub-DSAR45M11280,7409,7409_1,,,
sub-DSAR45M11281,4981,4981_1,,,
sub-DSAR45M11282,8211,8211_1,,,
sub-DSAR45M11283,1172,1172_1,sub-DSAR45M03559,0.4479,3
sub-DSAR45M11284,1609,1609_1,sub-DSAR45M04227,0.381,3
sub-DSAR45M11285,451,451_1,sub-DSAR45M10214,0.534,2
sub-DSAR45M11286,2386,2386_1,,,
sub-DSAR45M11287,7375,7375_1,,,
sub-DSAR45M11288,9332,9332_1,,,
sub-DSAR45M11289,2780,2780_1,,,
sub-DSAR45M11290,5612,5612_1,,,
sub-DSAR45M11291,85,85_1,sub-DSAR45M02529,0.9952,1
sub-DSAR45M11292,6185,6185_1,,,
sub-DSAR45M11293,5970,5970_1,,,
sub-DSAR45M11294,1173,1173_2,sub-DSAR45M07210,0.4564,3
sub-DSAR45M11295,6540,6540_1,,,
sub-DSAR45M11296,119,119_1,sub-DSAR45M07700,0.9934,1
sub-DSAR45M11297,706,706_1,sub-DSAR45M00337,0.5093,2
sub-DSAR45M11298,3037,3037_1,,,
sub-DSAR45M11299,2379,2379_1,,,
sub-DSAR45M11300,3563,3563_1,,,
sub-DSAR45M11301,1006,1006_1,sub-DSAR45M06919,0.5011,2
sub-DSAR45M11302,5929,5929_1,,,
sub-DSAR45M11303,4930,4930_1,,,
sub-DSAR45M11304,1132,1132_2,sub-DSAR45M09148,0.5089,3
sub-DSAR45M11305,882,882_1,sub-DSAR45M03730,0.5113,2
sub-DSAR45M11306,5525,5525_1,,,
sub-DSAR45M11307,1673,1673_2,sub-DSAR45M08228,0.5038,3
sub-DSAR45M11308,1266,1266_2,sub-DSAR45M01487,0.5472,3
sub-DSAR45M11309,7110,7110_1,,,
sub-DSAR45M11310,4055,4055_1,,,
sub-DSAR45M11311,8613,8613_1,,,
sub-DSAR45M11312,1707,1707_1,sub-DSAR45M07330,0.5098,3
sub-DSAR45M11313,346,346_1,sub-DSAR45M11317,1.0,1
sub-DSAR45M11314,1239,1239_2,sub-DSAR45M08694,0.381,3
sub-DSAR45M11315,6759,6759_1,,,
sub-DSAR45M11316,7718,7718_1,,,
sub-DSAR45M11317,346,346_1,sub-DSAR45M11313,1.0,1
sub-DSAR45M11318,8265,8265_1,,,
sub-DSAR45M11319,3527,3527_1,,,
sub-DSAR45M11320,8457,8457_1,,,
sub-DSAR45M11321,6375,6375_1,,,
sub-DSAR45M11322,5889,5889_1,,,
sub-DSAR45M11323,367,367_1,sub-DSAR45M01430,1.0,1
sub-DSAR45M11324,2065,2065_1,,,
sub-DSAR45M11325,8163,8163_1,,,
sub-DSAR45M11326,1394,1394_2,sub-DSAR45M02504,0.463,3
sub-DSAR45M11327,1430,1430_2,sub-DSAR45M09047,0.4015,3
sub-DSAR45M11328,5014,5014_1,,,
sub-DSAR45M11329,3095,3095_1,,,
sub-DSAR45M11330,8016,8016_1,,,
sub-DSAR45M11331,2469,2469_1,,,
sub-DSAR45M11332,3737,3737_1,,,
sub-DSAR45M11333,1790,1790_2,sub-DSAR45M01154,0.5366,3
sub-DSAR45M11334,8468,8468_1,,,
sub-DSAR45M11335,5626,5626_1,,,
sub-DSAR45M11336,7420,7420_1,,,
sub-DSAR45M11337,617,617_1,sub-DSAR45M07237,0.4699,2
sub-DSAR45M11338,1664,1664_1,sub-DSAR45M06475,0.4912,3
sub-DSAR45M11339,6042,6042_1,,,
sub-DSAR45M11340,1538,1538_1,sub-DSAR45M00997,0.4674,3
sub-DSAR45M11341,2301,2301_1,,,
sub-DSAR45M11342,226,226_1,sub-DSAR45M11089,0.9959,1
sub-DSAR45M11343,5394,5394_1,,,
sub-DSAR45M11344,990,990_1,sub-DSAR45M08338,0.4386,2
sub-DSAR45M11345,9127,9127_1,,,
sub-DSAR45M11346,1056,1056_1,sub-DSAR45M03887,0.4478,2
sub-DSAR45M11347,6373,6373_1,,,
sub-DSAR45M11348,69,69_1,sub-DSAR45M02102,0.9989,1
sub-DSAR45M11349,9521,9521_1,,,
sub-DSAR45M11350,9741,9741_1,,,
sub-DSAR45M11351,7974,7974_1,,,
sub-DSAR45M11352,1679,1679_2,sub-DSAR45M06030,0.5037,3
sub-DSAR45M11353,178,178_1,sub-DSAR45M02771,0.9997,1
sub-DSAR45M11354,5335,5335_1,,,
sub-DSAR45M11355,4742,4742_1,,,
sub-DSAR45M11356,3659,3659_1,,,
sub-DSAR45M11357,5510,5510_1,,,
sub-DSAR45M11358,8727,8727_1,,,
sub-DSAR45M11359,1105,1105_2,sub-DSAR45M02205,0.381,3
sub-DSAR45M11360,5829,5829_1,,,
sub-DSAR45M11361,6136,6136_1,,,
sub-DSAR45M11362,8864,8864_1,,,
sub-DSAR45M11363,8797,8797_1,,,
sub-DSAR45M11364,8044,8044_1,,,
sub-DSAR45M11365,2495,2495_1,,,
sub-DSAR45M11366,1463,1463_1,sub-DSAR45M06835,0.5457,3
sub-DSAR45M11367,9347,9347_1,,,
sub-DSAR45M11368,6710,6710_1,,,
sub-DSAR45M11369,4289,4289_1,,,
sub-DSAR45M11370,665,665_1,sub-DSAR45M00372,0.5128,2
sub-DSAR45M11371,9304,9304_1,,,
sub-DSAR45M11372,7770,7770_1,,,
sub-DSAR45M11373,2326,2326_1,,,
sub-DSAR45M11374,6696,6696_1,,,
sub-DSAR45M11375,7757,7757_1,,,
sub-DSAR45M11376,2641,2641_1,,,
sub-DSAR45M11377,3351,3351_1,,,
sub-DSAR45M11378,1071,1071_2,sub-DSAR45M00720,0.4247,3
sub-DSAR45M11379,3003,3003_1,,,
sub-DSAR45M11380,2527,2527_1,,,
sub-DSAR45M11381,1578,1578_2,sub-DSAR45M05036,0.4795,3
sub-DSAR45M11382,4014,4014_1,,,
sub-DSAR45M11383,2446,2446_1,,,
sub-DSAR45M11384,7171,7171_1,,,
sub-DSAR45M11385,8522,8522_1,,,
sub-DSAR45M11386,938,938_1,sub-DSAR45M07621,0.5278,2
sub-DSAR45M11387,2551,2551_1,,,
sub-DSAR45M11388,6207,6207_1,,,
sub-DSAR45M11389,593,593_1,sub-DSAR45M05586,0.5133,2
sub-DSAR45M11390,767,767_1,sub-DSAR45M01940,0.4902,2
sub-DSAR45M11391,3756,3756_1,,,
sub-DSAR45M11392,48,48_1,sub-DSAR45M05212,0.9994,1
sub-DSAR45M11393,4318,4318_1,,,
sub-DSAR45M11394,3,3_1,sub-DSAR45M02160,0.9967,1
sub-DSAR45M11395,1901,1901_1,,,
sub-DSAR45M11396,4867,4867_1,,,
sub-DSAR45M11397,6915,6915_1,,,
sub-DSAR45M11398,4011,4011_1,,,
sub-DSAR45M11399,4399,4399_1,,,
sub-DSAR45M11400,7045,7045_1,,,
sub-DSAR45M11401,7809,7809_1,,,
sub-DSAR45M11402,9005,9005_1,,,
sub-DSAR45M11403,5290,5290_1,,,
sub-DSAR45M11404,2690,2690_1,,,
sub-DSAR45M11405,1023,1023_1,sub-DSAR45M06982,0.4889,2
sub-DSAR45M11406,8307,8307_1,,,
sub-DSAR45M11407,8938,8938_1,,,
sub-DSAR45M11408,6127,6127_1,,,
sub-DSAR45M11409,5081,5081_1,,,
sub-DSAR45M11410,1820,1820_1,sub-DSAR45M08867,0.4602,3
sub-DSAR45M11411,7780,7780_1,,,
sub-DSAR45M11412,1158,1158_2,sub-DSAR45M03511,0.4092,3
sub-DSAR45M11413,17,17_1,sub-DSAR45M09163,1.0,1
sub-DSAR45M11414,1486,1486_2,sub-DSAR45M00584,0.5224,3
sub-DSAR45M11415,353,353_1,sub-DSAR45M01951,0.9973,1
sub-DSAR45M11416,4547,4547_1,,,
sub-DSAR45M11417,5979,5979_1,,,
sub-DSAR45M11418,6034,6034_1,,,
sub-DSAR45M11419,114,114_1,sub-DSAR45M01773,0.9992,1
sub-DSAR45M11420,733,733_1,sub-DSAR45M05973,0.5663,2
sub-DSAR45M11421,1808,1808_2,sub-DSAR45M03861,0.459,3
sub-DSAR45M11422,8668,8668_1,,,
sub-DSAR45M11423,1582,1582_2,sub-DSAR45M10520,0.4867,3
sub-DSAR45M11424,7382,7382_1,,,
sub-DSAR45M11425,1440,1440_1,sub-DSAR45M08329,0.5097,3
sub-DSAR45M11426,3676,3676_1,,,
sub-DSAR45M11427,1457,1457_2,sub-DSAR45M06060,0.4788,3
sub-DSAR45M11428,651,651_1,sub-DSAR45M04265,0.5237,2
sub-DSAR45M11429,1565,1565_2,sub-DSAR45M05014,0.4674,3
sub-DSAR45M11430,2458,2458_1,,,
sub-DSAR45M11431,6560,6560_1,,,
sub-DSAR45M11432,8386,8386_1,,,
sub-DSAR45M11433,6799,6799_1,,,
sub-DSAR45M11434,9717,9717_1,,,
sub-DSAR45M11435,4572,4572_1,,,
sub-DSAR45M11436,3974,3974_1,,,
sub-DSAR45M11437,3253,3253_1,,,
sub-DSAR45M11438,9027,9027_1,,,
sub-DSAR45M11439,8,8_1,sub-DSAR45M06535,0.9951,1
sub-DSAR45M11440,8796,8796_1,,,
sub-DSAR45M11441,8649,8649_1,,,
sub-DSAR45M11442,9192,9192_1,,,
sub-DSAR45M11443,6318,6318_1,,,
sub-DSAR45M11444,608,608_1,sub-DSAR45M03122,0.5179,2
sub-DSAR45M11445,1277,1277_2,sub-DSAR45M00249,0.5,3
sub-DSAR45M11446,698,698_1,sub-DSAR45M06664,0.5455,2
sub-DSAR45M11447,4252,4252_1,,,
sub-DSAR45M11448,9754,9754_1,,,
sub-DSAR45M11449,742,742_1,sub-DSAR45M04871,0.5928,2
sub-DSAR45M11450,94,94_1,sub-DSAR45M07048,0.9996,1
sub-DSAR45M11451,58,58_1,sub-DSAR45M09941,0.9963,1
sub-DSAR45M11452,1815,1815_1,sub-DSAR45M07165,0.5119,3
sub-DSAR45M11453,8950,8950_1,,,
sub-DSAR45M11454,8412,8412_1,,,
sub-DSAR45M11455,1436,1436_2,sub-DSAR45M08993,0.5555,3
sub-DSAR45M11456,6874,6874_1,,,
sub-DSAR45M11457,835,835_1,sub-DSAR45M00428,0.4477,2
sub-DSAR45M11458,9827,9827_1,,,
sub-DSAR45M11459,60,60_1,sub-DSAR45M01562,1.0,1
sub-DSAR45M11460,9203,9203_1,,,
sub-DSAR45M11461,9473,9473_1,,,
sub-DSAR45M11462,287,287_1,sub-DSAR45M05144,0.9965,1
sub-DSAR45M11463,5742,5742_1,,,
sub-DSAR45M11464,3557,3557_1,,,
sub-DSAR45M11465,5330,5330_1,,,
sub-DSAR45M11466,2518,2518_1,,,
sub-DSAR45M11467,5277,5277_1,,,
sub-DSAR45M11468,3334,3334_1,,,
sub-DSAR45M11469,1029,1029_1,sub-DSAR45M07068,0.5368,2
sub-DSAR45M11470,654,654_1,sub-DSAR45M10587,0.4382,2
sub-DSAR45M11471,9502,9502_1,,,
sub-DSAR45M11472,1613,1613_2,sub-DSAR45M10300,0.5334,3
sub-DSAR45M11473,9499,9499_1,,,
sub-DSAR45M11474,5227,5227_1,,,
sub-DSAR45M11475,251,251_1,sub-DSAR45M10170,0.9981,1
sub-DSAR45M11476,2708,2708_1,,,
sub-DSAR45M11477,1062,1062_1,sub-DSAR45M07445,0.4473,2
sub-DSAR45M11478,3191,3191_1,,,
sub-DSAR45M11479,3577,3577_1,,,
sub-DSAR45M11480,5065,5065_1,,,
sub-DSAR45M11481,1103,1103_1,sub-DSAR45M06479,0.4457,3
sub-DSAR45M11482,4020,4020_1,,,
sub-DSAR45M11483,1525,1525_2,sub-DSAR45M09940,0.5278,3
sub-DSAR45M11484,9571,9571_1,,,
sub-DSAR45M11485,5859,5859_1,,,
sub-DSAR45M11486,4129,4129_1,,,
sub-DSAR45M11487,9236,9236_1,,,
sub-DSAR45M11488,263,263_1,sub-DSAR45M02622,0.9996,1
sub-DSAR45M11489,7710,7710_1,,,
sub-DSAR45M11490,1087,1087_1,sub-DSAR45M07497,0.4569,3
sub-DSAR45M11491,1853,1853_1,,,
sub-DSAR45M11492,1735,1735_1,sub-DSAR45M08941,0.4849,3
sub-DSAR45M11493,7497,7497_1,,,
sub-DSAR45M11494,1422,1422_2,sub-DSAR45M03143,0.5817,3
sub-DSAR45M11495,9091,9091_1,,,
sub-DSAR45M11496,2376,2376_1,,,
sub-DSAR45M11497,276,276_1,sub-DSAR45M10694,0.9958,1
sub-DSAR45M11498,520,520_1,sub-DSAR45M09482,0.381,2
sub-DSAR45M11499,3424,3424_1,,,
sub-DSAR45M11500,6100,6100_1,,,
sub-DSAR45M11501,6752,6752_1,,,
sub-DSAR45M11502,2810,2810_1,,,
sub-DSAR45M11503,6731,6731_1,,,
sub-DSAR45M11504,9204,9204_1,,,
sub-DSAR45M11505,2153,2153_1,,,
sub-DSAR45M11506,6220,6220_1,,,
sub-DSAR45M11507,1066,1066_1,sub-DSAR45M03724,0.4107,3
sub-DSAR45M11508,1068,1068_2,sub-DSAR45M02033,0.6055,3
sub-DSAR45M11509,2785,2785_1,,,
sub-DSAR45M11510,7403,7403_1,,,
sub-DSAR45M11511,5834,5834_1,,,
sub-DSAR45M11512,2615,2615_1,,,
sub-DSAR45M11513,9479,9479_1,,,
sub-DSAR45M11514,5060,5060_1,,,
sub-DSAR45M11515,7567,7567_1,,,
sub-DSAR45M11516,4758,4758_1,,,
sub-DSAR45M11517,1337,1337_1,sub-DSAR45M03836,0.4082,3
sub-DSAR45M11518,6306,6306_1,,,
sub-DSAR45M11519,113,113_1,sub-DSAR45M09527,0.9998,1
sub-DSAR45M11520,4846,4846_1,,,
sub-DSAR45M11521,8702,8702_1,,,
sub-DSAR45M11522,999,999_1,sub-DSAR45M02188,0.4856,2
sub-DSAR45M11523,6930,6930_1,,,
sub-DSAR45M11524,9073,9073_1,,,
sub-DSAR45M11525,7032,7032_1,,,
sub-DSAR45M11526,1043,1043_1,sub-DSAR45M09068,0.4217,2
sub-DSAR45M11527,1597,1597_1,sub-DSAR45M07790,0.536,3
sub-DSAR45M11528,7897,7897_1,,,
sub-DSAR45M11529,1670,1670_2,sub-DSAR45M03965,0.523,3
sub-DSAR45M11530,1273,1273_2,sub-DSAR45M08028,0.5338,3
sub-DSAR45M11531,4281,4281_1,,,
sub-DSAR45M11532,1174,1174_1,sub-DSAR45M07745,0.4383,3
sub-DSAR45M11533,9376,9376_1,,,
sub-DSAR45M11534,8814,8814_1,,,
sub-DSAR45M11535,7219,7219_1,,,
sub-DSAR45M11536,6923,6923_1,,,
sub-DSAR45M11537,6010,6010_1,,,
sub-DSAR45M11538,1863,1863_1,,,
sub-DSAR45M11539,151,151_1,sub-DSAR45M10755,0.9979,1
sub-DSAR45M11540,33,33_1,sub-DSAR45M02403,1.0,1
sub-DSAR45M11541,6864,6864_1,,,
sub-DSAR45M11542,4206,4206_1,,,
sub-DSAR45M11543,1095,1095_2,sub-DSAR45M07616,0.5125,3
sub-DSAR45M11544,638,638_1,sub-DSAR45M04137,0.5566,2
sub-DSAR45M11545,1262,1262_2,sub-DSAR45M10629,0.4644,3
sub-DSAR45M11546,1332,1332_1,sub-DSAR45M03872,0.4583,3
sub-DSAR45M11547,8020,8020_1,,,
sub-DSAR45M11548,1619,1619_1,sub-DSAR45M01888,0.4472,3
sub-DSAR45M11549,1042,1042_1,sub-DSAR45M07618,0.5629,2
sub-DSAR45M11550,9566,9566_1,,,
sub-DSAR45M11551,3837,3837_1,,,
sub-DSAR45M11552,8860,8860_1,,,
sub-DSAR45M11553,9393,9393_1,,,
sub-DSAR45M11554,2973,2973_1,,,
sub-DSAR45M11555,389,389_1,sub-DSAR45M03408,0.9975,1
sub-DSAR45M11556,2841,2841_1,,,
sub-DSAR45M11557,2913,2913_1,,,
sub-DSAR45M11558,5845,5845_1,,,
sub-DSAR45M11559,1107,1107_1,sub-DSAR45M00381,0.5008,3
sub-DSAR45M11560,8816,8816_1,,,
sub-DSAR45M11561,3575,3575_1,,,
sub-DSAR45M11562,6992,6992_1,,,
sub-DSAR45M11563,6292,6292_1,,,
sub-DSAR45M11564,9615,9615_1,,,
sub-DSAR45M11565,7985,7985_1,,,
sub-DSAR45M11566,7510,7510_1,,,
sub-DSAR45M11567,4101,4101_1,,,
sub-DSAR45M11568,6177,6177_1,,,
sub-DSAR45M11569,4495,4495_1,,,
sub-DSAR45M11570,8396,8396_1,,,
sub-DSAR45M11571,7584,7584_1,,,
sub-DSAR45M11572,4215,4215_1,,,
sub-DSAR45M11573,7803,7803_1,,,
sub-DSAR45M11574,3035,3035_1,,,
sub-DSAR45M11575,7190,7190_1,,,
sub-DSAR45M11576,4493,4493_1,,,
sub-DSAR45M11577,2966,2966_1,,,
sub-DSAR45M11578,3094,3094_1,,,
sub-DSAR45M11579,1823,1823_1,sub-DSAR45M05887,0.4735,3
sub-DSAR45M11580,5316,5316_1,,,
sub-DSAR45M11581,3734,3734_1,,,
sub-DSAR45M11582,4862,4862_1,,,
sub-DSAR45M11583,8273,8273_1,,,
sub-DSAR45M11584,657,657_1,sub-DSAR45M08619,0.4971,2
sub-DSAR45M11585,1953,1953_1,,,
sub-DSAR45M11586,519,519_1,sub-DSAR45M03564,0.5538,2
sub-DSAR45M11587,7860,7860_1,,,
sub-DSAR45M11588,848,848_1,sub-DSAR45M01900,0.5168,2
sub-DSAR45M11589,9117,9117_1,,,
sub-DSAR45M11590,7023,7023_1,,,
sub-DSAR45M11591,9395,9395_1,,,
sub-DSAR45M11592,8331,8331_1,,,
sub-DSAR45M11593,6310,6310_1,,,
sub-DSAR45M11594,8627,8627_1,,,
sub-DSAR45M11595,6259,6259_1,,,
sub-DSAR45M11596,6173,6173_1,,,
sub-DSAR45M11597,441,441_1,sub-DSAR45M07831,0.5189,2
sub-DSAR45M11598,1668,1668_1,sub-DSAR45M10706,0.4187,3
sub-DSAR45M11599,1812,1812_2,sub-DSAR45M01145,0.5229,3
sub-DSAR45M11600,2778,2778_1,,,
sub-DSAR45M11601,1047,1047_1,sub-DSAR45M02915,0.565,2
sub-DSAR45M11602,4033,4033_1,,,
sub-DSAR45M11603,3379,3379_1,,,
sub-DSAR45M11604,1741,1741_2,sub-DSAR45M05521,0.4726,3
sub-DSAR45M11605,1078,1078_2,sub-DSAR45M06510,0.4183,3
sub-DSAR45M11606,457,457_1,sub-DSAR45M09589,0.5132,2
sub-DSAR45M11607,7581,7581_1,,,
sub-DSAR45M11608,5006,5006_1,,,
sub-DSAR45M11609,1602,1602_1,sub-DSAR45M06169,0.6007,3
sub-DSAR45M11610,2604,2604_1,,,
sub-DSAR45M11611,7632,7632_1,,,
sub-DSAR45M11612,2830,2830_1,,,
sub-DSAR45M11613,1014,1014_1,sub-DSAR45M02244,0.4406,2
sub-DSAR45M11614,926,926_1,sub-DSAR45M08882,0.4826,2
sub-DSAR45M11615,9170,9170_1,,,
sub-DSAR45M11616,9344,9344_1,,,
sub-DSAR45M11617,1711,1711_2,sub-DSAR45M07122,0.4793,3
sub-DSAR45M11618,3915,3915_1,,,
sub-DSAR45M11619,6091,6091_1,,,
sub-DSAR45M11620,3918,3918_1,,,
sub-DSAR45M11621,6421,6421_1,,,
sub-DSAR45M11622,5485,5485_1,,,
sub-DSAR45M11623,8827,8827_1,,,
sub-DSAR45M11624,8675,8675_1,,,
sub-DSAR45M11625,7430,7430_1,,,
sub-DSAR45M11626,1749,1749_1,sub-DSAR45M02024,0.4237,3
sub-DSAR45M11627,1786,1786_2,sub-DSAR45M05149,0.4393,3
sub-DSAR45M11628,6845,6845_1,,,
sub-DSAR45M11629,4028,4028_1,,,
sub-DSAR45M11630,1368,1368_1,sub-DSAR45M01464,0.5206,3
sub-DSAR45M11631,393,393_1,sub-DSAR45M06808,1.0,1
sub-DSAR45M11632,7669,7669_1,,,
sub-DSAR45M11633,6275,6275_1,,,
sub-DSAR45M11634,5907,5907_1,,,
sub-DSAR45M11635,2942,2942_1,,,
sub-DSAR45M11636,329,329_1,sub-DSAR45M00424,0.9977,1
sub-DSAR45M11637,1030,1030_1,sub-DSAR45M09162,0.5297,2
sub-DSAR45M11638,518,518_1,sub-DSAR45M07857,0.4921,2
sub-DSAR45M11639,1504,1504_2,sub-DSAR45M09571,0.5327,3
sub-DSAR45M11640,6634,6634_1,,,
sub-DSAR45M11641,7401,7401_1,,,
sub-DSAR45M11642,6939,6939_1,,,
sub-DSAR45M11643,1222,1222_1,sub-DSAR45M04040,0.428,3
sub-DSAR45M11644,6320,6320_1,,,
sub-DSAR45M11645,4773,4773_1,,,
sub-DSAR45M11646,4719,4719_1,,,
sub-DSAR45M11647,6820,6820_1,,,
sub-DSAR45M11648,9039,9039_1,,,
sub-DSAR45M11649,865,865_1,sub-DSAR45M10120,0.4246,2
sub-DSAR45M11650,6856,6856_1,,,
sub-DSAR45M11651,4553,4553_1,,,
sub-DSAR45M11652,9095,9095_1,,,
sub-DSAR45M11653,5614,5614_1,,,
sub-DSAR45M11654,297,297_1,sub-DSAR45M09223,0.9952,1
sub-DSAR45M11655,8527,8527_1,,,
sub-DSAR45M11656,2826,2826_1,,,
sub-DSAR45M11657,8147,8147_1,,,
sub-DSAR45M11658,1290,1290_1,sub-DSAR45M02765,0.5293,3
sub-DSAR45M11659,537,537_1,sub-DSAR45M01764,0.4783,2
sub-DSAR45M11660,5493,5493_1,,,
sub-DSAR45M11661,3714,3714_1,,,
sub-DSAR45M11662,6453,6453_1,,,
sub-DSAR45M11663,982,982_1,sub-DSAR45M09127,0.5191,2
sub-DSAR45M11664,9070,9070_1,,,
sub-DSAR45M11665,1600,1600_1,sub-DSAR45M11095,0.4331,3
sub-DSAR45M11666,3220,3220_1,,,
sub-DSAR45M11667,4491,4491_1,,,
sub-DSAR45M11668,180,180_1,sub-DSAR45M06188,0.9984,1
sub-DSAR45M11669,8602,8602_1,,,
sub-DSAR45M11670,3402,3402_1,,,
