participant_id,pgs_externalizing_raw
sub-DSAR45M00001,14.9323
sub-DSAR45M00002,17.498
sub-DSAR45M00003,8.9957
sub-DSAR45M00004,18.722
sub-DSAR45M00005,8.8031
sub-DSAR45M00006,16.5967
sub-DSAR45M00007,15.5204
sub-DSAR45M00008,16.8102
sub-DSAR45M00009,
sub-DSAR45M00010,11.8179
sub-DSAR45M00011,10.4405
sub-DSAR45M00012,9.5587
sub-DSAR45M00013,14.136
sub-DSAR45M00014,17.2567
sub-DSAR45M00015,13.535
sub-DSAR45M00016,13.2911
sub-DSAR45M00017,9.5391
sub-DSAR45M00018,10.7907
sub-DSAR45M00019,9.9512
sub-DSAR45M00020,16.1786
sub-DSAR45M00021,5.7128
sub-DSAR45M00022,11.4012
sub-DSAR45M00023,15.5119
sub-DSAR45M00024,12.1366
sub-DSAR45M00025,12.6408
sub-DSAR45M00026,12.4555
sub-DSAR45M00027,20.27
sub-DSAR45M00028,10.1184
sub-DSAR45M00029,13.2118
sub-DSAR45M00030,15.1878
sub-DSAR45M00031,13.9149
sub-DSAR45M00032,13.2099
sub-DSAR45M00033,15.8065
sub-DSAR45M00034,16.6757
sub-DSAR45M00035,17.1243
sub-DSAR45M00036,5.0434
sub-DSAR45M00037,6.3604
sub-DSAR45M00038,15.0505
sub-DSAR45M00039,7.6849
sub-DSAR45M00040,13.7386
sub-DSAR45M00041,
sub-DSAR45M00042,12.9407
sub-DSAR45M00043,
sub-DSAR45M00044,11.5153
sub-DSAR45M00045,12.8058
sub-DSAR45M00046,15.287
sub-DSAR45M00047,9.67
sub-DSAR45M00048,11.036
sub-DSAR45M00049,15.1573
sub-DSAR45M00050,12.6279
sub-DSAR45M00051,7.264
sub-DSAR45M00052,10.8798
sub-DSAR45M00053,10.6382
sub-DSAR45M00054,10.8291
sub-DSAR45M00055,15.0691
sub-DSAR45M00056,12.3553
sub-DSAR45M00057,9.3519
sub-DSAR45M00058,11.5795
sub-DSAR45M00059,15.2768
sub-DSAR45M00060,15.2439
sub-DSAR45M00061,13.9365
sub-DSAR45M00062,10.1803
sub-DSAR45M00063,9.1879
sub-DSAR45M00064,19.7151
sub-DSAR45M00065,11.8951
sub-DSAR45M00066,13.0825
sub-DSAR45M00067,12.9826
sub-DSAR45M00068,9.3025
sub-DSAR45M00069,8.1871
sub-DSAR45M00070,10.4684
sub-DSAR45M00071,8.4772
sub-DSAR45M00072,11.4815
sub-DSAR45M00073,10.5567
sub-DSAR45M00074,16.2005
sub-DSAR45M00075,9.1938
sub-DSAR45M00076,11.331
sub-DSAR45M00077,14.4044
sub-DSAR45M00078,13.4378
sub-DSAR45M00079,15.3786
sub-DSAR45M00080,7.2683
sub-DSAR45M00081,15.7094
sub-DSAR45M00082,7.8487
sub-DSAR45M00083,12.6805
sub-DSAR45M00084,13.1641
sub-DSAR45M00085,17.6988
sub-DSAR45M00086,14.6861
sub-DSAR45M00087,10.1991
sub-DSAR45M00088,9.4859
sub-DSAR45M00089,13.558
sub-DSAR45M00090,
sub-DSAR45M00091,9.437
sub-DSAR45M00092,10.7323
sub-DSAR45M00093,9.2693
sub-DSAR45M00094,16.248
sub-DSAR45M00095,9.5583
sub-DSAR45M00096,11.7713
sub-DSAR45M00097,10.9274
sub-DSAR45M00098,19.2769
sub-DSAR45M00099,7.725
sub-DSAR45M00100,17.2233
sub-DSAR45M00101,5.9068
sub-DSAR45M00102,10.3235
sub-DSAR45M00103,13.0649
sub-DSAR45M00104,14.7716
sub-DSAR45M00105,12.1651
sub-DSAR45M00106,9.6474
sub-DSAR45M00107,11.9988
sub-DSAR45M00108,16.3704
sub-DSAR45M00109,9.889
sub-DSAR45M00110,11.6209
sub-DSAR45M00111,13.7545
sub-DSAR45M00112,13.4151
sub-DSAR45M00113,12.5343
sub-DSAR45M00114,10.5315
sub-DSAR45M00115,15.8634
sub-DSAR45M00116,11.3988
sub-DSAR45M00117,14.1732
sub-DSAR45M00118,9.5313
sub-DSAR45M00119,11.2994
sub-DSAR45M00120,12.4861
sub-DSAR45M00121,12.9566
sub-DSAR45M00122,14.349
sub-DSAR45M00123,
sub-DSAR45M00124,10.1472
sub-DSAR45M00125,6.0873
sub-DSAR45M00126,6.2235
sub-DSAR45M00127,13.4565
sub-DSAR45M00128,14.2149
sub-DSAR45M00129,14.3836
sub-DSAR45M00130,8.2536
sub-DSAR45M00131,17.6491
sub-DSAR45M00132,14.3996
sub-DSAR45M00133,9.7807
sub-DSAR45M00134,12.0728
sub-DSAR45M00135,12.4713
sub-DSAR45M00136,11.6984
sub-DSAR45M00137,13.4021
sub-DSAR45M00138,14.4734
sub-DSAR45M00139,11.7841
sub-DSAR45M00140,6.7786
sub-DSAR45M00141,14.6308
sub-DSAR45M00142,13.3686
sub-DSAR45M00143,13.7387
sub-DSAR45M00144,13.0976
sub-DSAR45M00145,13.3555
sub-DSAR45M00146,15.8266
sub-DSAR45M00147,9.7984
sub-DSAR45M00148,14.431
sub-DSAR45M00149,14.1627
sub-DSAR45M00150,11.4467
sub-DSAR45M00151,9.5815
sub-DSAR45M00152,13.1649
sub-DSAR45M00153,12.3817
sub-DSAR45M00154,12.8453
sub-DSAR45M00155,12.3282
sub-DSAR45M00156,7.5196
sub-DSAR45M00157,11.0977
sub-DSAR45M00158,13.7985
sub-DSAR45M00159,17.419
sub-DSAR45M00160,6.5695
sub-DSAR45M00161,9.1757
sub-DSAR45M00162,8.7166
sub-DSAR45M00163,
sub-DSAR45M00164,6.2268
sub-DSAR45M00165,9.3097
sub-DSAR45M00166,13.268
sub-DSAR45M00167,12.0688
sub-DSAR45M00168,11.3989
sub-DSAR45M00169,12.2346
sub-DSAR45M00170,16.5561
sub-DSAR45M00171,9.6673
sub-DSAR45M00172,17.2431
sub-DSAR45M00173,15.929
sub-DSAR45M00174,10.1688
sub-DSAR45M00175,13.3727
sub-DSAR45M00176,16.6821
sub-DSAR45M00177,9.8068
sub-DSAR45M00178,15.1802
sub-DSAR45M00179,14.8142
sub-DSAR45M00180,15.191
sub-DSAR45M00181,11.9196
sub-DSAR45M00182,14.0061
sub-DSAR45M00183,8.3226
sub-DSAR45M00184,13.9087
sub-DSAR45M00185,15.6191
sub-DSAR45M00186,8.6263
sub-DSAR45M00187,14.4272
sub-DSAR45M00188,14.71
sub-DSAR45M00189,14.2058
sub-DSAR45M00190,12.4003
sub-DSAR45M00191,11.8108
sub-DSAR45M00192,13.4475
sub-DSAR45M00193,11.5432
sub-DSAR45M00194,
sub-DSAR45M00195,12.4278
sub-DSAR45M00196,15.5981
sub-DSAR45M00197,17.5026
sub-DSAR45M00198,16.3129
sub-DSAR45M00199,7.4834
sub-DSAR45M00200,19.8525
sub-DSAR45M00201,9.3972
sub-DSAR45M00202,12.3211
sub-DSAR45M00203,7.8291
sub-DSAR45M00204,9.6036
sub-DSAR45M00205,14.5276
sub-DSAR45M00206,6.8472
sub-DSAR45M00207,13.0377
sub-DSAR45M00208,14.5167
sub-DSAR45M00209,13.5851
sub-DSAR45M00210,14.101
sub-DSAR45M00211,16.4532
sub-DSAR45M00212,14.2377
sub-DSAR45M00213,12.324
sub-DSAR45M00214,10.8247
sub-DSAR45M00215,4.0857
sub-DSAR45M00216,9.3885
sub-DSAR45M00217,11.9066
sub-DSAR45M00218,14.2373
sub-DSAR45M00219,12.4367
sub-DSAR45M00220,11.6011
sub-DSAR45M00221,13.2676
sub-DSAR45M00222,13.4147
sub-DSAR45M00223,8.101
sub-DSAR45M00224,15.0853
sub-DSAR45M00225,14.4605
sub-DSAR45M00226,14.3927
sub-DSAR45M00227,10.683
sub-DSAR45M00228,12.4637
sub-DSAR45M00229,15.0064
sub-DSAR45M00230,16.9883
sub-DSAR45M00231,17.8743
sub-DSAR45M00232,13.2926
sub-DSAR45M00233,14.0025
sub-DSAR45M00234,9.644
sub-DSAR45M00235,16.2384
sub-DSAR45M00236,
sub-DSAR45M00237,10.8693
sub-DSAR45M00238,10.6594
sub-DSAR45M00239,21.7399
sub-DSAR45M00240,10.0408
sub-DSAR45M00241,15.1677
sub-DSAR45M00242,15.1456
sub-DSAR45M00243,17.4789
sub-DSAR45M00244,14.6786
sub-DSAR45M00245,17.8121
sub-DSAR45M00246,13.1426
sub-DSAR45M00247,10.7934
sub-DSAR45M00248,13.4076
sub-DSAR45M00249,10.3732
sub-DSAR45M00250,11.0021
sub-DSAR45M00251,8.5644
sub-DSAR45M00252,16.208
sub-DSAR45M00253,11.4258
sub-DSAR45M00254,7.663
sub-DSAR45M00255,12.2817
sub-DSAR45M00256,7.3542
sub-DSAR45M00257,15.2715
sub-DSAR45M00258,10.6059
sub-DSAR45M00259,11.9865
sub-DSAR45M00260,10.3306
sub-DSAR45M00261,19.7797
sub-DSAR45M00262,13.1402
sub-DSAR45M00263,6.7248
sub-DSAR45M00264,5.0605
sub-DSAR45M00265,16.8291
sub-DSAR45M00266,14.9651
sub-DSAR45M00267,12.7524
sub-DSAR45M00268,
sub-DSAR45M00269,12.8534
sub-DSAR45M00270,11.3107
sub-DSAR45M00271,5.9699
sub-DSAR45M00272,16.9317
sub-DSAR45M00273,10.8076
sub-DSAR45M00274,14.8377
sub-DSAR45M00275,11.8736
sub-DSAR45M00276,12.9665
sub-DSAR45M00277,10.8498
sub-DSAR45M00278,16.928
sub-DSAR45M00279,6.5358
sub-DSAR45M00280,7.1173
sub-DSAR45M00281,18.7385
sub-DSAR45M00282,12.6994
sub-DSAR45M00283,7.2992
sub-DSAR45M00284,11.4286
sub-DSAR45M00285,15.1473
sub-DSAR45M00286,8.2224
sub-DSAR45M00287,10.7823
sub-DSAR45M00288,15.2043
sub-DSAR45M00289,10.8848
sub-DSAR45M00290,5.2584
sub-DSAR45M00291,13.5252
sub-DSAR45M00292,15.1564
sub-DSAR45M00293,14.0635
sub-DSAR45M00294,14.1232
sub-DSAR45M00295,10.7364
sub-DSAR45M00296,9.9849
sub-DSAR45M00297,11.3534
sub-DSAR45M00298,14.3709
sub-DSAR45M00299,16.4595
sub-DSAR45M00300,11.1632
sub-DSAR45M00301,13.4401
sub-DSAR45M00302,7.7313
sub-DSAR45M00303,16.3989
sub-DSAR45M00304,9.4798
sub-DSAR45M00305,11.5232
sub-DSAR45M00306,10.7877
sub-DSAR45M00307,10.3942
sub-DSAR45M00308,6.6772
sub-DSAR45M00309,18.9168
sub-DSAR45M00310,10.7774
sub-DSAR45M00311,11.9033
sub-DSAR45M00312,11.6474
sub-DSAR45M00313,12.6509
sub-DSAR45M00314,15.0453
sub-DSAR45M00315,11.7616
sub-DSAR45M00316,10.5736
sub-DSAR45M00317,10.8994
sub-DSAR45M00318,16.1929
sub-DSAR45M00319,10.8128
sub-DSAR45M00320,9.1375
sub-DSAR45M00321,10.7483
sub-DSAR45M00322,12.6817
sub-DSAR45M00323,11.1708
sub-DSAR45M00324,7.9783
sub-DSAR45M00325,5.6095
sub-DSAR45M00326,13.1123
sub-DSAR45M00327,15.343
sub-DSAR45M00328,7.5214
sub-DSAR45M00329,9.5684
sub-DSAR45M00330,7.6019
sub-DSAR45M00331,10.095
sub-DSAR45M00332,13.5269
sub-DSAR45M00333,11.6766
sub-DSAR45M00334,
sub-DSAR45M00335,16.2576
sub-DSAR45M00336,11.9206
sub-DSAR45M00337,17.1525
sub-DSAR45M00338,17.1071
sub-DSAR45M00339,13.9011
sub-DSAR45M00340,12.1046
sub-DSAR45M00341,10.2932
sub-DSAR45M00342,21.3109
sub-DSAR45M00343,12.8595
sub-DSAR45M00344,10.9111
sub-DSAR45M00345,12.2828
sub-DSAR45M00346,5.467
sub-DSAR45M00347,14.9469
sub-DSAR45M00348,15.8359
sub-DSAR45M00349,10.0769
sub-DSAR45M00350,14.7805
sub-DSAR45M00351,9.4205
sub-DSAR45M00352,18.606
sub-DSAR45M00353,14.9423
sub-DSAR45M00354,7.2809
sub-DSAR45M00355,11.9577
sub-DSAR45M00356,9.8521
sub-DSAR45M00357,11.0903
sub-DSAR45M00358,10.9081
sub-DSAR45M00359,10.1777
sub-DSAR45M00360,15.4463
sub-DSAR45M00361,14.4209
sub-DSAR45M00362,10.8282
sub-DSAR45M00363,14.9999
sub-DSAR45M00364,7.4481
sub-DSAR45M00365,11.078
sub-DSAR45M00366,13.007
sub-DSAR45M00367,16.5142
sub-DSAR45M00368,8.114
sub-DSAR45M00369,19.6189
sub-DSAR45M00370,16.3081
sub-DSAR45M00371,11.6068
sub-DSAR45M00372,9.5293
sub-DSAR45M00373,9.5332
sub-DSAR45M00374,9.3687
sub-DSAR45M00375,13.1404
sub-DSAR45M00376,14.8904
sub-DSAR45M00377,14.017
sub-DSAR45M00378,11.3214
sub-DSAR45M00379,15.6907
sub-DSAR45M00380,13.9597
sub-DSAR45M00381,14.4865
sub-DSAR45M00382,12.3437
sub-DSAR45M00383,18.1727
sub-DSAR45M00384,13.9551
sub-DSAR45M00385,14.7752
sub-DSAR45M00386,12.2622
sub-DSAR45M00387,11.6728
sub-DSAR45M00388,18.0186
sub-DSAR45M00389,7.8299
sub-DSAR45M00390,13.1024
sub-DSAR45M00391,10.6411
sub-DSAR45M00392,11.2749
sub-DSAR45M00393,14.2156
sub-DSAR45M00394,9.2206
sub-DSAR45M00395,10.1737
sub-DSAR45M00396,6.3543
sub-DSAR45M00397,13.0299
sub-DSAR45M00398,10.174
sub-DSAR45M00399,
sub-DSAR45M00400,14.9034
sub-DSAR45M00401,11.2423
sub-DSAR45M00402,15.1361
sub-DSAR45M00403,
sub-DSAR45M00404,15.008
sub-DSAR45M00405,14.1356
sub-DSAR45M00406,8.4266
sub-DSAR45M00407,9.5084
sub-DSAR45M00408,10.1992
sub-DSAR45M00409,10.884
sub-DSAR45M00410,19.8351
sub-DSAR45M00411,12.9342
sub-DSAR45M00412,8.947
sub-DSAR45M00413,7.0043
sub-DSAR45M00414,11.6899
sub-DSAR45M00415,12.9535
sub-DSAR45M00416,11.4939
sub-DSAR45M00417,14.3854
sub-DSAR45M00418,10.149
sub-DSAR45M00419,9.5611
sub-DSAR45M00420,10.9193
sub-DSAR45M00421,12.947
sub-DSAR45M00422,11.9191
sub-DSAR45M00423,10.6445
sub-DSAR45M00424,20.6917
sub-DSAR45M00425,12.7933
sub-DSAR45M00426,9.4093
sub-DSAR45M00427,16.9259
sub-DSAR45M00428,8.2864
sub-DSAR45M00429,10.4462
sub-DSAR45M00430,13.7239
sub-DSAR45M00431,6.4066
sub-DSAR45M00432,11.3637
sub-DSAR45M00433,8.4221
sub-DSAR45M00434,12.2709
sub-DSAR45M00435,11.2647
sub-DSAR45M00436,12.0429
sub-DSAR45M00437,16.5045
sub-DSAR45M00438,13.7848
sub-DSAR45M00439,8.1974
sub-DSAR45M00440,12.0992
sub-DSAR45M00441,19.3183
sub-DSAR45M00442,18.8216
sub-DSAR45M00443,11.8616
sub-DSAR45M00444,
sub-DSAR45M00445,9.1388
sub-DSAR45M00446,16.9232
sub-DSAR45M00447,9.5082
sub-DSAR45M00448,11.4365
sub-DSAR45M00449,11.6234
sub-DSAR45M00450,11.9901
sub-DSAR45M00451,17.6665
sub-DSAR45M00452,10.6699
sub-DSAR45M00453,
sub-DSAR45M00454,11.7289
sub-DSAR45M00455,14.6737
sub-DSAR45M00456,6.9328
sub-DSAR45M00457,10.7759
sub-DSAR45M00458,14.9699
sub-DSAR45M00459,11.8117
sub-DSAR45M00460,4.8345
sub-DSAR45M00461,13.7793
sub-DSAR45M00462,12.9836
sub-DSAR45M00463,
sub-DSAR45M00464,7.0147
sub-DSAR45M00465,13.3085
sub-DSAR45M00466,12.6369
sub-DSAR45M00467,9.6205
sub-DSAR45M00468,9.2668
sub-DSAR45M00469,11.267
sub-DSAR45M00470,10.2512
sub-DSAR45M00471,12.023
sub-DSAR45M00472,13.2031
sub-DSAR45M00473,12.4638
sub-DSAR45M00474,10.0029
sub-DSAR45M00475,11.0824
sub-DSAR45M00476,15.0483
sub-DSAR45M00477,13.746
sub-DSAR45M00478,6.2005
sub-DSAR45M00479,13.95
sub-DSAR45M00480,13.3094
sub-DSAR45M00481,7.5203
sub-DSAR45M00482,12.5483
sub-DSAR45M00483,13.2084
sub-DSAR45M00484,9.413
sub-DSAR45M00485,11.0219
sub-DSAR45M00486,10.0686
sub-DSAR45M00487,13.9812
sub-DSAR45M00488,14.7886
sub-DSAR45M00489,14.1265
sub-DSAR45M00490,12.8962
sub-DSAR45M00491,13.4433
sub-DSAR45M00492,10.4202
sub-DSAR45M00493,17.4735
sub-DSAR45M00494,15.6591
sub-DSAR45M00495,17.1765
sub-DSAR45M00496,10.107
sub-DSAR45M00497,9.1441
sub-DSAR45M00498,15.1893
sub-DSAR45M00499,11.7967
sub-DSAR45M00500,
sub-DSAR45M00501,6.9128
sub-DSAR45M00502,14.6072
sub-DSAR45M00503,7.7752
sub-DSAR45M00504,14.8472
sub-DSAR45M00505,12.2273
sub-DSAR45M00506,11.708
sub-DSAR45M00507,10.4211
sub-DSAR45M00508,9.2841
sub-DSAR45M00509,9.0614
sub-DSAR45M00510,11.7792
sub-DSAR45M00511,16.2577
sub-DSAR45M00512,9.0048
sub-DSAR45M00513,9.8529
sub-DSAR45M00514,19.1895
sub-DSAR45M00515,12.338
sub-DSAR45M00516,14.8478
sub-DSAR45M00517,6.0758
sub-DSAR45M00518,16.9753
sub-DSAR45M00519,13.5751
sub-DSAR45M00520,
sub-DSAR45M00521,
sub-DSAR45M00522,15.2605
sub-DSAR45M00523,14.2059
sub-DSAR45M00524,10.816
sub-DSAR45M00525,15.558
sub-DSAR45M00526,9.8921
sub-DSAR45M00527,9.7632
sub-DSAR45M00528,13.9428
sub-DSAR45M00529,15.2044
sub-DSAR45M00530,4.9664
sub-DSAR45M00531,19.3677
sub-DSAR45M00532,11.7671
sub-DSAR45M00533,9.7933
sub-DSAR45M00534,16.1671
sub-DSAR45M00535,14.8588
sub-DSAR45M00536,11.6744
sub-DSAR45M00537,14.4963
sub-DSAR45M00538,15.3522
sub-DSAR45M00539,10.0255
sub-DSAR45M00540,14.3655
sub-DSAR45M00541,11.0721
sub-DSAR45M00542,18.7101
sub-DSAR45M00543,11.7869
sub-DSAR45M00544,14.0374
sub-DSAR45M00545,13.5547
sub-DSAR45M00546,11.2446
sub-DSAR45M00547,7.707
sub-DSAR45M00548,13.3906
sub-DSAR45M00549,10.9099
sub-DSAR45M00550,13.3713
sub-DSAR45M00551,9.703
sub-DSAR45M00552,11.162
sub-DSAR45M00553,9.1677
sub-DSAR45M00554,14.0048
sub-DSAR45M00555,16.5885
sub-DSAR45M00556,14.4296
sub-DSAR45M00557,11.5989
sub-DSAR45M00558,8.6635
sub-DSAR45M00559,11.2932
sub-DSAR45M00560,12.3425
sub-DSAR45M00561,9.6825
sub-DSAR45M00562,
sub-DSAR45M00563,14.969
sub-DSAR45M00564,5.9611
sub-DSAR45M00565,9.1299
sub-DSAR45M00566,4.4815
sub-DSAR45M00567,15.4836
sub-DSAR45M00568,13.5347
sub-DSAR45M00569,13.595
sub-DSAR45M00570,14.7221
sub-DSAR45M00571,11.6808
sub-DSAR45M00572,10.452
sub-DSAR45M00573,12.0937
sub-DSAR45M00574,10.6096
sub-DSAR45M00575,13.5465
sub-DSAR45M00576,8.1532
sub-DSAR45M00577,10.8875
sub-DSAR45M00578,9.7427
sub-DSAR45M00579,11.4565
sub-DSAR45M00580,9.4349
sub-DSAR45M00581,11.5772
sub-DSAR45M00582,12.943
sub-DSAR45M00583,15.0921
sub-DSAR45M00584,17.9116
sub-DSAR45M00585,17.7369
sub-DSAR45M00586,13.1417
sub-DSAR45M00587,6.6002
sub-DSAR45M00588,11.8353
sub-DSAR45M00589,16.9476
sub-DSAR45M00590,12.3277
sub-DSAR45M00591,14.7806
sub-DSAR45M00592,7.2923
sub-DSAR45M00593,13.2115
sub-DSAR45M00594,9.5289
sub-DSAR45M00595,9.8301
sub-DSAR45M00596,9.4608
sub-DSAR45M00597,7.2722
sub-DSAR45M00598,16.9845
sub-DSAR45M00599,13.2162
sub-DSAR45M00600,13.0174
sub-DSAR45M00601,7.0192
sub-DSAR45M00602,8.9593
sub-DSAR45M00603,10.1954
sub-DSAR45M00604,11.8303
sub-DSAR45M00605,12.6123
sub-DSAR45M00606,11.1024
sub-DSAR45M00607,13.0227
sub-DSAR45M00608,13.5743
sub-DSAR45M00609,10.4309
sub-DSAR45M00610,14.1648
sub-DSAR45M00611,13.4793
sub-DSAR45M00612,12.6385
sub-DSAR45M00613,12.6777
sub-DSAR45M00614,7.3906
sub-DSAR45M00615,8.355
sub-DSAR45M00616,10.1451
sub-DSAR45M00617,11.2729
sub-DSAR45M00618,11.7853
sub-DSAR45M00619,9.3546
sub-DSAR45M00620,12.9741
sub-DSAR45M00621,13.4221
sub-DSAR45M00622,17.8212
sub-DSAR45M00623,15.93
sub-DSAR45M00624,8.9857
sub-DSAR45M00625,10.9693
sub-DSAR45M00626,12.7445
sub-DSAR45M00627,10.4518
sub-DSAR45M00628,13.9754
sub-DSAR45M00629,11.5194
sub-DSAR45M00630,11.0038
sub-DSAR45M00631,11.2636
sub-DSAR45M00632,12.1632
sub-DSAR45M00633,9.8517
sub-DSAR45M00634,17.9979
sub-DSAR45M00635,9.5485
sub-DSAR45M00636,10.0246
sub-DSAR45M00637,12.0831
sub-DSAR45M00638,11.6893
sub-DSAR45M00639,5.9977
sub-DSAR45M00640,14.473
sub-DSAR45M00641,12.3264
sub-DSAR45M00642,17.057
sub-DSAR45M00643,13.0299
sub-DSAR45M00644,9.2744
sub-DSAR45M00645,7.1059
sub-DSAR45M00646,12.608
sub-DSAR45M00647,12.301
sub-DSAR45M00648,10.2907
sub-DSAR45M00649,11.4291
sub-DSAR45M00650,
sub-DSAR45M00651,13.1622
sub-DSAR45M00652,8.9963
sub-DSAR45M00653,18.7957
sub-DSAR45M00654,9.9594
sub-DSAR45M00655,6.3635
sub-DSAR45M00656,7.7741
sub-DSAR45M00657,13.2388
sub-DSAR45M00658,8.2273
sub-DSAR45M00659,19.4923
sub-DSAR45M00660,15.9494
sub-DSAR45M00661,14.0113
sub-DSAR45M00662,6.7073
sub-DSAR45M00663,15.3018
sub-DSAR45M00664,13.7083
sub-DSAR45M00665,5.5739
sub-DSAR45M00666,11.0422
sub-DSAR45M00667,13.4466
sub-DSAR45M00668,15.2931
sub-DSAR45M00669,10.5394
sub-DSAR45M00670,11.4582
sub-DSAR45M00671,6.7793
sub-DSAR45M00672,11.9524
sub-DSAR45M00673,21.0031
sub-DSAR45M00674,6.0862
sub-DSAR45M00675,11.5006
sub-DSAR45M00676,13.6011
sub-DSAR45M00677,12.9146
sub-DSAR45M00678,8.6071
sub-DSAR45M00679,
sub-DSAR45M00680,10.6119
sub-DSAR45M00681,10.4853
sub-DSAR45M00682,13.4846
sub-DSAR45M00683,11.3677
sub-DSAR45M00684,17.658
sub-DSAR45M00685,14.2046
sub-DSAR45M00686,8.225
sub-DSAR45M00687,14.9072
sub-DSAR45M00688,7.7795
sub-DSAR45M00689,11.201
sub-DSAR45M00690,3.8456
sub-DSAR45M00691,11.7881
sub-DSAR45M00692,10.2788
sub-DSAR45M00693,13.4878
sub-DSAR45M00694,12.8647
sub-DSAR45M00695,12.6984
sub-DSAR45M00696,11.8048
sub-DSAR45M00697,9.014
sub-DSAR45M00698,11.0361
sub-DSAR45M00699,11.8143
sub-DSAR45M00700,19.2475
sub-DSAR45M00701,13.2392
sub-DSAR45M00702,18.4622
sub-DSAR45M00703,12.015
sub-DSAR45M00704,13.2891
sub-DSAR45M00705,16.0973
sub-DSAR45M00706,17.8002
sub-DSAR45M00707,15.0903
sub-DSAR45M00708,10.6286
sub-DSAR45M00709,14.3503
sub-DSAR45M00710,12.6808
sub-DSAR45M00711,5.9457
sub-DSAR45M00712,11.1874
sub-DSAR45M00713,13.283
sub-DSAR45M00714,11.0812
sub-DSAR45M00715,12.8543
sub-DSAR45M00716,7.2227
sub-DSAR45M00717,10.8345
sub-DSAR45M00718,16.0456
sub-DSAR45M00719,14.11
sub-DSAR45M00720,14.9328
sub-DSAR45M00721,15.6797
sub-DSAR45M00722,11.4049
sub-DSAR45M00723,17.5495
sub-DSAR45M00724,11.8237
sub-DSAR45M00725,8.8033
sub-DSAR45M00726,15.9826
sub-DSAR45M00727,14.5943
sub-DSAR45M00728,10.7897
sub-DSAR45M00729,15.3301
sub-DSAR45M00730,10.758
sub-DSAR45M00731,11.8981
sub-DSAR45M00732,12.92
sub-DSAR45M00733,11.4738
sub-DSAR45M00734,16.562
sub-DSAR45M00735,14.6504
sub-DSAR45M00736,14.3256
sub-DSAR45M00737,8.3684
sub-DSAR45M00738,12.4004
sub-DSAR45M00739,8.3095
sub-DSAR45M00740,11.8414
sub-DSAR45M00741,5.5897
sub-DSAR45M00742,14.0064
sub-DSAR45M00743,17.3999
sub-DSAR45M00744,10.7901
sub-DSAR45M00745,10.9185
sub-DSAR45M00746,9.6754
sub-DSAR45M00747,
sub-DSAR45M00748,16.5123
sub-DSAR45M00749,6.6185
sub-DSAR45M00750,18.2279
sub-DSAR45M00751,
sub-DSAR45M00752,13.3674
sub-DSAR45M00753,13.2009
sub-DSAR45M00754,7.4472
sub-DSAR45M00755,13.8311
sub-DSAR45M00756,13.0498
sub-DSAR45M00757,15.7058
sub-DSAR45M00758,13.5139
sub-DSAR45M00759,9.8359
sub-DSAR45M00760,14.215
sub-DSAR45M00761,13.2665
sub-DSAR45M00762,14.388
sub-DSAR45M00763,11.5963
sub-DSAR45M00764,14.1265
sub-DSAR45M00765,9.476
sub-DSAR45M00766,10.732
sub-DSAR45M00767,10.5998
sub-DSAR45M00768,
sub-DSAR45M00769,13.1161
sub-DSAR45M00770,9.396
sub-DSAR45M00771,10.91
sub-DSAR45M00772,15.0097
sub-DSAR45M00773,11.9182
sub-DSAR45M00774,16.6032
sub-DSAR45M00775,13.1867
sub-DSAR45M00776,10.1484
sub-DSAR45M00777,11.6459
sub-DSAR45M00778,12.823
sub-DSAR45M00779,12.1736
sub-DSAR45M00780,10.5904
sub-DSAR45M00781,10.5232
sub-DSAR45M00782,10.6826
sub-DSAR45M00783,16.1906
sub-DSAR45M00784,14.2626
sub-DSAR45M00785,10.2711
sub-DSAR45M00786,16.0039
sub-DSAR45M00787,8.4686
sub-DSAR45M00788,13.5856
sub-DSAR45M00789,10.0809
sub-DSAR45M00790,15.2904
sub-DSAR45M00791,15.9395
sub-DSAR45M00792,7.1156
sub-DSAR45M00793,15.824
sub-DSAR45M00794,8.7916
sub-DSAR45M00795,18.3677
sub-DSAR45M00796,12.2949
sub-DSAR45M00797,12.1811
sub-DSAR45M00798,11.8952
sub-DSAR45M00799,11.827
sub-DSAR45M00800,7.5308
sub-DSAR45M00801,12.3622
sub-DSAR45M00802,10.184
sub-DSAR45M00803,14.8806
sub-DSAR45M00804,8.1182
sub-DSAR45M00805,14.294
sub-DSAR45M00806,11.1972
sub-DSAR45M00807,11.0043
sub-DSAR45M00808,10.516
sub-DSAR45M00809,12.201
sub-DSAR45M00810,15.7189
sub-DSAR45M00811,14.493
sub-DSAR45M00812,13.0131
sub-DSAR45M00813,5.6066
sub-DSAR45M00814,12.9093
sub-DSAR45M00815,10.1638
sub-DSAR45M00816,9.6962
sub-DSAR45M00817,12.3105
sub-DSAR45M00818,13.8338
sub-DSAR45M00819,11.6356
sub-DSAR45M00820,11.7896
sub-DSAR45M00821,13.1426
sub-DSAR45M00822,13.4878
sub-DSAR45M00823,6.4845
sub-DSAR45M00824,3.8495
sub-DSAR45M00825,14.2746
sub-DSAR45M00826,9.3558
sub-DSAR45M00827,13.1907
sub-DSAR45M00828,11.7132
sub-DSAR45M00829,12.1502
sub-DSAR45M00830,15.8982
sub-DSAR45M00831,13.7063
sub-DSAR45M00832,12.6677
sub-DSAR45M00833,13.9779
sub-DSAR45M00834,14.2358
sub-DSAR45M00835,10.0897
sub-DSAR45M00836,13.4766
sub-DSAR45M00837,9.6194
sub-DSAR45M00838,10.0818
sub-DSAR45M00839,9.8267
sub-DSAR45M00840,13.7701
sub-DSAR45M00841,11.2259
sub-DSAR45M00842,8.0014
sub-DSAR45M00843,11.5416
sub-DSAR45M00844,13.5701
sub-DSAR45M00845,11.6583
sub-DSAR45M00846,9.0496
sub-DSAR45M00847,5.8327
sub-DSAR45M00848,12.5061
sub-DSAR45M00849,10.9587
sub-DSAR45M00850,17.8558
sub-DSAR45M00851,20.0359
sub-DSAR45M00852,12.4504
sub-DSAR45M00853,13.0593
sub-DSAR45M00854,9.2953
sub-DSAR45M00855,14.4342
sub-DSAR45M00856,15.4126
sub-DSAR45M00857,10.6211
sub-DSAR45M00858,10.3868
sub-DSAR45M00859,10.758
sub-DSAR45M00860,
sub-DSAR45M00861,17.3273
sub-DSAR45M00862,13.0183
sub-DSAR45M00863,12.3798
sub-DSAR45M00864,7.8561
sub-DSAR45M00865,14.1762
sub-DSAR45M00866,12.2411
sub-DSAR45M00867,15.0573
sub-DSAR45M00868,4.8394
sub-DSAR45M00869,7.0338
sub-DSAR45M00870,
sub-DSAR45M00871,8.4464
sub-DSAR45M00872,11.5779
sub-DSAR45M00873,12.657
sub-DSAR45M00874,8.5717
sub-DSAR45M00875,11.2304
sub-DSAR45M00876,12.3272
sub-DSAR45M00877,10.3914
sub-DSAR45M00878,11.451
sub-DSAR45M00879,10.1466
sub-DSAR45M00880,12.9646
sub-DSAR45M00881,11.8025
sub-DSAR45M00882,9.2851
sub-DSAR45M00883,8.3172
sub-DSAR45M00884,14.2986
sub-DSAR45M00885,16.6096
sub-DSAR45M00886,11.7291
sub-DSAR45M00887,15.3535
sub-DSAR45M00888,14.3687
sub-DSAR45M00889,12.3966
sub-DSAR45M00890,11.1717
sub-DSAR45M00891,15.9569
sub-DSAR45M00892,11.0736
sub-DSAR45M00893,17.6211
sub-DSAR45M00894,16.0924
sub-DSAR45M00895,16.3239
sub-DSAR45M00896,14.3252
sub-DSAR45M00897,10.6469
sub-DSAR45M00898,8.3164
sub-DSAR45M00899,15.8037
sub-DSAR45M00900,15.0682
sub-DSAR45M00901,11.6026
sub-DSAR45M00902,12.1551
sub-DSAR45M00903,14.6185
sub-DSAR45M00904,12.7027
sub-DSAR45M00905,5.0752
sub-DSAR45M00906,7.856
sub-DSAR45M00907,14.9349
sub-DSAR45M00908,17.0805
sub-DSAR45M00909,8.1441
sub-DSAR45M00910,9.8205
sub-DSAR45M00911,14.8051
sub-DSAR45M00912,14.5138
sub-DSAR45M00913,18.4188
sub-DSAR45M00914,15.076
sub-DSAR45M00915,10.4444
sub-DSAR45M00916,11.1934
sub-DSAR45M00917,11.2923
sub-DSAR45M00918,19.8934
sub-DSAR45M00919,13.208
sub-DSAR45M00920,8.8532
sub-DSAR45M00921,10.6387
sub-DSAR45M00922,14.5806
sub-DSAR45M00923,10.3449
sub-DSAR45M00924,12.211
sub-DSAR45M00925,19.5001
sub-DSAR45M00926,11.414
sub-DSAR45M00927,14.8478
sub-DSAR45M00928,13.219
sub-DSAR45M00929,8.6714
sub-DSAR45M00930,11.1235
sub-DSAR45M00931,11.6656
sub-DSAR45M00932,10.4219
sub-DSAR45M00933,9.3192
sub-DSAR45M00934,14.3915
sub-DSAR45M00935,14.1447
sub-DSAR45M00936,12.9511
sub-DSAR45M00937,12.9333
sub-DSAR45M00938,12.8477
sub-DSAR45M00939,15.4745
sub-DSAR45M00940,6.8686
sub-DSAR45M00941,11.3681
sub-DSAR45M00942,17.3908
sub-DSAR45M00943,10.6203
sub-DSAR45M00944,12.2311
sub-DSAR45M00945,18.1108
sub-DSAR45M00946,12.1507
sub-DSAR45M00947,14.5523
sub-DSAR45M00948,11.6865
sub-DSAR45M00949,7.6726
sub-DSAR45M00950,14.0939
sub-DSAR45M00951,11.3594
sub-DSAR45M00952,11.4718
sub-DSAR45M00953,8.3948
sub-DSAR45M00954,13.1229
sub-DSAR45M00955,15.3628
sub-DSAR45M00956,12.4041
sub-DSAR45M00957,12.8437
sub-DSAR45M00958,14.9395
sub-DSAR45M00959,11.8056
sub-DSAR45M00960,17.6086
sub-DSAR45M00961,11.7514
sub-DSAR45M00962,11.6657
sub-DSAR45M00963,12.295
sub-DSAR45M00964,6.9935
sub-DSAR45M00965,13.6684
sub-DSAR45M00966,3.6846
sub-DSAR45M00967,20.3145
sub-DSAR45M00968,8.9833
sub-DSAR45M00969,8.5306
sub-DSAR45M00970,9.0452
sub-DSAR45M00971,6.1327
sub-DSAR45M00972,14.4402
sub-DSAR45M00973,16.2939
sub-DSAR45M00974,11.0384
sub-DSAR45M00975,6.4549
sub-DSAR45M00976,12.4883
sub-DSAR45M00977,12.0129
sub-DSAR45M00978,11.0374
sub-DSAR45M00979,8.271
sub-DSAR45M00980,7.7357
sub-DSAR45M00981,8.7278
sub-DSAR45M00982,10.8043
sub-DSAR45M00983,17.3255
sub-DSAR45M00984,9.9585
sub-DSAR45M00985,9.3079
sub-DSAR45M00986,10.9854
sub-DSAR45M00987,13.361
sub-DSAR45M00988,10.6458
sub-DSAR45M00989,13.6394
sub-DSAR45M00990,10.5901
sub-DSAR45M00991,17.6613
sub-DSAR45M00992,7.4569
sub-DSAR45M00993,14.575
sub-DSAR45M00994,15.1465
sub-DSAR45M00995,13.8897
sub-DSAR45M00996,11.4694
sub-DSAR45M00997,10.5483
sub-DSAR45M00998,11.4641
sub-DSAR45M00999,13.9702
sub-DSAR45M01000,20.8599
sub-DSAR45M01001,9.9724
sub-DSAR45M01002,14.4976
sub-DSAR45M01003,8.3054
sub-DSAR45M01004,11.6767
sub-DSAR45M01005,13.9019
sub-DSAR45M01006,14.0103
sub-DSAR45M01007,5.7719
sub-DSAR45M01008,10.1121
sub-DSAR45M01009,15.3998
sub-DSAR45M01010,13.5932
sub-DSAR45M01011,6.1781
sub-DSAR45M01012,12.5679
sub-DSAR45M01013,13.3791
sub-DSAR45M01014,8.4452
sub-DSAR45M01015,16.5599
sub-DSAR45M01016,19.3184
sub-DSAR45M01017,14.8109
sub-DSAR45M01018,15.2941
sub-DSAR45M01019,13.7799
sub-DSAR45M01020,12.087
sub-DSAR45M01021,10.5481
sub-DSAR45M01022,18.0434
sub-DSAR45M01023,13.6608
sub-DSAR45M01024,11.1824
sub-DSAR45M01025,9.0669
sub-DSAR45M01026,15.9945
sub-DSAR45M01027,16.2419
sub-DSAR45M01028,10.9409
sub-DSAR45M01029,13.6283
sub-DSAR45M01030,10.1765
sub-DSAR45M01031,13.6541
sub-DSAR45M01032,15.288
sub-DSAR45M01033,18.1451
sub-DSAR45M01034,14.6295
sub-DSAR45M01035,17.2823
sub-DSAR45M01036,10.3724
sub-DSAR45M01037,9.0413
sub-DSAR45M01038,12.9336
sub-DSAR45M01039,17.1097
sub-DSAR45M01040,12.0502
sub-DSAR45M01041,18.0557
sub-DSAR45M01042,13.1409
sub-DSAR45M01043,11.2852
sub-DSAR45M01044,15.4179
sub-DSAR45M01045,13.7702
sub-DSAR45M01046,12.5111
sub-DSAR45M01047,13.0731
sub-DSAR45M01048,8.334
sub-DSAR45M01049,10.1866
sub-DSAR45M01050,11.6109
sub-DSAR45M01051,12.3425
sub-DSAR45M01052,9.792
sub-DSAR45M01053,13.9153
sub-DSAR45M01054,15.1713
sub-DSAR45M01055,13.4879
sub-DSAR45M01056,12.8169
sub-DSAR45M01057,13.2077
sub-DSAR45M01058,12.4451
sub-DSAR45M01059,12.2365
sub-DSAR45M01060,9.8162
sub-DSAR45M01061,17.2938
sub-DSAR45M01062,17.9667
sub-DSAR45M01063,7.4438
sub-DSAR45M01064,13.4787
sub-DSAR45M01065,8.4951
sub-DSAR45M01066,16.0404
sub-DSAR45M01067,8.9332
sub-DSAR45M01068,11.3725
sub-DSAR45M01069,10.5762
sub-DSAR45M01070,6.2952
sub-DSAR45M01071,10.7788
sub-DSAR45M01072,8.6369
sub-DSAR45M01073,14.5528
sub-DSAR45M01074,12.6653
sub-DSAR45M01075,10.0864
sub-DSAR45M01076,15.3081
sub-DSAR45M01077,14.7123
sub-DSAR45M01078,10.3587
sub-DSAR45M01079,12.8911
sub-DSAR45M01080,14.1835
sub-DSAR45M01081,16.4977
sub-DSAR45M01082,8.9093
sub-DSAR45M01083,10.1085
sub-DSAR45M01084,17.7227
sub-DSAR45M01085,10.4392
sub-DSAR45M01086,6.8465
sub-DSAR45M01087,14.3007
sub-DSAR45M01088,12.2975
sub-DSAR45M01089,7.9921
sub-DSAR45M01090,10.7592
sub-DSAR45M01091,11.9444
sub-DSAR45M01092,15.1045
sub-DSAR45M01093,13.5021
sub-DSAR45M01094,9.8889
sub-DSAR45M01095,13.478
sub-DSAR45M01096,9.4824
sub-DSAR45M01097,11.9425
sub-DSAR45M01098,20.2619
sub-DSAR45M01099,11.6877
sub-DSAR45M01100,11.8393
sub-DSAR45M01101,11.2313
sub-DSAR45M01102,12.5286
sub-DSAR45M01103,12.7261
sub-DSAR45M01104,12.0328
sub-DSAR45M01105,13.7948
sub-DSAR45M01106,16.1412
sub-DSAR45M01107,8.0527
sub-DSAR45M01108,12.0106
sub-DSAR45M01109,12.0802
sub-DSAR45M01110,6.6591
sub-DSAR45M01111,10.0549
sub-DSAR45M01112,15.4001
sub-DSAR45M01113,8.2264
sub-DSAR45M01114,17.3104
sub-DSAR45M01115,11.2603
sub-DSAR45M01116,10.9576
sub-DSAR45M01117,
sub-DSAR45M01118,15.1187
sub-DSAR45M01119,12.5544
sub-DSAR45M01120,11.6656
sub-DSAR45M01121,11.6957
sub-DSAR45M01122,14.603
sub-DSAR45M01123,11.712
sub-DSAR45M01124,11.1641
sub-DSAR45M01125,11.1057
sub-DSAR45M01126,8.2969
sub-DSAR45M01127,12.8728
sub-DSAR45M01128,16.7733
sub-DSAR45M01129,12.5044
sub-DSAR45M01130,12.644
sub-DSAR45M01131,14.5676
sub-DSAR45M01132,11.2609
sub-DSAR45M01133,8.6898
sub-DSAR45M01134,15.693
sub-DSAR45M01135,15.9547
sub-DSAR45M01136,19.7566
sub-DSAR45M01137,16.4928
sub-DSAR45M01138,16.793
sub-DSAR45M01139,13.0408
sub-DSAR45M01140,13.6372
sub-DSAR45M01141,14.4138
sub-DSAR45M01142,13.9571
sub-DSAR45M01143,10.0043
sub-DSAR45M01144,7.5734
sub-DSAR45M01145,18.8369
sub-DSAR45M01146,13.7156
sub-DSAR45M01147,11.6806
sub-DSAR45M01148,
sub-DSAR45M01149,14.0049
sub-DSAR45M01150,15.0459
sub-DSAR45M01151,14.4861
sub-DSAR45M01152,14.5824
sub-DSAR45M01153,9.6843
sub-DSAR45M01154,15.4633
sub-DSAR45M01155,4.1031
sub-DSAR45M01156,14.6849
sub-DSAR45M01157,13.3365
sub-DSAR45M01158,18.361
sub-DSAR45M01159,10.2927
sub-DSAR45M01160,11.1715
sub-DSAR45M01161,12.9337
sub-DSAR45M01162,17.6335
sub-DSAR45M01163,12.2909
sub-DSAR45M01164,5.9059
sub-DSAR45M01165,12.2289
sub-DSAR45M01166,4.7636
sub-DSAR45M01167,10.2656
sub-DSAR45M01168,3.4641
sub-DSAR45M01169,14.1252
sub-DSAR45M01170,5.6495
sub-DSAR45M01171,9.001
sub-DSAR45M01172,8.0502
sub-DSAR45M01173,13.9944
sub-DSAR45M01174,11.3936
sub-DSAR45M01175,12.7471
sub-DSAR45M01176,10.2566
sub-DSAR45M01177,7.458
sub-DSAR45M01178,16.3596
sub-DSAR45M01179,13.5939
sub-DSAR45M01180,11.272
sub-DSAR45M01181,7.422
sub-DSAR45M01182,16.8715
sub-DSAR45M01183,16.4413
sub-DSAR45M01184,10.0167
sub-DSAR45M01185,13.5264
sub-DSAR45M01186,9.4445
sub-DSAR45M01187,11.2737
sub-DSAR45M01188,8.7247
sub-DSAR45M01189,10.5977
sub-DSAR45M01190,11.4936
sub-DSAR45M01191,12.6409
sub-DSAR45M01192,9.0768
sub-DSAR45M01193,14.8257
sub-DSAR45M01194,16.1129
sub-DSAR45M01195,13.0833
sub-DSAR45M01196,15.7217
sub-DSAR45M01197,10.356
sub-DSAR45M01198,
sub-DSAR45M01199,9.0871
sub-DSAR45M01200,14.2524
sub-DSAR45M01201,16.3281
sub-DSAR45M01202,13.4846
sub-DSAR45M01203,10.7979
sub-DSAR45M01204,6.4948
sub-DSAR45M01205,11.0414
sub-DSAR45M01206,13.4828
sub-DSAR45M01207,10.3864
sub-DSAR45M01208,16.9441
sub-DSAR45M01209,12.8457
sub-DSAR45M01210,12.3365
sub-DSAR45M01211,12.5783
sub-DSAR45M01212,13.4067
sub-DSAR45M01213,10.8557
sub-DSAR45M01214,8.1212
sub-DSAR45M01215,10.5262
sub-DSAR45M01216,12.153
sub-DSAR45M01217,12.3352
sub-DSAR45M01218,12.0759
sub-DSAR45M01219,12.3474
sub-DSAR45M01220,11.8662
sub-DSAR45M01221,14.7465
sub-DSAR45M01222,13.8767
sub-DSAR45M01223,7.9871
sub-DSAR45M01224,10.4927
sub-DSAR45M01225,14.5859
sub-DSAR45M01226,14.4611
sub-DSAR45M01227,12.4543
sub-DSAR45M01228,11.8942
sub-DSAR45M01229,10.5068
sub-DSAR45M01230,14.7939
sub-DSAR45M01231,10.529
sub-DSAR45M01232,16.245
sub-DSAR45M01233,10.1486
sub-DSAR45M01234,15.9824
sub-DSAR45M01235,13.0807
sub-DSAR45M01236,15.6953
sub-DSAR45M01237,15.5402
sub-DSAR45M01238,9.9107
sub-DSAR45M01239,8.7874
sub-DSAR45M01240,6.3139
sub-DSAR45M01241,10.809
sub-DSAR45M01242,4.3321
sub-DSAR45M01243,11.0663
sub-DSAR45M01244,13.2042
sub-DSAR45M01245,14.6361
sub-DSAR45M01246,8.8217
sub-DSAR45M01247,11.101
sub-DSAR45M01248,15.6254
sub-DSAR45M01249,10.9973
sub-DSAR45M01250,11.0273
sub-DSAR45M01251,13.2955
sub-DSAR45M01252,13.2266
sub-DSAR45M01253,13.1654
sub-DSAR45M01254,14.0791
sub-DSAR45M01255,11.0285
sub-DSAR45M01256,13.6083
sub-DSAR45M01257,11.066
sub-DSAR45M01258,17.4763
sub-DSAR45M01259,15.7204
sub-DSAR45M01260,14.6894
sub-DSAR45M01261,14.505
sub-DSAR45M01262,13.483
sub-DSAR45M01263,14.1888
sub-DSAR45M01264,
sub-DSAR45M01265,8.6272
sub-DSAR45M01266,12.7729
sub-DSAR45M01267,11.0308
sub-DSAR45M01268,9.2876
sub-DSAR45M01269,15.389
sub-DSAR45M01270,13.9913
sub-DSAR45M01271,11.0863
sub-DSAR45M01272,11.8731
sub-DSAR45M01273,
sub-DSAR45M01274,9.3644
sub-DSAR45M01275,9.4095
sub-DSAR45M01276,11.0812
sub-DSAR45M01277,14.185
sub-DSAR45M01278,7.2958
sub-DSAR45M01279,19.9366
sub-DSAR45M01280,9.0089
sub-DSAR45M01281,14.9976
sub-DSAR45M01282,13.8678
sub-DSAR45M01283,14.8966
sub-DSAR45M01284,4.7286
sub-DSAR45M01285,9.7858
sub-DSAR45M01286,6.0595
sub-DSAR45M01287,10.6609
sub-DSAR45M01288,11.8189
sub-DSAR45M01289,12.3979
sub-DSAR45M01290,15.5284
sub-DSAR45M01291,11.0934
sub-DSAR45M01292,18.6221
sub-DSAR45M01293,9.1077
sub-DSAR45M01294,11.9182
sub-DSAR45M01295,12.1165
sub-DSAR45M01296,6.121
sub-DSAR45M01297,14.303
sub-DSAR45M01298,11.1943
sub-DSAR45M01299,11.0866
sub-DSAR45M01300,18.468
sub-DSAR45M01301,12.6934
sub-DSAR45M01302,12.535
sub-DSAR45M01303,6.0793
sub-DSAR45M01304,11.0202
sub-DSAR45M01305,5.7275
sub-DSAR45M01306,9.8743
sub-DSAR45M01307,9.6976
sub-DSAR45M01308,15.44
sub-DSAR45M01309,6.8759
sub-DSAR45M01310,9.1554
sub-DSAR45M01311,7.753
sub-DSAR45M01312,18.6813
sub-DSAR45M01313,8.3275
sub-DSAR45M01314,9.265
sub-DSAR45M01315,9.2577
sub-DSAR45M01316,15.1919
sub-DSAR45M01317,14.6386
sub-DSAR45M01318,12.9278
sub-DSAR45M01319,10.9188
sub-DSAR45M01320,11.5464
sub-DSAR45M01321,15.5919
sub-DSAR45M01322,17.9928
sub-DSAR45M01323,11.7127
sub-DSAR45M01324,13.7634
sub-DSAR45M01325,15.1396
sub-DSAR45M01326,10.0862
sub-DSAR45M01327,9.4325
sub-DSAR45M01328,7.2097
sub-DSAR45M01329,15.4138
sub-DSAR45M01330,11.8908
sub-DSAR45M01331,13.907
sub-DSAR45M01332,10.761
sub-DSAR45M01333,10.5707
sub-DSAR45M01334,13.4492
sub-DSAR45M01335,8.6558
sub-DSAR45M01336,11.2931
sub-DSAR45M01337,11.3712
sub-DSAR45M01338,14.9003
sub-DSAR45M01339,17.443
sub-DSAR45M01340,15.1224
sub-DSAR45M01341,13.3006
sub-DSAR45M01342,16.7848
sub-DSAR45M01343,11.3092
sub-DSAR45M01344,12.3363
sub-DSAR45M01345,9.0186
sub-DSAR45M01346,13.9879
sub-DSAR45M01347,10.3058
sub-DSAR45M01348,14.5817
sub-DSAR45M01349,8.8665
sub-DSAR45M01350,13.1516
sub-DSAR45M01351,10.7295
sub-DSAR45M01352,11.6726
sub-DSAR45M01353,15.185
sub-DSAR45M01354,18.6133
sub-DSAR45M01355,8.3237
sub-DSAR45M01356,14.7161
sub-DSAR45M01357,6.351
sub-DSAR45M01358,12.2229
sub-DSAR45M01359,13.5986
sub-DSAR45M01360,10.7012
sub-DSAR45M01361,11.9575
sub-DSAR45M01362,6.7249
sub-DSAR45M01363,9.7818
sub-DSAR45M01364,13.0485
sub-DSAR45M01365,7.5211
sub-DSAR45M01366,5.7071
sub-DSAR45M01367,11.9034
sub-DSAR45M01368,12.8015
sub-DSAR45M01369,8.3512
sub-DSAR45M01370,14.9206
sub-DSAR45M01371,13.8606
sub-DSAR45M01372,14.6027
sub-DSAR45M01373,10.8615
sub-DSAR45M01374,16.0457
sub-DSAR45M01375,6.7083
sub-DSAR45M01376,13.2198
sub-DSAR45M01377,10.3136
sub-DSAR45M01378,14.1442
sub-DSAR45M01379,8.4923
sub-DSAR45M01380,11.6944
sub-DSAR45M01381,15.8025
sub-DSAR45M01382,8.4029
sub-DSAR45M01383,10.1216
sub-DSAR45M01384,11.2723
sub-DSAR45M01385,17.7179
sub-DSAR45M01386,8.4472
sub-DSAR45M01387,10.5225
sub-DSAR45M01388,14.522
sub-DSAR45M01389,15.6752
sub-DSAR45M01390,10.7867
sub-DSAR45M01391,13.4764
sub-DSAR45M01392,11.9809
sub-DSAR45M01393,18.1091
sub-DSAR45M01394,9.9423
sub-DSAR45M01395,11.679
sub-DSAR45M01396,9.8111
sub-DSAR45M01397,8.7542
sub-DSAR45M01398,9.9859
sub-DSAR45M01399,13.6064
sub-DSAR45M01400,6.0722
sub-DSAR45M01401,13.3936
sub-DSAR45M01402,17.5731
sub-DSAR45M01403,5.6208
sub-DSAR45M01404,17.4576
sub-DSAR45M01405,12.8013
sub-DSAR45M01406,10.0634
sub-DSAR45M01407,16.2609
sub-DSAR45M01408,10.6426
sub-DSAR45M01409,
sub-DSAR45M01410,16.2491
sub-DSAR45M01411,6.9494
sub-DSAR45M01412,10.301
sub-DSAR45M01413,13.3483
sub-DSAR45M01414,15.966
sub-DSAR45M01415,9.3452
sub-DSAR45M01416,11.7023
sub-DSAR45M01417,11.859
sub-DSAR45M01418,11.2412
sub-DSAR45M01419,10.4669
sub-DSAR45M01420,16.7238
sub-DSAR45M01421,13.0469
sub-DSAR45M01422,9.1392
sub-DSAR45M01423,9.3566
sub-DSAR45M01424,11.4224
sub-DSAR45M01425,5.5154
sub-DSAR45M01426,15.5217
sub-DSAR45M01427,8.203
sub-DSAR45M01428,14.6025
sub-DSAR45M01429,16.2006
sub-DSAR45M01430,8.9145
sub-DSAR45M01431,10.6595
sub-DSAR45M01432,9.3385
sub-DSAR45M01433,18.2055
sub-DSAR45M01434,14.1677
sub-DSAR45M01435,9.9519
sub-DSAR45M01436,12.8385
sub-DSAR45M01437,8.5772
sub-DSAR45M01438,10.5946
sub-DSAR45M01439,6.0366
sub-DSAR45M01440,18.5831
sub-DSAR45M01441,13.396
sub-DSAR45M01442,9.3739
sub-DSAR45M01443,6.6783
sub-DSAR45M01444,10.1625
sub-DSAR45M01445,3.2979
sub-DSAR45M01446,11.1056
sub-DSAR45M01447,7.9651
sub-DSAR45M01448,11.8482
sub-DSAR45M01449,8.6024
sub-DSAR45M01450,10.9936
sub-DSAR45M01451,15.3269
sub-DSAR45M01452,11.9517
sub-DSAR45M01453,11.5047
sub-DSAR45M01454,17.196
sub-DSAR45M01455,10.341
sub-DSAR45M01456,12.7277
sub-DSAR45M01457,9.6868
sub-DSAR45M01458,11.5837
sub-DSAR45M01459,9.8061
sub-DSAR45M01460,11.7484
sub-DSAR45M01461,11.7843
sub-DSAR45M01462,17.07
sub-DSAR45M01463,16.2919
sub-DSAR45M01464,12.8289
sub-DSAR45M01465,15.8885
sub-DSAR45M01466,9.5459
sub-DSAR45M01467,16.6497
sub-DSAR45M01468,13.0053
sub-DSAR45M01469,13.4569
sub-DSAR45M01470,12.3541
sub-DSAR45M01471,16.6455
sub-DSAR45M01472,5.5285
sub-DSAR45M01473,13.098
sub-DSAR45M01474,8.3309
sub-DSAR45M01475,
sub-DSAR45M01476,11.4342
sub-DSAR45M01477,17.1588
sub-DSAR45M01478,9.5673
sub-DSAR45M01479,12.3756
sub-DSAR45M01480,10.2088
sub-DSAR45M01481,10.9402
sub-DSAR45M01482,12.4169
sub-DSAR45M01483,17.3397
sub-DSAR45M01484,11.954
sub-DSAR45M01485,20.8403
sub-DSAR45M01486,17.2636
sub-DSAR45M01487,13.1539
sub-DSAR45M01488,12.0871
sub-DSAR45M01489,6.8736
sub-DSAR45M01490,8.2894
sub-DSAR45M01491,13.9977
sub-DSAR45M01492,10.8414
sub-DSAR45M01493,13.3212
sub-DSAR45M01494,11.5641
sub-DSAR45M01495,11.1306
sub-DSAR45M01496,9.4049
sub-DSAR45M01497,15.4441
sub-DSAR45M01498,13.9332
sub-DSAR45M01499,13.0578
sub-DSAR45M01500,9.8009
sub-DSAR45M01501,10.4511
sub-DSAR45M01502,12.8663
sub-DSAR45M01503,15.6855
sub-DSAR45M01504,13.3014
sub-DSAR45M01505,11.4817
sub-DSAR45M01506,
sub-DSAR45M01507,15.5939
sub-DSAR45M01508,15.35
sub-DSAR45M01509,12.3536
sub-DSAR45M01510,17.2401
sub-DSAR45M01511,14.7721
sub-DSAR45M01512,15.8699
sub-DSAR45M01513,12.7094
sub-DSAR45M01514,15.658
sub-DSAR45M01515,7.7799
sub-DSAR45M01516,8.6
sub-DSAR45M01517,15.9821
sub-DSAR45M01518,12.1966
sub-DSAR45M01519,11.2975
sub-DSAR45M01520,14.8341
sub-DSAR45M01521,13.7093
sub-DSAR45M01522,12.2233
sub-DSAR45M01523,7.9147
sub-DSAR45M01524,16.0736
sub-DSAR45M01525,12.2739
sub-DSAR45M01526,14.3998
sub-DSAR45M01527,12.9584
sub-DSAR45M01528,3.2975
sub-DSAR45M01529,
sub-DSAR45M01530,11.1022
sub-DSAR45M01531,10.2212
sub-DSAR45M01532,5.6757
sub-DSAR45M01533,15.3174
sub-DSAR45M01534,6.8887
sub-DSAR45M01535,6.6925
sub-DSAR45M01536,11.9849
sub-DSAR45M01537,12.9202
sub-DSAR45M01538,8.2969
sub-DSAR45M01539,8.9254
sub-DSAR45M01540,11.9016
sub-DSAR45M01541,10.8426
sub-DSAR45M01542,10.044
sub-DSAR45M01543,9.4998
sub-DSAR45M01544,9.3721
sub-DSAR45M01545,10.5419
sub-DSAR45M01546,17.1652
sub-DSAR45M01547,13.5077
sub-DSAR45M01548,15.2931
sub-DSAR45M01549,12.0006
sub-DSAR45M01550,10.0489
sub-DSAR45M01551,14.7334
sub-DSAR45M01552,12.1475
sub-DSAR45M01553,13.2066
sub-DSAR45M01554,10.6918
sub-DSAR45M01555,12.9537
sub-DSAR45M01556,13.0396
sub-DSAR45M01557,12.0777
sub-DSAR45M01558,12.5498
sub-DSAR45M01559,8.9904
sub-DSAR45M01560,14.1609
sub-DSAR45M01561,12.2677
sub-DSAR45M01562,12.5689
sub-DSAR45M01563,12.0532
sub-DSAR45M01564,13.877
sub-DSAR45M01565,17.8181
sub-DSAR45M01566,16.2323
sub-DSAR45M01567,14.5767
sub-DSAR45M01568,7.3625
sub-DSAR45M01569,14.9806
sub-DSAR45M01570,15.0781
sub-DSAR45M01571,11.2137
sub-DSAR45M01572,11.7273
sub-DSAR45M01573,10.0119
sub-DSAR45M01574,4.5985
sub-DSAR45M01575,13.565
sub-DSAR45M01576,7.8912
sub-DSAR45M01577,10.4673
sub-DSAR45M01578,11.7745
sub-DSAR45M01579,11.7452
sub-DSAR45M01580,15.0507
sub-DSAR45M01581,13.3439
sub-DSAR45M01582,11.4512
sub-DSAR45M01583,6.1822
sub-DSAR45M01584,13.764
sub-DSAR45M01585,13.4611
sub-DSAR45M01586,11.8954
sub-DSAR45M01587,11.526
sub-DSAR45M01588,11.2663
sub-DSAR45M01589,16.7462
sub-DSAR45M01590,6.7665
sub-DSAR45M01591,11.3765
sub-DSAR45M01592,12.0327
sub-DSAR45M01593,12.7322
sub-DSAR45M01594,15.5524
sub-DSAR45M01595,
sub-DSAR45M01596,14.1827
sub-DSAR45M01597,11.1642
sub-DSAR45M01598,8.6167
sub-DSAR45M01599,14.2997
sub-DSAR45M01600,12.4528
sub-DSAR45M01601,12.0497
sub-DSAR45M01602,1.8138
sub-DSAR45M01603,4.2726
sub-DSAR45M01604,9.738
sub-DSAR45M01605,15.0936
sub-DSAR45M01606,11.9057
sub-DSAR45M01607,19.4167
sub-DSAR45M01608,13.3894
sub-DSAR45M01609,15.5436
sub-DSAR45M01610,12.7201
sub-DSAR45M01611,6.9326
sub-DSAR45M01612,17.0721
sub-DSAR45M01613,16.6251
sub-DSAR45M01614,11.4942
sub-DSAR45M01615,7.7101
sub-DSAR45M01616,10.8184
sub-DSAR45M01617,11.6302
sub-DSAR45M01618,7.4227
sub-DSAR45M01619,11.3185
sub-DSAR45M01620,13.7233
sub-DSAR45M01621,13.433
sub-DSAR45M01622,15.7643
sub-DSAR45M01623,9.0896
sub-DSAR45M01624,15.4654
sub-DSAR45M01625,16.002
sub-DSAR45M01626,7.1636
sub-DSAR45M01627,10.6324
sub-DSAR45M01628,10.4368
sub-DSAR45M01629,6.3288
sub-DSAR45M01630,13.5393
sub-DSAR45M01631,15.2192
sub-DSAR45M01632,12.1985
sub-DSAR45M01633,13.6167
sub-DSAR45M01634,9.1002
sub-DSAR45M01635,12.1949
sub-DSAR45M01636,10.3324
sub-DSAR45M01637,10.6976
sub-DSAR45M01638,9.4626
sub-DSAR45M01639,14.2823
sub-DSAR45M01640,14.6352
sub-DSAR45M01641,13.2469
sub-DSAR45M01642,17.6027
sub-DSAR45M01643,11.9758
sub-DSAR45M01644,10.7011
sub-DSAR45M01645,13.3933
sub-DSAR45M01646,9.8116
sub-DSAR45M01647,14.886
sub-DSAR45M01648,13.4708
sub-DSAR45M01649,13.1134
sub-DSAR45M01650,11.9406
sub-DSAR45M01651,9.4815
sub-DSAR45M01652,13.6918
sub-DSAR45M01653,
sub-DSAR45M01654,11.1021
sub-DSAR45M01655,13.7968
sub-DSAR45M01656,14.5694
sub-DSAR45M01657,13.8361
sub-DSAR45M01658,10.796
sub-DSAR45M01659,16.3314
sub-DSAR45M01660,7.7975
sub-DSAR45M01661,11.5536
sub-DSAR45M01662,12.8097
sub-DSAR45M01663,11.6798
sub-DSAR45M01664,7.6026
sub-DSAR45M01665,
sub-DSAR45M01666,16.5992
sub-DSAR45M01667,5.8192
sub-DSAR45M01668,12.2105
sub-DSAR45M01669,11.8155
sub-DSAR45M01670,19.3904
sub-DSAR45M01671,8.5276
sub-DSAR45M01672,10.6846
sub-DSAR45M01673,13.4542
sub-DSAR45M01674,17.3373
sub-DSAR45M01675,16.3364
sub-DSAR45M01676,14.1385
sub-DSAR45M01677,18.2243
sub-DSAR45M01678,9.7547
sub-DSAR45M01679,
sub-DSAR45M01680,12.1522
sub-DSAR45M01681,18.3634
sub-DSAR45M01682,13.9267
sub-DSAR45M01683,9.442
sub-DSAR45M01684,13.6461
sub-DSAR45M01685,
sub-DSAR45M01686,11.256
sub-DSAR45M01687,10.7246
sub-DSAR45M01688,8.7605
sub-DSAR45M01689,10.0792
sub-DSAR45M01690,13.9538
sub-DSAR45M01691,13.8921
sub-DSAR45M01692,12.6417
sub-DSAR45M01693,9.5234
sub-DSAR45M01694,16.2562
sub-DSAR45M01695,
sub-DSAR45M01696,17.0274
sub-DSAR45M01697,7.2887
sub-DSAR45M01698,12.0574
sub-DSAR45M01699,11.1553
sub-DSAR45M01700,11.155
sub-DSAR45M01701,15.2092
sub-DSAR45M01702,11.3033
sub-DSAR45M01703,19.1528
sub-DSAR45M01704,13.2762
sub-DSAR45M01705,9.196
sub-DSAR45M01706,10.0563
sub-DSAR45M01707,10.3667
sub-DSAR45M01708,12.691
sub-DSAR45M01709,9.138
sub-DSAR45M01710,14.0477
sub-DSAR45M01711,10.6404
sub-DSAR45M01712,14.396
sub-DSAR45M01713,15.9741
sub-DSAR45M01714,17.436
sub-DSAR45M01715,11.7412
sub-DSAR45M01716,9.3867
sub-DSAR45M01717,13.1644
sub-DSAR45M01718,11.1017
sub-DSAR45M01719,13.774
sub-DSAR45M01720,11.4065
sub-DSAR45M01721,13.5949
sub-DSAR45M01722,14.7071
sub-DSAR45M01723,15.0481
sub-DSAR45M01724,9.2084
sub-DSAR45M01725,16.6757
sub-DSAR45M01726,15.3383
sub-DSAR45M01727,5.7745
sub-DSAR45M01728,8.0467
sub-DSAR45M01729,9.3626
sub-DSAR45M01730,11.0889
sub-DSAR45M01731,
sub-DSAR45M01732,13.7915
sub-DSAR45M01733,6.2099
sub-DSAR45M01734,14.2343
sub-DSAR45M01735,
sub-DSAR45M01736,12.7431
sub-DSAR45M01737,13.8103
sub-DSAR45M01738,12.3898
sub-DSAR45M01739,12.8198
sub-DSAR45M01740,
sub-DSAR45M01741,13.2147
sub-DSAR45M01742,
sub-DSAR45M01743,10.6422
sub-DSAR45M01744,13.0236
sub-DSAR45M01745,18.1294
sub-DSAR45M01746,9.6297
sub-DSAR45M01747,12.9068
sub-DSAR45M01748,16.9116
sub-DSAR45M01749,13.0464
sub-DSAR45M01750,12.4092
sub-DSAR45M01751,7.0846
sub-DSAR45M01752,11.6022
sub-DSAR45M01753,12.1768
sub-DSAR45M01754,12.1484
sub-DSAR45M01755,12.1541
sub-DSAR45M01756,14.135
sub-DSAR45M01757,16.801
sub-DSAR45M01758,12.1463
sub-DSAR45M01759,14.2153
sub-DSAR45M01760,11.6841
sub-DSAR45M01761,11.9536
sub-DSAR45M01762,21.5687
sub-DSAR45M01763,10.9409
sub-DSAR45M01764,9.5399
sub-DSAR45M01765,6.9976
sub-DSAR45M01766,13.0855
sub-DSAR45M01767,16.2378
sub-DSAR45M01768,13.57
sub-DSAR45M01769,8.0607
sub-DSAR45M01770,8.2683
sub-DSAR45M01771,
sub-DSAR45M01772,13.1056
sub-DSAR45M01773,13.5689
sub-DSAR45M01774,12.2203
sub-DSAR45M01775,9.318
sub-DSAR45M01776,16.2995
sub-DSAR45M01777,12.2274
sub-DSAR45M01778,15.7596
sub-DSAR45M01779,12.6133
sub-DSAR45M01780,20.7515
sub-DSAR45M01781,13.3586
sub-DSAR45M01782,10.0734
sub-DSAR45M01783,
sub-DSAR45M01784,10.1083
sub-DSAR45M01785,17.578
sub-DSAR45M01786,8.3947
sub-DSAR45M01787,10.7172
sub-DSAR45M01788,7.6844
sub-DSAR45M01789,13.4244
sub-DSAR45M01790,14.1175
sub-DSAR45M01791,12.8416
sub-DSAR45M01792,10.5469
sub-DSAR45M01793,
sub-DSAR45M01794,14.1246
sub-DSAR45M01795,13.9363
sub-DSAR45M01796,16.5079
sub-DSAR45M01797,19.1236
sub-DSAR45M01798,11.7087
sub-DSAR45M01799,14.6808
sub-DSAR45M01800,9.2629
sub-DSAR45M01801,9.4211
sub-DSAR45M01802,12.5732
sub-DSAR45M01803,13.2619
sub-DSAR45M01804,14.5125
sub-DSAR45M01805,9.1242
sub-DSAR45M01806,12.0247
sub-DSAR45M01807,15.6845
sub-DSAR45M01808,16.758
sub-DSAR45M01809,8.3777
sub-DSAR45M01810,7.8686
sub-DSAR45M01811,16.1688
sub-DSAR45M01812,12.2041
sub-DSAR45M01813,10.2293
sub-DSAR45M01814,9.7894
sub-DSAR45M01815,12.2558
sub-DSAR45M01816,19.5298
sub-DSAR45M01817,18.436
sub-DSAR45M01818,13.1394
sub-DSAR45M01819,17.3827
sub-DSAR45M01820,14.5482
sub-DSAR45M01821,16.6505
sub-DSAR45M01822,12.0883
sub-DSAR45M01823,9.3467
sub-DSAR45M01824,13.672
sub-DSAR45M01825,17.2928
sub-DSAR45M01826,16.3551
sub-DSAR45M01827,11.0
sub-DSAR45M01828,11.9804
sub-DSAR45M01829,13.9938
sub-DSAR45M01830,15.9125
sub-DSAR45M01831,12.1577
sub-DSAR45M01832,8.1855
sub-DSAR45M01833,8.2324
sub-DSAR45M01834,14.9422
sub-DSAR45M01835,
sub-DSAR45M01836,11.9453
sub-DSAR45M01837,15.2623
sub-DSAR45M01838,9.688
sub-DSAR45M01839,15.1913
sub-DSAR45M01840,18.209
sub-DSAR45M01841,16.308
sub-DSAR45M01842,13.4388
sub-DSAR45M01843,11.5054
sub-DSAR45M01844,14.512
sub-DSAR45M01845,10.5346
sub-DSAR45M01846,13.4621
sub-DSAR45M01847,17.8121
sub-DSAR45M01848,12.1186
sub-DSAR45M01849,12.8272
sub-DSAR45M01850,14.7375
sub-DSAR45M01851,10.2369
sub-DSAR45M01852,10.288
sub-DSAR45M01853,14.0541
sub-DSAR45M01854,11.7827
sub-DSAR45M01855,14.4076
sub-DSAR45M01856,14.7177
sub-DSAR45M01857,14.3129
sub-DSAR45M01858,15.6882
sub-DSAR45M01859,10.0814
sub-DSAR45M01860,12.2469
sub-DSAR45M01861,7.2537
sub-DSAR45M01862,14.1461
sub-DSAR45M01863,13.7299
sub-DSAR45M01864,15.4886
sub-DSAR45M01865,14.3777
sub-DSAR45M01866,12.177
sub-DSAR45M01867,15.1939
sub-DSAR45M01868,16.2169
sub-DSAR45M01869,13.1042
sub-DSAR45M01870,9.7726
sub-DSAR45M01871,7.1708
sub-DSAR45M01872,7.4853
sub-DSAR45M01873,16.7242
sub-DSAR45M01874,14.4253
sub-DSAR45M01875,12.337
sub-DSAR45M01876,13.9506
sub-DSAR45M01877,10.1901
sub-DSAR45M01878,13.3644
sub-DSAR45M01879,9.7569
sub-DSAR45M01880,13.3716
sub-DSAR45M01881,15.7815
sub-DSAR45M01882,7.6425
sub-DSAR45M01883,16.8151
sub-DSAR45M01884,15.9096
sub-DSAR45M01885,
sub-DSAR45M01886,15.1957
sub-DSAR45M01887,6.8686
sub-DSAR45M01888,13.4227
sub-DSAR45M01889,17.4299
sub-DSAR45M01890,15.5696
sub-DSAR45M01891,12.6194
sub-DSAR45M01892,8.5399
sub-DSAR45M01893,11.8934
sub-DSAR45M01894,11.0868
sub-DSAR45M01895,17.6632
sub-DSAR45M01896,9.7208
sub-DSAR45M01897,12.6584
sub-DSAR45M01898,10.5401
sub-DSAR45M01899,12.7659
sub-DSAR45M01900,13.5911
sub-DSAR45M01901,11.1111
sub-DSAR45M01902,12.9699
sub-DSAR45M01903,19.3411
sub-DSAR45M01904,10.6184
sub-DSAR45M01905,13.5669
sub-DSAR45M01906,12.4664
sub-DSAR45M01907,13.4177
sub-DSAR45M01908,15.5938
sub-DSAR45M01909,15.3696
sub-DSAR45M01910,14.2715
sub-DSAR45M01911,11.1659
sub-DSAR45M01912,18.5663
sub-DSAR45M01913,15.7676
sub-DSAR45M01914,9.1449
sub-DSAR45M01915,13.9443
sub-DSAR45M01916,11.7703
sub-DSAR45M01917,7.9027
sub-DSAR45M01918,13.1538
sub-DSAR45M01919,12.4383
sub-DSAR45M01920,15.7728
sub-DSAR45M01921,17.6963
sub-DSAR45M01922,9.496
sub-DSAR45M01923,7.2924
sub-DSAR45M01924,15.3805
sub-DSAR45M01925,6.6745
sub-DSAR45M01926,11.0466
sub-DSAR45M01927,8.8011
sub-DSAR45M01928,10.3048
sub-DSAR45M01929,14.5065
sub-DSAR45M01930,5.5714
sub-DSAR45M01931,11.9451
sub-DSAR45M01932,14.707
sub-DSAR45M01933,13.7926
sub-DSAR45M01934,10.5099
sub-DSAR45M01935,9.0702
sub-DSAR45M01936,14.9726
sub-DSAR45M01937,16.0413
sub-DSAR45M01938,11.7305
sub-DSAR45M01939,10.6513
sub-DSAR45M01940,11.453
sub-DSAR45M01941,13.6171
sub-DSAR45M01942,11.2852
sub-DSAR45M01943,12.0868
sub-DSAR45M01944,8.8346
sub-DSAR45M01945,19.7615
sub-DSAR45M01946,8.4715
sub-DSAR45M01947,16.9048
sub-DSAR45M01948,7.5287
sub-DSAR45M01949,14.5912
sub-DSAR45M01950,11.5177
sub-DSAR45M01951,14.4923
sub-DSAR45M01952,18.6877
sub-DSAR45M01953,12.1938
sub-DSAR45M01954,7.7493
sub-DSAR45M01955,9.9401
sub-DSAR45M01956,10.515
sub-DSAR45M01957,12.706
sub-DSAR45M01958,17.0282
sub-DSAR45M01959,8.5019
sub-DSAR45M01960,13.1497
sub-DSAR45M01961,8.2431
sub-DSAR45M01962,14.5621
sub-DSAR45M01963,9.1988
sub-DSAR45M01964,9.4244
sub-DSAR45M01965,8.4049
sub-DSAR45M01966,11.3442
sub-DSAR45M01967,8.9471
sub-DSAR45M01968,17.8618
sub-DSAR45M01969,16.7533
sub-DSAR45M01970,12.4462
sub-DSAR45M01971,14.406
sub-DSAR45M01972,13.9103
sub-DSAR45M01973,14.0091
sub-DSAR45M01974,17.1759
sub-DSAR45M01975,8.8102
sub-DSAR45M01976,12.8725
sub-DSAR45M01977,6.5734
sub-DSAR45M01978,13.5772
sub-DSAR45M01979,14.3944
sub-DSAR45M01980,11.0679
sub-DSAR45M01981,17.7952
sub-DSAR45M01982,17.8813
sub-DSAR45M01983,17.1236
sub-DSAR45M01984,11.2113
sub-DSAR45M01985,10.4421
sub-DSAR45M01986,12.3751
sub-DSAR45M01987,10.4601
sub-DSAR45M01988,6.1487
sub-DSAR45M01989,14.4695
sub-DSAR45M01990,8.5036
sub-DSAR45M01991,10.8168
sub-DSAR45M01992,5.8977
sub-DSAR45M01993,10.9978
sub-DSAR45M01994,8.2931
sub-DSAR45M01995,9.9099
sub-DSAR45M01996,17.3695
sub-DSAR45M01997,12.8809
sub-DSAR45M01998,11.5999
sub-DSAR45M01999,14.3628
sub-DSAR45M02000,18.2295
sub-DSAR45M02001,17.5731
sub-DSAR45M02002,
sub-DSAR45M02003,11.7866
sub-DSAR45M02004,15.9055
sub-DSAR45M02005,16.545
sub-DSAR45M02006,12.619
sub-DSAR45M02007,9.5247
sub-DSAR45M02008,16.5043
sub-DSAR45M02009,12.8401
sub-DSAR45M02010,13.0171
sub-DSAR45M02011,4.1822
sub-DSAR45M02012,13.9269
sub-DSAR45M02013,6.7005
sub-DSAR45M02014,19.1651
sub-DSAR45M02015,11.4112
sub-DSAR45M02016,14.7119
sub-DSAR45M02017,6.8877
sub-DSAR45M02018,8.6131
sub-DSAR45M02019,17.8811
sub-DSAR45M02020,11.342
sub-DSAR45M02021,16.0219
sub-DSAR45M02022,11.1749
sub-DSAR45M02023,
sub-DSAR45M02024,17.5939
sub-DSAR45M02025,4.3465
sub-DSAR45M02026,9.6279
sub-DSAR45M02027,14.8822
sub-DSAR45M02028,12.2829
sub-DSAR45M02029,10.5217
sub-DSAR45M02030,12.9184
sub-DSAR45M02031,16.2257
sub-DSAR45M02032,14.5956
sub-DSAR45M02033,12.3842
sub-DSAR45M02034,11.4146
sub-DSAR45M02035,8.1451
sub-DSAR45M02036,
sub-DSAR45M02037,11.1419
sub-DSAR45M02038,13.6121
sub-DSAR45M02039,11.1255
sub-DSAR45M02040,11.864
sub-DSAR45M02041,3.6281
sub-DSAR45M02042,9.0777
sub-DSAR45M02043,11.5822
sub-DSAR45M02044,13.4187
sub-DSAR45M02045,11.9877
sub-DSAR45M02046,14.1114
sub-DSAR45M02047,7.7815
sub-DSAR45M02048,11.629
sub-DSAR45M02049,11.2118
sub-DSAR45M02050,15.7339
sub-DSAR45M02051,17.4642
sub-DSAR45M02052,12.4148
sub-DSAR45M02053,11.155
sub-DSAR45M02054,18.598
sub-DSAR45M02055,7.9802
sub-DSAR45M02056,9.7183
sub-DSAR45M02057,14.7535
sub-DSAR45M02058,12.7019
sub-DSAR45M02059,17.7165
sub-DSAR45M02060,12.9443
sub-DSAR45M02061,14.2073
sub-DSAR45M02062,9.9994
sub-DSAR45M02063,9.6401
sub-DSAR45M02064,14.9087
sub-DSAR45M02065,9.2463
sub-DSAR45M02066,9.2904
sub-DSAR45M02067,7.7864
sub-DSAR45M02068,12.2587
sub-DSAR45M02069,10.2969
sub-DSAR45M02070,12.616
sub-DSAR45M02071,12.4723
sub-DSAR45M02072,15.8451
sub-DSAR45M02073,15.0897
sub-DSAR45M02074,10.8894
sub-DSAR45M02075,16.9011
sub-DSAR45M02076,14.1479
sub-DSAR45M02077,10.4842
sub-DSAR45M02078,11.1568
sub-DSAR45M02079,13.257
sub-DSAR45M02080,9.7576
sub-DSAR45M02081,14.4675
sub-DSAR45M02082,9.2213
sub-DSAR45M02083,12.5157
sub-DSAR45M02084,11.35
sub-DSAR45M02085,20.4814
sub-DSAR45M02086,15.1192
sub-DSAR45M02087,
sub-DSAR45M02088,10.6772
sub-DSAR45M02089,11.6748
sub-DSAR45M02090,3.3942
sub-DSAR45M02091,14.0341
sub-DSAR45M02092,14.0858
sub-DSAR45M02093,10.9236
sub-DSAR45M02094,13.8623
sub-DSAR45M02095,
sub-DSAR45M02096,7.6594
sub-DSAR45M02097,13.6433
sub-DSAR45M02098,12.4034
sub-DSAR45M02099,20.8363
sub-DSAR45M02100,12.9991
sub-DSAR45M02101,15.9969
sub-DSAR45M02102,13.3253
sub-DSAR45M02103,13.7721
sub-DSAR45M02104,11.6346
sub-DSAR45M02105,14.7741
sub-DSAR45M02106,8.0769
sub-DSAR45M02107,11.6389
sub-DSAR45M02108,19.4259
sub-DSAR45M02109,6.6835
sub-DSAR45M02110,8.7283
sub-DSAR45M02111,16.0668
sub-DSAR45M02112,8.6687
sub-DSAR45M02113,
sub-DSAR45M02114,7.9521
sub-DSAR45M02115,11.5809
sub-DSAR45M02116,16.9567
sub-DSAR45M02117,14.497
sub-DSAR45M02118,11.2581
sub-DSAR45M02119,4.7634
sub-DSAR45M02120,17.6143
sub-DSAR45M02121,16.6744
sub-DSAR45M02122,15.8251
sub-DSAR45M02123,11.3976
sub-DSAR45M02124,11.7233
sub-DSAR45M02125,15.7477
sub-DSAR45M02126,13.2975
sub-DSAR45M02127,11.4287
sub-DSAR45M02128,7.8162
sub-DSAR45M02129,8.1786
sub-DSAR45M02130,14.7351
sub-DSAR45M02131,16.0147
sub-DSAR45M02132,8.5644
sub-DSAR45M02133,11.5357
sub-DSAR45M02134,11.4075
sub-DSAR45M02135,13.7021
sub-DSAR45M02136,13.2939
sub-DSAR45M02137,14.2878
sub-DSAR45M02138,13.7533
sub-DSAR45M02139,7.9753
sub-DSAR45M02140,15.7235
sub-DSAR45M02141,13.0305
sub-DSAR45M02142,12.685
sub-DSAR45M02143,10.0525
sub-DSAR45M02144,9.6759
sub-DSAR45M02145,8.1176
sub-DSAR45M02146,12.7806
sub-DSAR45M02147,7.8384
sub-DSAR45M02148,13.0051
sub-DSAR45M02149,10.8882
sub-DSAR45M02150,9.5089
sub-DSAR45M02151,6.6628
sub-DSAR45M02152,10.2081
sub-DSAR45M02153,7.6772
sub-DSAR45M02154,9.273
sub-DSAR45M02155,12.2486
sub-DSAR45M02156,18.082
sub-DSAR45M02157,12.9372
sub-DSAR45M02158,10.1549
sub-DSAR45M02159,12.0684
sub-DSAR45M02160,14.1675
sub-DSAR45M02161,13.3896
sub-DSAR45M02162,8.0196
sub-DSAR45M02163,15.2184
sub-DSAR45M02164,11.5144
sub-DSAR45M02165,10.4484
sub-DSAR45M02166,10.2795
sub-DSAR45M02167,12.656
sub-DSAR45M02168,13.6528
sub-DSAR45M02169,16.4247
sub-DSAR45M02170,11.5106
sub-DSAR45M02171,9.4507
sub-DSAR45M02172,11.5719
sub-DSAR45M02173,12.5078
sub-DSAR45M02174,11.7706
sub-DSAR45M02175,11.9938
sub-DSAR45M02176,10.1223
sub-DSAR45M02177,13.0199
sub-DSAR45M02178,21.1488
sub-DSAR45M02179,12.8175
sub-DSAR45M02180,7.3504
sub-DSAR45M02181,11.4707
sub-DSAR45M02182,14.9378
sub-DSAR45M02183,14.172
sub-DSAR45M02184,6.0772
sub-DSAR45M02185,10.2272
sub-DSAR45M02186,16.0106
sub-DSAR45M02187,10.8359
sub-DSAR45M02188,14.1528
sub-DSAR45M02189,10.2927
sub-DSAR45M02190,18.5937
sub-DSAR45M02191,6.0039
sub-DSAR45M02192,14.4873
sub-DSAR45M02193,16.5339
sub-DSAR45M02194,10.0383
sub-DSAR45M02195,13.2314
sub-DSAR45M02196,
sub-DSAR45M02197,9.6231
sub-DSAR45M02198,12.5286
sub-DSAR45M02199,11.5099
sub-DSAR45M02200,13.5558
sub-DSAR45M02201,13.2327
sub-DSAR45M02202,13.9376
sub-DSAR45M02203,18.9475
sub-DSAR45M02204,16.9908
sub-DSAR45M02205,7.6356
sub-DSAR45M02206,
sub-DSAR45M02207,14.7044
sub-DSAR45M02208,15.7969
sub-DSAR45M02209,13.0863
sub-DSAR45M02210,15.3717
sub-DSAR45M02211,9.5016
sub-DSAR45M02212,9.62
sub-DSAR45M02213,10.3559
sub-DSAR45M02214,20.5126
sub-DSAR45M02215,13.769
sub-DSAR45M02216,6.6365
sub-DSAR45M02217,15.9475
sub-DSAR45M02218,10.4404
sub-DSAR45M02219,13.2358
sub-DSAR45M02220,10.9108
sub-DSAR45M02221,9.4246
sub-DSAR45M02222,10.7934
sub-DSAR45M02223,12.1421
sub-DSAR45M02224,15.8183
sub-DSAR45M02225,13.8877
sub-DSAR45M02226,8.2894
sub-DSAR45M02227,9.0625
sub-DSAR45M02228,7.6097
sub-DSAR45M02229,10.6686
sub-DSAR45M02230,14.1451
sub-DSAR45M02231,16.552
sub-DSAR45M02232,20.508
sub-DSAR45M02233,12.3803
sub-DSAR45M02234,11.287
sub-DSAR45M02235,12.71
sub-DSAR45M02236,10.9527
sub-DSAR45M02237,13.2847
sub-DSAR45M02238,14.4411
sub-DSAR45M02239,9.7598
sub-DSAR45M02240,15.6918
sub-DSAR45M02241,12.595
sub-DSAR45M02242,19.9662
sub-DSAR45M02243,12.6844
sub-DSAR45M02244,10.4819
sub-DSAR45M02245,13.761
sub-DSAR45M02246,6.9493
sub-DSAR45M02247,9.9695
sub-DSAR45M02248,11.2703
sub-DSAR45M02249,16.5563
sub-DSAR45M02250,6.1858
sub-DSAR45M02251,10.2369
sub-DSAR45M02252,13.523
sub-DSAR45M02253,13.4329
sub-DSAR45M02254,14.093
sub-DSAR45M02255,14.733
sub-DSAR45M02256,14.1214
sub-DSAR45M02257,10.6635
sub-DSAR45M02258,4.4267
sub-DSAR45M02259,16.7096
sub-DSAR45M02260,11.2682
sub-DSAR45M02261,15.4959
sub-DSAR45M02262,14.7022
sub-DSAR45M02263,13.1623
sub-DSAR45M02264,13.889
sub-DSAR45M02265,9.2765
sub-DSAR45M02266,17.0453
sub-DSAR45M02267,10.0442
sub-DSAR45M02268,13.6909
sub-DSAR45M02269,11.1623
sub-DSAR45M02270,21.3049
sub-DSAR45M02271,
sub-DSAR45M02272,10.4025
sub-DSAR45M02273,15.8152
sub-DSAR45M02274,14.4055
sub-DSAR45M02275,16.8979
sub-DSAR45M02276,11.6249
sub-DSAR45M02277,12.0859
sub-DSAR45M02278,13.4179
sub-DSAR45M02279,10.7146
sub-DSAR45M02280,9.0767
sub-DSAR45M02281,11.3554
sub-DSAR45M02282,9.1964
sub-DSAR45M02283,8.6326
sub-DSAR45M02284,10.9374
sub-DSAR45M02285,15.2447
sub-DSAR45M02286,9.7024
sub-DSAR45M02287,10.6276
sub-DSAR45M02288,10.2189
sub-DSAR45M02289,16.0301
sub-DSAR45M02290,16.0085
sub-DSAR45M02291,9.2301
sub-DSAR45M02292,11.6621
sub-DSAR45M02293,9.3666
sub-DSAR45M02294,13.8916
sub-DSAR45M02295,12.8766
sub-DSAR45M02296,8.9036
sub-DSAR45M02297,17.8634
sub-DSAR45M02298,8.6088
sub-DSAR45M02299,9.4102
sub-DSAR45M02300,15.4927
sub-DSAR45M02301,9.7167
sub-DSAR45M02302,12.7048
sub-DSAR45M02303,12.5149
sub-DSAR45M02304,19.5502
sub-DSAR45M02305,13.9004
sub-DSAR45M02306,17.0354
sub-DSAR45M02307,11.3459
sub-DSAR45M02308,14.2534
sub-DSAR45M02309,12.2366
sub-DSAR45M02310,7.3079
sub-DSAR45M02311,8.3549
sub-DSAR45M02312,16.5545
sub-DSAR45M02313,8.5716
sub-DSAR45M02314,14.6509
sub-DSAR45M02315,9.7252
sub-DSAR45M02316,11.6134
sub-DSAR45M02317,12.9078
sub-DSAR45M02318,15.6028
sub-DSAR45M02319,9.5665
sub-DSAR45M02320,15.914
sub-DSAR45M02321,6.4238
sub-DSAR45M02322,8.4717
sub-DSAR45M02323,10.5327
sub-DSAR45M02324,9.0887
sub-DSAR45M02325,8.7716
sub-DSAR45M02326,15.4381
sub-DSAR45M02327,11.3043
sub-DSAR45M02328,12.4133
sub-DSAR45M02329,10.9409
sub-DSAR45M02330,16.4888
sub-DSAR45M02331,14.6658
sub-DSAR45M02332,12.2115
sub-DSAR45M02333,
sub-DSAR45M02334,14.51
sub-DSAR45M02335,15.254
sub-DSAR45M02336,14.33
sub-DSAR45M02337,10.4934
sub-DSAR45M02338,11.0338
sub-DSAR45M02339,17.7068
sub-DSAR45M02340,11.8645
sub-DSAR45M02341,13.0455
sub-DSAR45M02342,17.6103
sub-DSAR45M02343,10.879
sub-DSAR45M02344,9.8968
sub-DSAR45M02345,
sub-DSAR45M02346,
sub-DSAR45M02347,8.6131
sub-DSAR45M02348,7.8399
sub-DSAR45M02349,9.8462
sub-DSAR45M02350,14.1845
sub-DSAR45M02351,9.5748
sub-DSAR45M02352,14.9042
sub-DSAR45M02353,18.9253
sub-DSAR45M02354,18.9928
sub-DSAR45M02355,9.9305
sub-DSAR45M02356,14.6676
sub-DSAR45M02357,6.7231
sub-DSAR45M02358,14.7602
sub-DSAR45M02359,9.5174
sub-DSAR45M02360,12.0257
sub-DSAR45M02361,14.4942
sub-DSAR45M02362,14.3831
sub-DSAR45M02363,12.52
sub-DSAR45M02364,8.4803
sub-DSAR45M02365,14.5585
sub-DSAR45M02366,18.2743
sub-DSAR45M02367,13.9534
sub-DSAR45M02368,11.2045
sub-DSAR45M02369,15.4138
sub-DSAR45M02370,9.2122
sub-DSAR45M02371,11.1782
sub-DSAR45M02372,8.1956
sub-DSAR45M02373,
sub-DSAR45M02374,13.4863
sub-DSAR45M02375,16.4778
sub-DSAR45M02376,11.1605
sub-DSAR45M02377,
sub-DSAR45M02378,11.614
sub-DSAR45M02379,15.0295
sub-DSAR45M02380,7.3542
sub-DSAR45M02381,11.747
sub-DSAR45M02382,17.2236
sub-DSAR45M02383,17.4019
sub-DSAR45M02384,13.25
sub-DSAR45M02385,8.3829
sub-DSAR45M02386,9.0532
sub-DSAR45M02387,13.8645
sub-DSAR45M02388,7.5545
sub-DSAR45M02389,15.0627
sub-DSAR45M02390,7.3436
sub-DSAR45M02391,15.4351
sub-DSAR45M02392,8.4236
sub-DSAR45M02393,12.3789
sub-DSAR45M02394,16.3439
sub-DSAR45M02395,9.7857
sub-DSAR45M02396,10.1202
sub-DSAR45M02397,13.3423
sub-DSAR45M02398,12.8543
sub-DSAR45M02399,10.4605
sub-DSAR45M02400,13.9413
sub-DSAR45M02401,13.2776
sub-DSAR45M02402,9.394
sub-DSAR45M02403,8.1788
sub-DSAR45M02404,16.3981
sub-DSAR45M02405,15.1315
sub-DSAR45M02406,9.5348
sub-DSAR45M02407,12.0524
sub-DSAR45M02408,11.0765
sub-DSAR45M02409,11.0997
sub-DSAR45M02410,14.441
sub-DSAR45M02411,13.9089
sub-DSAR45M02412,15.4246
sub-DSAR45M02413,13.1076
sub-DSAR45M02414,15.0757
sub-DSAR45M02415,15.1669
sub-DSAR45M02416,11.5696
sub-DSAR45M02417,7.5983
sub-DSAR45M02418,8.7715
sub-DSAR45M02419,12.8999
sub-DSAR45M02420,9.7167
sub-DSAR45M02421,14.5276
sub-DSAR45M02422,12.626
sub-DSAR45M02423,13.6011
sub-DSAR45M02424,11.0979
sub-DSAR45M02425,15.5118
sub-DSAR45M02426,7.5658
sub-DSAR45M02427,14.1992
sub-DSAR45M02428,9.5584
sub-DSAR45M02429,9.7545
sub-DSAR45M02430,14.5391
sub-DSAR45M02431,8.2541
sub-DSAR45M02432,13.9322
sub-DSAR45M02433,10.483
sub-DSAR45M02434,11.9941
sub-DSAR45M02435,14.412
sub-DSAR45M02436,11.831
sub-DSAR45M02437,12.2921
sub-DSAR45M02438,13.672
sub-DSAR45M02439,11.5581
sub-DSAR45M02440,9.7395
sub-DSAR45M02441,8.0886
sub-DSAR45M02442,13.5353
sub-DSAR45M02443,11.8582
sub-DSAR45M02444,9.5946
sub-DSAR45M02445,15.3419
sub-DSAR45M02446,14.4855
sub-DSAR45M02447,11.2486
sub-DSAR45M02448,14.0728
sub-DSAR45M02449,11.0927
sub-DSAR45M02450,15.4075
sub-DSAR45M02451,10.6379
sub-DSAR45M02452,11.4986
sub-DSAR45M02453,11.9673
sub-DSAR45M02454,11.74
sub-DSAR45M02455,11.8012
sub-DSAR45M02456,13.5617
sub-DSAR45M02457,10.5853
sub-DSAR45M02458,9.1155
sub-DSAR45M02459,13.9969
sub-DSAR45M02460,9.5204
sub-DSAR45M02461,16.4802
sub-DSAR45M02462,9.4363
sub-DSAR45M02463,7.9724
sub-DSAR45M02464,15.3511
sub-DSAR45M02465,10.6871
sub-DSAR45M02466,8.8678
sub-DSAR45M02467,
sub-DSAR45M02468,7.3065
sub-DSAR45M02469,10.0736
sub-DSAR45M02470,12.2584
sub-DSAR45M02471,10.7084
sub-DSAR45M02472,17.6177
sub-DSAR45M02473,13.5837
sub-DSAR45M02474,13.9666
sub-DSAR45M02475,13.0694
sub-DSAR45M02476,13.3778
sub-DSAR45M02477,15.3102
sub-DSAR45M02478,8.8652
sub-DSAR45M02479,17.5954
sub-DSAR45M02480,15.0853
sub-DSAR45M02481,14.6709
sub-DSAR45M02482,8.5506
sub-DSAR45M02483,13.2191
sub-DSAR45M02484,7.2403
sub-DSAR45M02485,11.9598
sub-DSAR45M02486,10.4663
sub-DSAR45M02487,13.141
sub-DSAR45M02488,11.0185
sub-DSAR45M02489,
sub-DSAR45M02490,14.4129
sub-DSAR45M02491,14.3472
sub-DSAR45M02492,17.3309
sub-DSAR45M02493,10.6956
sub-DSAR45M02494,12.7003
sub-DSAR45M02495,11.6966
sub-DSAR45M02496,15.3464
sub-DSAR45M02497,13.315
sub-DSAR45M02498,11.8866
sub-DSAR45M02499,12.3015
sub-DSAR45M02500,15.9971
sub-DSAR45M02501,13.9509
sub-DSAR45M02502,9.423
sub-DSAR45M02503,11.718
sub-DSAR45M02504,7.7693
sub-DSAR45M02505,14.2258
sub-DSAR45M02506,10.5328
sub-DSAR45M02507,10.7894
sub-DSAR45M02508,12.6556
sub-DSAR45M02509,16.1546
sub-DSAR45M02510,11.8992
sub-DSAR45M02511,16.0155
sub-DSAR45M02512,16.2436
sub-DSAR45M02513,15.3451
sub-DSAR45M02514,13.6097
sub-DSAR45M02515,12.8013
sub-DSAR45M02516,17.9704
sub-DSAR45M02517,8.9154
sub-DSAR45M02518,13.1949
sub-DSAR45M02519,11.9536
sub-DSAR45M02520,12.241
sub-DSAR45M02521,10.377
sub-DSAR45M02522,14.1039
sub-DSAR45M02523,14.3339
sub-DSAR45M02524,12.3712
sub-DSAR45M02525,10.3456
sub-DSAR45M02526,6.6104
sub-DSAR45M02527,12.1826
sub-DSAR45M02528,11.7716
sub-DSAR45M02529,14.1626
sub-DSAR45M02530,16.5484
sub-DSAR45M02531,13.549
sub-DSAR45M02532,10.6308
sub-DSAR45M02533,7.5969
sub-DSAR45M02534,9.9492
sub-DSAR45M02535,12.1607
sub-DSAR45M02536,16.2698
sub-DSAR45M02537,3.5423
sub-DSAR45M02538,10.9961
sub-DSAR45M02539,15.5633
sub-DSAR45M02540,12.7997
sub-DSAR45M02541,
sub-DSAR45M02542,12.1258
sub-DSAR45M02543,9.4728
sub-DSAR45M02544,6.1279
sub-DSAR45M02545,10.3052
sub-DSAR45M02546,11.3851
sub-DSAR45M02547,13.6902
sub-DSAR45M02548,13.7467
sub-DSAR45M02549,6.684
sub-DSAR45M02550,11.4055
sub-DSAR45M02551,11.8705
sub-DSAR45M02552,11.572
sub-DSAR45M02553,13.6321
sub-DSAR45M02554,8.7632
sub-DSAR45M02555,12.968
sub-DSAR45M02556,10.9751
sub-DSAR45M02557,9.6394
sub-DSAR45M02558,14.6945
sub-DSAR45M02559,15.1911
sub-DSAR45M02560,13.7636
sub-DSAR45M02561,12.9511
sub-DSAR45M02562,14.1843
sub-DSAR45M02563,13.0544
sub-DSAR45M02564,14.2465
sub-DSAR45M02565,15.5197
sub-DSAR45M02566,12.3568
sub-DSAR45M02567,12.7396
sub-DSAR45M02568,13.3676
sub-DSAR45M02569,10.4249
sub-DSAR45M02570,14.2505
sub-DSAR45M02571,5.0464
sub-DSAR45M02572,23.8263
sub-DSAR45M02573,9.9696
sub-DSAR45M02574,9.022
sub-DSAR45M02575,13.155
sub-DSAR45M02576,8.0243
sub-DSAR45M02577,14.3612
sub-DSAR45M02578,
sub-DSAR45M02579,9.3242
sub-DSAR45M02580,17.3219
sub-DSAR45M02581,10.5463
sub-DSAR45M02582,16.5021
sub-DSAR45M02583,12.1058
sub-DSAR45M02584,11.375
sub-DSAR45M02585,6.7373
sub-DSAR45M02586,17.7352
sub-DSAR45M02587,9.9293
sub-DSAR45M02588,7.2735
sub-DSAR45M02589,6.7566
sub-DSAR45M02590,13.9585
sub-DSAR45M02591,17.6164
sub-DSAR45M02592,12.711
sub-DSAR45M02593,15.2097
sub-DSAR45M02594,14.1486
sub-DSAR45M02595,14.8737
sub-DSAR45M02596,21.6944
sub-DSAR45M02597,12.1027
sub-DSAR45M02598,10.3807
sub-DSAR45M02599,11.1463
sub-DSAR45M02600,5.4764
sub-DSAR45M02601,10.509
sub-DSAR45M02602,11.2137
sub-DSAR45M02603,12.6407
sub-DSAR45M02604,10.3474
sub-DSAR45M02605,16.8715
sub-DSAR45M02606,9.2135
sub-DSAR45M02607,12.8785
sub-DSAR45M02608,18.2746
sub-DSAR45M02609,15.0823
sub-DSAR45M02610,9.1774
sub-DSAR45M02611,14.6891
sub-DSAR45M02612,16.232
sub-DSAR45M02613,11.39
sub-DSAR45M02614,12.6924
sub-DSAR45M02615,14.8858
sub-DSAR45M02616,15.3644
sub-DSAR45M02617,12.0199
sub-DSAR45M02618,14.6217
sub-DSAR45M02619,14.8937
sub-DSAR45M02620,13.8484
sub-DSAR45M02621,15.9203
sub-DSAR45M02622,11.8937
sub-DSAR45M02623,12.3216
sub-DSAR45M02624,15.3031
sub-DSAR45M02625,11.545
sub-DSAR45M02626,10.8826
sub-DSAR45M02627,7.6035
sub-DSAR45M02628,11.829
sub-DSAR45M02629,
sub-DSAR45M02630,11.9012
sub-DSAR45M02631,10.0371
sub-DSAR45M02632,12.9863
sub-DSAR45M02633,12.5112
sub-DSAR45M02634,15.2037
sub-DSAR45M02635,15.4949
sub-DSAR45M02636,8.412
sub-DSAR45M02637,9.4564
sub-DSAR45M02638,8.0027
sub-DSAR45M02639,6.4948
sub-DSAR45M02640,16.1032
sub-DSAR45M02641,14.6464
sub-DSAR45M02642,
sub-DSAR45M02643,8.6089
sub-DSAR45M02644,13.3741
sub-DSAR45M02645,11.7387
sub-DSAR45M02646,9.2604
sub-DSAR45M02647,
sub-DSAR45M02648,13.1145
sub-DSAR45M02649,16.6149
sub-DSAR45M02650,9.9484
sub-DSAR45M02651,11.2566
sub-DSAR45M02652,6.6995
sub-DSAR45M02653,9.358
sub-DSAR45M02654,11.0321
sub-DSAR45M02655,11.3746
sub-DSAR45M02656,12.9628
sub-DSAR45M02657,13.8596
sub-DSAR45M02658,12.9956
sub-DSAR45M02659,13.6669
sub-DSAR45M02660,
sub-DSAR45M02661,8.0688
sub-DSAR45M02662,12.6705
sub-DSAR45M02663,11.6505
sub-DSAR45M02664,16.4025
sub-DSAR45M02665,7.1617
sub-DSAR45M02666,18.6313
sub-DSAR45M02667,10.1615
sub-DSAR45M02668,12.2457
sub-DSAR45M02669,14.9506
sub-DSAR45M02670,12.4459
sub-DSAR45M02671,10.6438
sub-DSAR45M02672,16.0701
sub-DSAR45M02673,9.4941
sub-DSAR45M02674,19.2871
sub-DSAR45M02675,8.3871
sub-DSAR45M02676,11.437
sub-DSAR45M02677,6.3728
sub-DSAR45M02678,12.8845
sub-DSAR45M02679,19.3025
sub-DSAR45M02680,13.7801
sub-DSAR45M02681,11.6643
sub-DSAR45M02682,13.2013
sub-DSAR45M02683,12.3426
sub-DSAR45M02684,14.0325
sub-DSAR45M02685,10.1935
sub-DSAR45M02686,9.39
sub-DSAR45M02687,17.0464
sub-DSAR45M02688,11.9446
sub-DSAR45M02689,11.4566
sub-DSAR45M02690,8.4396
sub-DSAR45M02691,9.5848
sub-DSAR45M02692,18.6302
sub-DSAR45M02693,9.9717
sub-DSAR45M02694,11.5185
sub-DSAR45M02695,8.9498
sub-DSAR45M02696,14.3051
sub-DSAR45M02697,10.5225
sub-DSAR45M02698,10.376
sub-DSAR45M02699,11.7684
sub-DSAR45M02700,8.434
sub-DSAR45M02701,13.1981
sub-DSAR45M02702,13.7686
sub-DSAR45M02703,11.6601
sub-DSAR45M02704,14.0461
sub-DSAR45M02705,3.5278
sub-DSAR45M02706,15.0491
sub-DSAR45M02707,18.8884
sub-DSAR45M02708,5.5382
sub-DSAR45M02709,8.1876
sub-DSAR45M02710,12.8982
sub-DSAR45M02711,12.4134
sub-DSAR45M02712,13.1201
sub-DSAR45M02713,14.1829
sub-DSAR45M02714,19.5878
sub-DSAR45M02715,16.8022
sub-DSAR45M02716,12.1033
sub-DSAR45M02717,10.663
sub-DSAR45M02718,6.67
sub-DSAR45M02719,14.2326
sub-DSAR45M02720,16.683
sub-DSAR45M02721,11.5125
sub-DSAR45M02722,12.2761
sub-DSAR45M02723,14.1775
sub-DSAR45M02724,7.6298
sub-DSAR45M02725,12.4912
sub-DSAR45M02726,12.5972
sub-DSAR45M02727,12.873
sub-DSAR45M02728,11.0086
sub-DSAR45M02729,11.867
sub-DSAR45M02730,10.7867
sub-DSAR45M02731,9.9327
sub-DSAR45M02732,12.8354
sub-DSAR45M02733,12.1443
sub-DSAR45M02734,13.6088
sub-DSAR45M02735,17.0069
sub-DSAR45M02736,18.9063
sub-DSAR45M02737,10.682
sub-DSAR45M02738,12.2545
sub-DSAR45M02739,9.5983
sub-DSAR45M02740,11.9921
sub-DSAR45M02741,13.3275
sub-DSAR45M02742,11.0071
sub-DSAR45M02743,13.1979
sub-DSAR45M02744,7.0833
sub-DSAR45M02745,17.6472
sub-DSAR45M02746,8.771
sub-DSAR45M02747,9.5745
sub-DSAR45M02748,16.0043
sub-DSAR45M02749,10.0072
sub-DSAR45M02750,7.6847
sub-DSAR45M02751,11.6461
sub-DSAR45M02752,13.9335
sub-DSAR45M02753,
sub-DSAR45M02754,9.1382
sub-DSAR45M02755,15.24
sub-DSAR45M02756,9.1677
sub-DSAR45M02757,8.7588
sub-DSAR45M02758,8.6639
sub-DSAR45M02759,18.0402
sub-DSAR45M02760,9.69
sub-DSAR45M02761,8.897
sub-DSAR45M02762,12.842
sub-DSAR45M02763,12.756
sub-DSAR45M02764,9.9306
sub-DSAR45M02765,12.2877
sub-DSAR45M02766,14.9511
sub-DSAR45M02767,6.5338
sub-DSAR45M02768,10.466
sub-DSAR45M02769,12.6526
sub-DSAR45M02770,13.4368
sub-DSAR45M02771,12.0674
sub-DSAR45M02772,11.832
sub-DSAR45M02773,8.3258
sub-DSAR45M02774,13.6961
sub-DSAR45M02775,11.0375
sub-DSAR45M02776,8.5898
sub-DSAR45M02777,12.0868
sub-DSAR45M02778,15.5128
sub-DSAR45M02779,11.3056
sub-DSAR45M02780,9.9307
sub-DSAR45M02781,11.1551
sub-DSAR45M02782,15.0851
sub-DSAR45M02783,13.4034
sub-DSAR45M02784,
sub-DSAR45M02785,10.442
sub-DSAR45M02786,12.9779
sub-DSAR45M02787,14.9881
sub-DSAR45M02788,14.8519
sub-DSAR45M02789,15.8976
sub-DSAR45M02790,14.7591
sub-DSAR45M02791,13.0961
sub-DSAR45M02792,8.1228
sub-DSAR45M02793,
sub-DSAR45M02794,17.8479
sub-DSAR45M02795,11.9633
sub-DSAR45M02796,12.48
sub-DSAR45M02797,12.7772
sub-DSAR45M02798,16.0819
sub-DSAR45M02799,9.3484
sub-DSAR45M02800,9.722
sub-DSAR45M02801,11.8618
sub-DSAR45M02802,13.2617
sub-DSAR45M02803,8.6234
sub-DSAR45M02804,13.5934
sub-DSAR45M02805,15.6612
sub-DSAR45M02806,
sub-DSAR45M02807,12.3769
sub-DSAR45M02808,14.0476
sub-DSAR45M02809,15.0123
sub-DSAR45M02810,12.3961
sub-DSAR45M02811,13.6291
sub-DSAR45M02812,11.2313
sub-DSAR45M02813,7.6528
sub-DSAR45M02814,14.0661
sub-DSAR45M02815,8.6559
sub-DSAR45M02816,11.8438
sub-DSAR45M02817,12.0206
sub-DSAR45M02818,13.1277
sub-DSAR45M02819,
sub-DSAR45M02820,5.8094
sub-DSAR45M02821,10.6062
sub-DSAR45M02822,9.9714
sub-DSAR45M02823,11.1905
sub-DSAR45M02824,11.8169
sub-DSAR45M02825,6.9246
sub-DSAR45M02826,6.9184
sub-DSAR45M02827,9.9248
sub-DSAR45M02828,13.1341
sub-DSAR45M02829,14.8465
sub-DSAR45M02830,17.8449
sub-DSAR45M02831,10.3535
sub-DSAR45M02832,13.4128
sub-DSAR45M02833,14.8987
sub-DSAR45M02834,12.5705
sub-DSAR45M02835,9.0012
sub-DSAR45M02836,16.5915
sub-DSAR45M02837,3.6198
sub-DSAR45M02838,13.7997
sub-DSAR45M02839,14.8952
sub-DSAR45M02840,3.9759
sub-DSAR45M02841,10.1475
sub-DSAR45M02842,12.954
sub-DSAR45M02843,11.4995
sub-DSAR45M02844,12.8989
sub-DSAR45M02845,15.2545
sub-DSAR45M02846,13.4904
sub-DSAR45M02847,5.8111
sub-DSAR45M02848,15.7651
sub-DSAR45M02849,11.3546
sub-DSAR45M02850,7.0578
sub-DSAR45M02851,17.9677
sub-DSAR45M02852,19.1812
sub-DSAR45M02853,9.6575
sub-DSAR45M02854,15.5166
sub-DSAR45M02855,12.8573
sub-DSAR45M02856,12.4193
sub-DSAR45M02857,10.0421
sub-DSAR45M02858,15.393
sub-DSAR45M02859,15.4204
sub-DSAR45M02860,5.7211
sub-DSAR45M02861,10.8392
sub-DSAR45M02862,17.7524
sub-DSAR45M02863,13.1711
sub-DSAR45M02864,11.6423
sub-DSAR45M02865,11.0882
sub-DSAR45M02866,16.5396
sub-DSAR45M02867,12.5734
sub-DSAR45M02868,11.1265
sub-DSAR45M02869,9.8523
sub-DSAR45M02870,10.2012
sub-DSAR45M02871,11.884
sub-DSAR45M02872,7.1826
sub-DSAR45M02873,18.5842
sub-DSAR45M02874,16.914
sub-DSAR45M02875,14.1405
sub-DSAR45M02876,9.1762
sub-DSAR45M02877,13.2739
sub-DSAR45M02878,8.073
sub-DSAR45M02879,13.9899
sub-DSAR45M02880,15.1313
sub-DSAR45M02881,14.8946
sub-DSAR45M02882,16.3552
sub-DSAR45M02883,16.8269
sub-DSAR45M02884,8.142
sub-DSAR45M02885,19.4539
sub-DSAR45M02886,13.3047
sub-DSAR45M02887,13.0143
sub-DSAR45M02888,10.5539
sub-DSAR45M02889,12.753
sub-DSAR45M02890,11.1117
sub-DSAR45M02891,5.9994
sub-DSAR45M02892,19.0632
sub-DSAR45M02893,12.3703
sub-DSAR45M02894,10.1501
sub-DSAR45M02895,9.6962
sub-DSAR45M02896,16.074
sub-DSAR45M02897,12.4776
sub-DSAR45M02898,10.6562
sub-DSAR45M02899,13.8382
sub-DSAR45M02900,11.3988
sub-DSAR45M02901,12.3374
sub-DSAR45M02902,13.7586
sub-DSAR45M02903,12.2544
sub-DSAR45M02904,9.5147
sub-DSAR45M02905,15.2319
sub-DSAR45M02906,12.3567
sub-DSAR45M02907,15.8343
sub-DSAR45M02908,10.0772
sub-DSAR45M02909,10.7093
sub-DSAR45M02910,10.1532
sub-DSAR45M02911,14.3923
sub-DSAR45M02912,8.0255
sub-DSAR45M02913,16.6926
sub-DSAR45M02914,
sub-DSAR45M02915,12.7421
sub-DSAR45M02916,9.7868
sub-DSAR45M02917,18.2304
sub-DSAR45M02918,5.9488
sub-DSAR45M02919,14.4435
sub-DSAR45M02920,10.8306
sub-DSAR45M02921,13.962
sub-DSAR45M02922,10.1446
sub-DSAR45M02923,8.985
sub-DSAR45M02924,7.685
sub-DSAR45M02925,
sub-DSAR45M02926,18.5491
sub-DSAR45M02927,7.9483
sub-DSAR45M02928,6.9569
sub-DSAR45M02929,11.5754
sub-DSAR45M02930,9.1193
sub-DSAR45M02931,15.913
sub-DSAR45M02932,14.5199
sub-DSAR45M02933,12.4009
sub-DSAR45M02934,6.6695
sub-DSAR45M02935,13.8367
sub-DSAR45M02936,10.7655
sub-DSAR45M02937,18.5096
sub-DSAR45M02938,10.8496
sub-DSAR45M02939,14.6792
sub-DSAR45M02940,15.5052
sub-DSAR45M02941,9.7435
sub-DSAR45M02942,14.426
sub-DSAR45M02943,14.4233
sub-DSAR45M02944,16.0133
sub-DSAR45M02945,9.8264
sub-DSAR45M02946,8.0664
sub-DSAR45M02947,
sub-DSAR45M02948,7.1636
sub-DSAR45M02949,10.8523
sub-DSAR45M02950,11.6202
sub-DSAR45M02951,9.8033
sub-DSAR45M02952,8.2224
sub-DSAR45M02953,16.0683
sub-DSAR45M02954,10.0797
sub-DSAR45M02955,10.2157
sub-DSAR45M02956,11.6198
sub-DSAR45M02957,12.3591
sub-DSAR45M02958,13.6176
sub-DSAR45M02959,19.8619
sub-DSAR45M02960,13.0352
sub-DSAR45M02961,11.0121
sub-DSAR45M02962,9.3294
sub-DSAR45M02963,19.6605
sub-DSAR45M02964,9.6155
sub-DSAR45M02965,12.5389
sub-DSAR45M02966,21.9755
sub-DSAR45M02967,10.0153
sub-DSAR45M02968,15.4361
sub-DSAR45M02969,12.9404
sub-DSAR45M02970,16.9589
sub-DSAR45M02971,15.0965
sub-DSAR45M02972,11.416
sub-DSAR45M02973,7.9706
sub-DSAR45M02974,13.4839
sub-DSAR45M02975,13.9216
sub-DSAR45M02976,11.4911
sub-DSAR45M02977,9.3155
sub-DSAR45M02978,9.2662
sub-DSAR45M02979,12.0007
sub-DSAR45M02980,16.2547
sub-DSAR45M02981,7.6806
sub-DSAR45M02982,12.8411
sub-DSAR45M02983,5.9716
sub-DSAR45M02984,14.0867
sub-DSAR45M02985,13.2705
sub-DSAR45M02986,16.5171
sub-DSAR45M02987,11.7021
sub-DSAR45M02988,9.1049
sub-DSAR45M02989,11.8366
sub-DSAR45M02990,14.0473
sub-DSAR45M02991,10.2139
sub-DSAR45M02992,10.6891
sub-DSAR45M02993,13.1094
sub-DSAR45M02994,17.8297
sub-DSAR45M02995,16.0103
sub-DSAR45M02996,16.3044
sub-DSAR45M02997,7.4048
sub-DSAR45M02998,9.852
sub-DSAR45M02999,15.1806
sub-DSAR45M03000,14.6618
sub-DSAR45M03001,8.8048
sub-DSAR45M03002,15.134
sub-DSAR45M03003,13.3637
sub-DSAR45M03004,11.5319
sub-DSAR45M03005,17.0969
sub-DSAR45M03006,14.6928
sub-DSAR45M03007,8.4699
sub-DSAR45M03008,11.3587
sub-DSAR45M03009,15.5808
sub-DSAR45M03010,15.2212
sub-DSAR45M03011,14.1484
sub-DSAR45M03012,12.9101
sub-DSAR45M03013,12.6667
sub-DSAR45M03014,11.458
sub-DSAR45M03015,13.7512
sub-DSAR45M03016,15.5014
sub-DSAR45M03017,18.2009
sub-DSAR45M03018,15.3322
sub-DSAR45M03019,10.547
sub-DSAR45M03020,12.4854
sub-DSAR45M03021,17.5864
sub-DSAR45M03022,7.7104
sub-DSAR45M03023,11.1042
sub-DSAR45M03024,14.5144
sub-DSAR45M03025,11.6175
sub-DSAR45M03026,10.7253
sub-DSAR45M03027,10.3094
sub-DSAR45M03028,13.2944
sub-DSAR45M03029,11.6114
sub-DSAR45M03030,18.8188
sub-DSAR45M03031,11.4907
sub-DSAR45M03032,9.2969
sub-DSAR45M03033,15.7259
sub-DSAR45M03034,17.0122
sub-DSAR45M03035,
sub-DSAR45M03036,13.4677
sub-DSAR45M03037,13.6329
sub-DSAR45M03038,6.8989
sub-DSAR45M03039,14.4486
sub-DSAR45M03040,10.6337
sub-DSAR45M03041,10.551
sub-DSAR45M03042,11.8824
sub-DSAR45M03043,10.4576
sub-DSAR45M03044,9.8452
sub-DSAR45M03045,14.8737
sub-DSAR45M03046,14.52
sub-DSAR45M03047,4.7225
sub-DSAR45M03048,13.9591
sub-DSAR45M03049,10.9468
sub-DSAR45M03050,12.3391
sub-DSAR45M03051,8.4841
sub-DSAR45M03052,13.3931
sub-DSAR45M03053,11.328
sub-DSAR45M03054,10.0006
sub-DSAR45M03055,9.0177
sub-DSAR45M03056,14.965
sub-DSAR45M03057,8.1241
sub-DSAR45M03058,13.8331
sub-DSAR45M03059,12.2672
sub-DSAR45M03060,7.0938
sub-DSAR45M03061,12.2392
sub-DSAR45M03062,
sub-DSAR45M03063,17.6544
sub-DSAR45M03064,14.3816
sub-DSAR45M03065,12.054
sub-DSAR45M03066,13.5377
sub-DSAR45M03067,11.5452
sub-DSAR45M03068,11.6488
sub-DSAR45M03069,8.6133
sub-DSAR45M03070,12.1174
sub-DSAR45M03071,15.4689
sub-DSAR45M03072,19.4701
sub-DSAR45M03073,12.5239
sub-DSAR45M03074,11.497
sub-DSAR45M03075,
sub-DSAR45M03076,12.9567
sub-DSAR45M03077,9.9044
sub-DSAR45M03078,12.6713
sub-DSAR45M03079,9.7617
sub-DSAR45M03080,6.5378
sub-DSAR45M03081,13.7156
sub-DSAR45M03082,9.4897
sub-DSAR45M03083,21.0081
sub-DSAR45M03084,13.7054
sub-DSAR45M03085,7.3432
sub-DSAR45M03086,14.2908
sub-DSAR45M03087,10.7846
sub-DSAR45M03088,
sub-DSAR45M03089,14.2244
sub-DSAR45M03090,12.1944
sub-DSAR45M03091,7.5942
sub-DSAR45M03092,7.8642
sub-DSAR45M03093,9.3926
sub-DSAR45M03094,14.1869
sub-DSAR45M03095,12.1604
sub-DSAR45M03096,13.3532
sub-DSAR45M03097,16.652
sub-DSAR45M03098,6.7393
sub-DSAR45M03099,9.8207
sub-DSAR45M03100,11.0578
sub-DSAR45M03101,11.4232
sub-DSAR45M03102,14.0312
sub-DSAR45M03103,12.5796
sub-DSAR45M03104,13.9585
sub-DSAR45M03105,11.155
sub-DSAR45M03106,6.2245
sub-DSAR45M03107,14.842
sub-DSAR45M03108,7.7684
sub-DSAR45M03109,16.9998
sub-DSAR45M03110,9.9538
sub-DSAR45M03111,13.2654
sub-DSAR45M03112,9.6493
sub-DSAR45M03113,15.2074
sub-DSAR45M03114,16.9476
sub-DSAR45M03115,14.1026
sub-DSAR45M03116,10.8596
sub-DSAR45M03117,11.9601
sub-DSAR45M03118,11.0889
sub-DSAR45M03119,14.5767
sub-DSAR45M03120,15.913
sub-DSAR45M03121,10.8971
sub-DSAR45M03122,15.0052
sub-DSAR45M03123,9.6395
sub-DSAR45M03124,15.0691
sub-DSAR45M03125,13.3644
sub-DSAR45M03126,15.0797
sub-DSAR45M03127,12.3418
sub-DSAR45M03128,8.5349
sub-DSAR45M03129,10.6439
sub-DSAR45M03130,17.2625
sub-DSAR45M03131,16.1615
sub-DSAR45M03132,12.6258
sub-DSAR45M03133,16.6073
sub-DSAR45M03134,13.8563
sub-DSAR45M03135,14.4078
sub-DSAR45M03136,11.3844
sub-DSAR45M03137,9.8851
sub-DSAR45M03138,10.9678
sub-DSAR45M03139,8.9519
sub-DSAR45M03140,12.3413
sub-DSAR45M03141,16.721
sub-DSAR45M03142,13.8664
sub-DSAR45M03143,9.3006
sub-DSAR45M03144,11.4692
sub-DSAR45M03145,10.9629
sub-DSAR45M03146,14.37
sub-DSAR45M03147,11.8901
sub-DSAR45M03148,12.7902
sub-DSAR45M03149,11.1235
sub-DSAR45M03150,15.8818
sub-DSAR45M03151,11.5103
sub-DSAR45M03152,16.1119
sub-DSAR45M03153,10.5025
sub-DSAR45M03154,18.905
sub-DSAR45M03155,12.2683
sub-DSAR45M03156,15.2822
sub-DSAR45M03157,8.0121
sub-DSAR45M03158,17.5302
sub-DSAR45M03159,17.3104
sub-DSAR45M03160,12.9032
sub-DSAR45M03161,9.0093
sub-DSAR45M03162,15.7671
sub-DSAR45M03163,15.7243
sub-DSAR45M03164,12.5928
sub-DSAR45M03165,16.761
sub-DSAR45M03166,
sub-DSAR45M03167,16.1136
sub-DSAR45M03168,13.3258
sub-DSAR45M03169,12.7967
sub-DSAR45M03170,10.5117
sub-DSAR45M03171,9.1453
sub-DSAR45M03172,10.6838
sub-DSAR45M03173,11.6428
sub-DSAR45M03174,11.0627
sub-DSAR45M03175,12.4463
sub-DSAR45M03176,9.1762
sub-DSAR45M03177,12.0958
sub-DSAR45M03178,12.4497
sub-DSAR45M03179,12.8901
sub-DSAR45M03180,12.4087
sub-DSAR45M03181,12.2827
sub-DSAR45M03182,7.7522
sub-DSAR45M03183,14.0951
sub-DSAR45M03184,11.2304
sub-DSAR45M03185,13.187
sub-DSAR45M03186,8.6565
sub-DSAR45M03187,8.8594
sub-DSAR45M03188,8.2959
sub-DSAR45M03189,7.8973
sub-DSAR45M03190,14.0008
sub-DSAR45M03191,11.1741
sub-DSAR45M03192,14.7724
sub-DSAR45M03193,13.0548
sub-DSAR45M03194,11.8135
sub-DSAR45M03195,10.7314
sub-DSAR45M03196,14.7749
sub-DSAR45M03197,8.7894
sub-DSAR45M03198,11.9084
sub-DSAR45M03199,8.8899
sub-DSAR45M03200,14.4607
sub-DSAR45M03201,
sub-DSAR45M03202,9.7466
sub-DSAR45M03203,8.5184
sub-DSAR45M03204,12.6398
sub-DSAR45M03205,12.3153
sub-DSAR45M03206,12.6339
sub-DSAR45M03207,12.2258
sub-DSAR45M03208,7.5892
sub-DSAR45M03209,9.4793
sub-DSAR45M03210,9.0701
sub-DSAR45M03211,15.1267
sub-DSAR45M03212,13.5927
sub-DSAR45M03213,11.7015
sub-DSAR45M03214,19.1734
sub-DSAR45M03215,14.9404
sub-DSAR45M03216,10.481
sub-DSAR45M03217,10.7129
sub-DSAR45M03218,7.3235
sub-DSAR45M03219,11.1776
sub-DSAR45M03220,14.9037
sub-DSAR45M03221,18.9191
sub-DSAR45M03222,12.0261
sub-DSAR45M03223,12.2053
sub-DSAR45M03224,16.3638
sub-DSAR45M03225,10.7817
sub-DSAR45M03226,14.1762
sub-DSAR45M03227,7.8404
sub-DSAR45M03228,9.1856
sub-DSAR45M03229,12.2866
sub-DSAR45M03230,8.5287
sub-DSAR45M03231,10.5536
sub-DSAR45M03232,14.717
sub-DSAR45M03233,17.0112
sub-DSAR45M03234,10.6946
sub-DSAR45M03235,
sub-DSAR45M03236,16.85
sub-DSAR45M03237,6.841
sub-DSAR45M03238,11.4288
sub-DSAR45M03239,11.9771
sub-DSAR45M03240,9.4461
sub-DSAR45M03241,9.6271
sub-DSAR45M03242,8.334
sub-DSAR45M03243,11.1081
sub-DSAR45M03244,14.3295
sub-DSAR45M03245,8.7755
sub-DSAR45M03246,9.6769
sub-DSAR45M03247,7.6468
sub-DSAR45M03248,7.6494
sub-DSAR45M03249,10.1826
sub-DSAR45M03250,17.4446
sub-DSAR45M03251,13.3657
sub-DSAR45M03252,15.3088
sub-DSAR45M03253,15.7263
sub-DSAR45M03254,12.1731
sub-DSAR45M03255,15.331
sub-DSAR45M03256,10.8555
sub-DSAR45M03257,14.0957
sub-DSAR45M03258,8.0176
sub-DSAR45M03259,13.0102
sub-DSAR45M03260,17.7304
sub-DSAR45M03261,7.0842
sub-DSAR45M03262,9.8006
sub-DSAR45M03263,7.1879
sub-DSAR45M03264,8.836
sub-DSAR45M03265,14.8779
sub-DSAR45M03266,10.5807
sub-DSAR45M03267,9.6803
sub-DSAR45M03268,10.7376
sub-DSAR45M03269,6.796
sub-DSAR45M03270,14.6715
sub-DSAR45M03271,12.5443
sub-DSAR45M03272,16.5496
sub-DSAR45M03273,13.553
sub-DSAR45M03274,14.5683
sub-DSAR45M03275,8.8127
sub-DSAR45M03276,9.374
sub-DSAR45M03277,7.6768
sub-DSAR45M03278,16.7771
sub-DSAR45M03279,5.8081
sub-DSAR45M03280,15.6754
sub-DSAR45M03281,12.09
sub-DSAR45M03282,13.606
sub-DSAR45M03283,16.1755
sub-DSAR45M03284,12.5712
sub-DSAR45M03285,13.3446
sub-DSAR45M03286,10.743
sub-DSAR45M03287,10.3983
sub-DSAR45M03288,11.3497
sub-DSAR45M03289,14.5818
sub-DSAR45M03290,10.8324
sub-DSAR45M03291,9.2541
sub-DSAR45M03292,16.0881
sub-DSAR45M03293,15.0293
sub-DSAR45M03294,11.964
sub-DSAR45M03295,14.3885
sub-DSAR45M03296,14.8861
sub-DSAR45M03297,16.9129
sub-DSAR45M03298,10.7715
sub-DSAR45M03299,14.6512
sub-DSAR45M03300,14.0361
sub-DSAR45M03301,6.198
sub-DSAR45M03302,9.1355
sub-DSAR45M03303,16.4941
sub-DSAR45M03304,6.9985
sub-DSAR45M03305,13.9638
sub-DSAR45M03306,14.1447
sub-DSAR45M03307,9.3198
sub-DSAR45M03308,12.0904
sub-DSAR45M03309,13.478
sub-DSAR45M03310,7.5983
sub-DSAR45M03311,11.0657
sub-DSAR45M03312,10.2061
sub-DSAR45M03313,12.4864
sub-DSAR45M03314,10.2739
sub-DSAR45M03315,10.5692
sub-DSAR45M03316,17.1505
sub-DSAR45M03317,10.9653
sub-DSAR45M03318,14.1209
sub-DSAR45M03319,9.7311
sub-DSAR45M03320,12.7025
sub-DSAR45M03321,11.9135
sub-DSAR45M03322,6.8416
sub-DSAR45M03323,9.1106
sub-DSAR45M03324,12.2358
sub-DSAR45M03325,12.8954
sub-DSAR45M03326,12.7843
sub-DSAR45M03327,12.7656
sub-DSAR45M03328,15.3007
sub-DSAR45M03329,16.483
sub-DSAR45M03330,12.0787
sub-DSAR45M03331,7.3724
sub-DSAR45M03332,14.0663
sub-DSAR45M03333,13.0675
sub-DSAR45M03334,15.4063
sub-DSAR45M03335,15.2291
sub-DSAR45M03336,14.7463
sub-DSAR45M03337,5.9962
sub-DSAR45M03338,12.422
sub-DSAR45M03339,19.3722
sub-DSAR45M03340,9.6851
sub-DSAR45M03341,15.2021
sub-DSAR45M03342,17.3171
sub-DSAR45M03343,8.6811
sub-DSAR45M03344,10.8071
sub-DSAR45M03345,10.9059
sub-DSAR45M03346,11.9786
sub-DSAR45M03347,17.2931
sub-DSAR45M03348,7.8471
sub-DSAR45M03349,9.7368
sub-DSAR45M03350,7.4438
sub-DSAR45M03351,12.0294
sub-DSAR45M03352,11.4579
sub-DSAR45M03353,13.9273
sub-DSAR45M03354,10.5287
sub-DSAR45M03355,10.9049
sub-DSAR45M03356,15.9224
sub-DSAR45M03357,14.0194
sub-DSAR45M03358,15.8822
sub-DSAR45M03359,10.9457
sub-DSAR45M03360,13.2482
sub-DSAR45M03361,15.2325
sub-DSAR45M03362,6.3007
sub-DSAR45M03363,13.8228
sub-DSAR45M03364,14.4727
sub-DSAR45M03365,11.5731
sub-DSAR45M03366,14.5212
sub-DSAR45M03367,11.3003
sub-DSAR45M03368,6.492
sub-DSAR45M03369,8.7067
sub-DSAR45M03370,16.2102
sub-DSAR45M03371,10.6678
sub-DSAR45M03372,13.9495
sub-DSAR45M03373,13.968
sub-DSAR45M03374,11.5058
sub-DSAR45M03375,11.4913
sub-DSAR45M03376,14.8745
sub-DSAR45M03377,10.2687
sub-DSAR45M03378,13.7307
sub-DSAR45M03379,9.7984
sub-DSAR45M03380,
sub-DSAR45M03381,14.7339
sub-DSAR45M03382,13.2668
sub-DSAR45M03383,18.2642
sub-DSAR45M03384,7.7363
sub-DSAR45M03385,4.9161
sub-DSAR45M03386,10.6457
sub-DSAR45M03387,9.2391
sub-DSAR45M03388,9.7221
sub-DSAR45M03389,7.2097
sub-DSAR45M03390,12.6668
sub-DSAR45M03391,8.5591
sub-DSAR45M03392,14.5099
sub-DSAR45M03393,18.7204
sub-DSAR45M03394,6.9065
sub-DSAR45M03395,11.3262
sub-DSAR45M03396,8.4403
sub-DSAR45M03397,11.4719
sub-DSAR45M03398,12.7884
sub-DSAR45M03399,17.1238
sub-DSAR45M03400,16.3001
sub-DSAR45M03401,16.6156
sub-DSAR45M03402,12.1008
sub-DSAR45M03403,13.9457
sub-DSAR45M03404,13.5939
sub-DSAR45M03405,19.2483
sub-DSAR45M03406,9.1491
sub-DSAR45M03407,11.998
sub-DSAR45M03408,12.1112
sub-DSAR45M03409,11.821
sub-DSAR45M03410,8.5607
sub-DSAR45M03411,
sub-DSAR45M03412,10.3933
sub-DSAR45M03413,11.0372
sub-DSAR45M03414,10.7506
sub-DSAR45M03415,9.363
sub-DSAR45M03416,8.9273
sub-DSAR45M03417,15.1052
sub-DSAR45M03418,10.3854
sub-DSAR45M03419,14.1511
sub-DSAR45M03420,6.9458
sub-DSAR45M03421,10.8645
sub-DSAR45M03422,9.3843
sub-DSAR45M03423,13.6692
sub-DSAR45M03424,8.8309
sub-DSAR45M03425,10.9838
sub-DSAR45M03426,14.8753
sub-DSAR45M03427,13.7785
sub-DSAR45M03428,8.7865
sub-DSAR45M03429,14.3969
sub-DSAR45M03430,8.1475
sub-DSAR45M03431,10.7045
sub-DSAR45M03432,8.0345
sub-DSAR45M03433,12.5262
sub-DSAR45M03434,10.825
sub-DSAR45M03435,10.6214
sub-DSAR45M03436,13.483
sub-DSAR45M03437,14.2452
sub-DSAR45M03438,11.8987
sub-DSAR45M03439,9.273
sub-DSAR45M03440,12.1309
sub-DSAR45M03441,4.07
sub-DSAR45M03442,14.0582
sub-DSAR45M03443,
sub-DSAR45M03444,13.8462
sub-DSAR45M03445,14.0742
sub-DSAR45M03446,11.3594
sub-DSAR45M03447,17.3298
sub-DSAR45M03448,17.5216
sub-DSAR45M03449,14.7524
sub-DSAR45M03450,9.0674
sub-DSAR45M03451,10.8009
sub-DSAR45M03452,12.3532
sub-DSAR45M03453,13.7627
sub-DSAR45M03454,11.6911
sub-DSAR45M03455,11.5629
sub-DSAR45M03456,16.1317
sub-DSAR45M03457,17.8945
sub-DSAR45M03458,12.6109
sub-DSAR45M03459,15.5734
sub-DSAR45M03460,15.5139
sub-DSAR45M03461,13.1478
sub-DSAR45M03462,
sub-DSAR45M03463,12.2056
sub-DSAR45M03464,16.6788
sub-DSAR45M03465,5.9069
sub-DSAR45M03466,14.138
sub-DSAR45M03467,11.5262
sub-DSAR45M03468,13.1717
sub-DSAR45M03469,13.3475
sub-DSAR45M03470,13.716
sub-DSAR45M03471,9.5131
sub-DSAR45M03472,11.537
sub-DSAR45M03473,15.1642
sub-DSAR45M03474,4.8831
sub-DSAR45M03475,15.7196
sub-DSAR45M03476,8.3303
sub-DSAR45M03477,6.5928
sub-DSAR45M03478,13.4304
sub-DSAR45M03479,11.3698
sub-DSAR45M03480,12.115
sub-DSAR45M03481,10.4024
sub-DSAR45M03482,10.5595
sub-DSAR45M03483,14.4458
sub-DSAR45M03484,10.7681
sub-DSAR45M03485,13.0949
sub-DSAR45M03486,13.9238
sub-DSAR45M03487,11.0284
sub-DSAR45M03488,10.6787
sub-DSAR45M03489,13.0697
sub-DSAR45M03490,11.3626
sub-DSAR45M03491,16.8607
sub-DSAR45M03492,9.5929
sub-DSAR45M03493,12.3094
sub-DSAR45M03494,15.9623
sub-DSAR45M03495,8.2
sub-DSAR45M03496,14.2085
sub-DSAR45M03497,11.3718
sub-DSAR45M03498,8.761
sub-DSAR45M03499,11.3194
sub-DSAR45M03500,13.7168
sub-DSAR45M03501,11.4421
sub-DSAR45M03502,17.5003
sub-DSAR45M03503,15.2158
sub-DSAR45M03504,6.9767
sub-DSAR45M03505,14.8047
sub-DSAR45M03506,12.1214
sub-DSAR45M03507,11.0615
sub-DSAR45M03508,16.4645
sub-DSAR45M03509,16.6979
sub-DSAR45M03510,17.0647
sub-DSAR45M03511,13.0171
sub-DSAR45M03512,11.8895
sub-DSAR45M03513,10.6022
sub-DSAR45M03514,5.9566
sub-DSAR45M03515,9.9527
sub-DSAR45M03516,11.2705
sub-DSAR45M03517,12.7902
sub-DSAR45M03518,9.1498
sub-DSAR45M03519,15.2998
sub-DSAR45M03520,20.0398
sub-DSAR45M03521,12.0599
sub-DSAR45M03522,15.2187
sub-DSAR45M03523,9.7818
sub-DSAR45M03524,16.4827
sub-DSAR45M03525,10.5088
sub-DSAR45M03526,11.6378
sub-DSAR45M03527,16.7107
sub-DSAR45M03528,13.8211
sub-DSAR45M03529,18.8075
sub-DSAR45M03530,13.7889
sub-DSAR45M03531,13.5857
sub-DSAR45M03532,14.9233
sub-DSAR45M03533,12.8834
sub-DSAR45M03534,10.7062
sub-DSAR45M03535,19.3614
sub-DSAR45M03536,9.9614
sub-DSAR45M03537,14.7883
sub-DSAR45M03538,14.5144
sub-DSAR45M03539,16.1804
sub-DSAR45M03540,11.5508
sub-DSAR45M03541,16.413
sub-DSAR45M03542,15.1695
sub-DSAR45M03543,8.4938
sub-DSAR45M03544,11.2701
sub-DSAR45M03545,9.167
sub-DSAR45M03546,14.0443
sub-DSAR45M03547,16.8423
sub-DSAR45M03548,13.0099
sub-DSAR45M03549,15.3829
sub-DSAR45M03550,11.3568
sub-DSAR45M03551,8.6914
sub-DSAR45M03552,8.4149
sub-DSAR45M03553,7.927
sub-DSAR45M03554,9.5892
sub-DSAR45M03555,12.8565
sub-DSAR45M03556,9.6333
sub-DSAR45M03557,11.847
sub-DSAR45M03558,15.8504
sub-DSAR45M03559,11.5936
sub-DSAR45M03560,8.1488
sub-DSAR45M03561,12.4501
sub-DSAR45M03562,13.5548
sub-DSAR45M03563,11.7956
sub-DSAR45M03564,12.8937
sub-DSAR45M03565,5.0133
sub-DSAR45M03566,12.6922
sub-DSAR45M03567,14.1022
sub-DSAR45M03568,9.4887
sub-DSAR45M03569,13.4449
sub-DSAR45M03570,13.4142
sub-DSAR45M03571,14.8583
sub-DSAR45M03572,7.3604
sub-DSAR45M03573,10.187
sub-DSAR45M03574,15.2824
sub-DSAR45M03575,13.9707
sub-DSAR45M03576,14.7724
sub-DSAR45M03577,12.035
sub-DSAR45M03578,11.2639
sub-DSAR45M03579,18.9272
sub-DSAR45M03580,9.6789
sub-DSAR45M03581,9.1298
sub-DSAR45M03582,12.6902
sub-DSAR45M03583,8.3158
sub-DSAR45M03584,11.1194
sub-DSAR45M03585,16.5662
sub-DSAR45M03586,10.8617
sub-DSAR45M03587,9.4621
sub-DSAR45M03588,16.4499
sub-DSAR45M03589,10.8713
sub-DSAR45M03590,
sub-DSAR45M03591,11.8981
sub-DSAR45M03592,12.3615
sub-DSAR45M03593,12.0937
sub-DSAR45M03594,11.8978
sub-DSAR45M03595,15.6342
sub-DSAR45M03596,11.712
sub-DSAR45M03597,11.0757
sub-DSAR45M03598,7.2619
sub-DSAR45M03599,9.8862
sub-DSAR45M03600,10.423
sub-DSAR45M03601,13.2501
sub-DSAR45M03602,12.3661
sub-DSAR45M03603,
sub-DSAR45M03604,11.3991
sub-DSAR45M03605,11.8605
sub-DSAR45M03606,16.874
sub-DSAR45M03607,
sub-DSAR45M03608,15.3908
sub-DSAR45M03609,10.2834
sub-DSAR45M03610,12.04
sub-DSAR45M03611,10.9649
sub-DSAR45M03612,9.7738
sub-DSAR45M03613,9.6584
sub-DSAR45M03614,7.7679
sub-DSAR45M03615,15.9297
sub-DSAR45M03616,10.5937
sub-DSAR45M03617,
sub-DSAR45M03618,10.0587
sub-DSAR45M03619,10.8348
sub-DSAR45M03620,18.3843
sub-DSAR45M03621,12.7754
sub-DSAR45M03622,7.4232
sub-DSAR45M03623,11.7765
sub-DSAR45M03624,12.7183
sub-DSAR45M03625,13.7874
sub-DSAR45M03626,13.9413
sub-DSAR45M03627,14.8207
sub-DSAR45M03628,11.002
sub-DSAR45M03629,12.6569
sub-DSAR45M03630,12.4805
sub-DSAR45M03631,11.2394
sub-DSAR45M03632,10.3033
sub-DSAR45M03633,14.3036
sub-DSAR45M03634,6.7796
sub-DSAR45M03635,6.0049
sub-DSAR45M03636,7.0422
sub-DSAR45M03637,14.3817
sub-DSAR45M03638,16.183
sub-DSAR45M03639,11.1412
sub-DSAR45M03640,11.8657
sub-DSAR45M03641,12.3185
sub-DSAR45M03642,8.9292
sub-DSAR45M03643,17.6344
sub-DSAR45M03644,9.1442
sub-DSAR45M03645,13.9462
sub-DSAR45M03646,12.9778
sub-DSAR45M03647,14.3709
sub-DSAR45M03648,13.7061
sub-DSAR45M03649,13.0993
sub-DSAR45M03650,17.0647
sub-DSAR45M03651,17.5044
sub-DSAR45M03652,11.9288
sub-DSAR45M03653,16.5552
sub-DSAR45M03654,10.3371
sub-DSAR45M03655,14.826
sub-DSAR45M03656,10.03
sub-DSAR45M03657,11.1389
sub-DSAR45M03658,10.771
sub-DSAR45M03659,11.1051
sub-DSAR45M03660,7.9688
sub-DSAR45M03661,15.9894
sub-DSAR45M03662,6.8372
sub-DSAR45M03663,17.2336
sub-DSAR45M03664,17.2392
sub-DSAR45M03665,7.9263
sub-DSAR45M03666,16.7053
sub-DSAR45M03667,12.3577
sub-DSAR45M03668,11.736
sub-DSAR45M03669,7.672
sub-DSAR45M03670,9.7217
sub-DSAR45M03671,13.3024
sub-DSAR45M03672,11.7365
sub-DSAR45M03673,10.8662
sub-DSAR45M03674,16.085
sub-DSAR45M03675,17.1319
sub-DSAR45M03676,14.3468
sub-DSAR45M03677,7.264
sub-DSAR45M03678,10.925
sub-DSAR45M03679,5.8297
sub-DSAR45M03680,14.0913
sub-DSAR45M03681,12.5986
sub-DSAR45M03682,9.9297
sub-DSAR45M03683,15.6644
sub-DSAR45M03684,11.6465
sub-DSAR45M03685,7.7079
sub-DSAR45M03686,11.6718
sub-DSAR45M03687,10.5191
sub-DSAR45M03688,9.5189
sub-DSAR45M03689,14.7501
sub-DSAR45M03690,17.554
sub-DSAR45M03691,12.7601
sub-DSAR45M03692,13.6036
sub-DSAR45M03693,9.8205
sub-DSAR45M03694,15.9073
sub-DSAR45M03695,13.5712
sub-DSAR45M03696,11.4776
sub-DSAR45M03697,15.1073
sub-DSAR45M03698,12.8987
sub-DSAR45M03699,7.2989
sub-DSAR45M03700,19.6991
sub-DSAR45M03701,11.5782
sub-DSAR45M03702,12.1644
sub-DSAR45M03703,
sub-DSAR45M03704,18.2748
sub-DSAR45M03705,12.8566
sub-DSAR45M03706,12.6124
sub-DSAR45M03707,9.6764
sub-DSAR45M03708,12.3434
sub-DSAR45M03709,
sub-DSAR45M03710,13.7485
sub-DSAR45M03711,20.114
sub-DSAR45M03712,13.8881
sub-DSAR45M03713,4.8391
sub-DSAR45M03714,
sub-DSAR45M03715,20.3548
sub-DSAR45M03716,12.9744
sub-DSAR45M03717,14.2452
sub-DSAR45M03718,12.0629
sub-DSAR45M03719,8.274
sub-DSAR45M03720,11.5239
sub-DSAR45M03721,15.4955
sub-DSAR45M03722,13.9002
sub-DSAR45M03723,14.2797
sub-DSAR45M03724,14.5422
sub-DSAR45M03725,14.5094
sub-DSAR45M03726,12.7432
sub-DSAR45M03727,13.4408
sub-DSAR45M03728,13.5127
sub-DSAR45M03729,10.7288
sub-DSAR45M03730,14.9369
sub-DSAR45M03731,12.9079
sub-DSAR45M03732,9.2743
sub-DSAR45M03733,10.8646
sub-DSAR45M03734,15.9128
sub-DSAR45M03735,14.7805
sub-DSAR45M03736,16.5159
sub-DSAR45M03737,10.1866
sub-DSAR45M03738,12.3835
sub-DSAR45M03739,13.3801
sub-DSAR45M03740,11.8494
sub-DSAR45M03741,9.8963
sub-DSAR45M03742,17.9811
sub-DSAR45M03743,13.1224
sub-DSAR45M03744,16.3477
sub-DSAR45M03745,7.5907
sub-DSAR45M03746,13.4223
sub-DSAR45M03747,7.9277
sub-DSAR45M03748,12.5384
sub-DSAR45M03749,15.5271
sub-DSAR45M03750,13.9627
sub-DSAR45M03751,11.0822
sub-DSAR45M03752,14.6603
sub-DSAR45M03753,10.0047
sub-DSAR45M03754,10.8831
sub-DSAR45M03755,15.7803
sub-DSAR45M03756,11.6385
sub-DSAR45M03757,12.8675
sub-DSAR45M03758,14.388
sub-DSAR45M03759,12.3986
sub-DSAR45M03760,18.4427
sub-DSAR45M03761,16.0847
sub-DSAR45M03762,14.2144
sub-DSAR45M03763,11.0774
sub-DSAR45M03764,12.0758
sub-DSAR45M03765,13.9924
sub-DSAR45M03766,15.4
sub-DSAR45M03767,8.2739
sub-DSAR45M03768,8.5258
sub-DSAR45M03769,7.2097
sub-DSAR45M03770,12.2267
sub-DSAR45M03771,19.5587
sub-DSAR45M03772,13.3727
sub-DSAR45M03773,16.3818
sub-DSAR45M03774,3.9248
sub-DSAR45M03775,10.4175
sub-DSAR45M03776,13.4931
sub-DSAR45M03777,15.0412
sub-DSAR45M03778,16.2297
sub-DSAR45M03779,8.9748
sub-DSAR45M03780,11.5794
sub-DSAR45M03781,11.2007
sub-DSAR45M03782,15.4285
sub-DSAR45M03783,6.4007
sub-DSAR45M03784,18.3467
sub-DSAR45M03785,11.0535
sub-DSAR45M03786,13.4108
sub-DSAR45M03787,
sub-DSAR45M03788,8.4337
sub-DSAR45M03789,15.5139
sub-DSAR45M03790,12.9181
sub-DSAR45M03791,8.9899
sub-DSAR45M03792,6.3807
sub-DSAR45M03793,7.5249
sub-DSAR45M03794,11.4019
sub-DSAR45M03795,12.0597
sub-DSAR45M03796,9.0824
sub-DSAR45M03797,15.7482
sub-DSAR45M03798,13.2243
sub-DSAR45M03799,16.6077
sub-DSAR45M03800,10.3386
sub-DSAR45M03801,16.1297
sub-DSAR45M03802,16.0206
sub-DSAR45M03803,13.7198
sub-DSAR45M03804,13.1277
sub-DSAR45M03805,14.9103
sub-DSAR45M03806,10.7988
sub-DSAR45M03807,16.2976
sub-DSAR45M03808,11.6681
sub-DSAR45M03809,12.877
sub-DSAR45M03810,9.4128
sub-DSAR45M03811,14.6317
sub-DSAR45M03812,8.1826
sub-DSAR45M03813,11.9536
sub-DSAR45M03814,13.6109
sub-DSAR45M03815,16.417
sub-DSAR45M03816,11.9874
sub-DSAR45M03817,11.4364
sub-DSAR45M03818,14.0297
sub-DSAR45M03819,16.1281
sub-DSAR45M03820,14.6607
sub-DSAR45M03821,11.4081
sub-DSAR45M03822,5.3198
sub-DSAR45M03823,9.0901
sub-DSAR45M03824,14.532
sub-DSAR45M03825,13.2145
sub-DSAR45M03826,14.8757
sub-DSAR45M03827,9.5065
sub-DSAR45M03828,7.5217
sub-DSAR45M03829,9.8162
sub-DSAR45M03830,13.6087
sub-DSAR45M03831,15.9831
sub-DSAR45M03832,13.4408
sub-DSAR45M03833,16.0651
sub-DSAR45M03834,6.642
sub-DSAR45M03835,13.7679
sub-DSAR45M03836,13.4765
sub-DSAR45M03837,14.7933
sub-DSAR45M03838,13.1641
sub-DSAR45M03839,12.3867
sub-DSAR45M03840,8.6676
sub-DSAR45M03841,13.0657
sub-DSAR45M03842,14.3083
sub-DSAR45M03843,11.8519
sub-DSAR45M03844,14.8235
sub-DSAR45M03845,4.0014
sub-DSAR45M03846,16.2483
sub-DSAR45M03847,13.1155
sub-DSAR45M03848,9.0039
sub-DSAR45M03849,11.5849
sub-DSAR45M03850,11.406
sub-DSAR45M03851,13.7764
sub-DSAR45M03852,8.1947
sub-DSAR45M03853,16.4286
sub-DSAR45M03854,8.9259
sub-DSAR45M03855,12.7568
sub-DSAR45M03856,15.2196
sub-DSAR45M03857,16.7964
sub-DSAR45M03858,11.2653
sub-DSAR45M03859,15.8605
sub-DSAR45M03860,10.2076
sub-DSAR45M03861,15.5807
sub-DSAR45M03862,9.1678
sub-DSAR45M03863,13.1291
sub-DSAR45M03864,
sub-DSAR45M03865,10.3483
sub-DSAR45M03866,14.6308
sub-DSAR45M03867,13.2678
sub-DSAR45M03868,8.9625
sub-DSAR45M03869,7.3255
sub-DSAR45M03870,13.4818
sub-DSAR45M03871,9.2788
sub-DSAR45M03872,14.7174
sub-DSAR45M03873,19.2182
sub-DSAR45M03874,6.244
sub-DSAR45M03875,9.6622
sub-DSAR45M03876,8.2253
sub-DSAR45M03877,15.9324
sub-DSAR45M03878,12.1207
sub-DSAR45M03879,11.584
sub-DSAR45M03880,10.0854
sub-DSAR45M03881,11.0503
sub-DSAR45M03882,10.2606
sub-DSAR45M03883,12.0689
sub-DSAR45M03884,12.6476
sub-DSAR45M03885,13.6389
sub-DSAR45M03886,8.4332
sub-DSAR45M03887,6.5871
sub-DSAR45M03888,11.8133
sub-DSAR45M03889,14.4647
sub-DSAR45M03890,10.4938
sub-DSAR45M03891,15.2331
sub-DSAR45M03892,15.5461
sub-DSAR45M03893,9.0336
sub-DSAR45M03894,9.572
sub-DSAR45M03895,8.1391
sub-DSAR45M03896,8.0182
sub-DSAR45M03897,12.0593
sub-DSAR45M03898,5.9389
sub-DSAR45M03899,8.0663
sub-DSAR45M03900,11.4114
sub-DSAR45M03901,10.1544
sub-DSAR45M03902,14.7234
sub-DSAR45M03903,10.8299
sub-DSAR45M03904,7.991
sub-DSAR45M03905,12.1653
sub-DSAR45M03906,10.735
sub-DSAR45M03907,13.2073
sub-DSAR45M03908,9.6498
sub-DSAR45M03909,16.1194
sub-DSAR45M03910,11.4004
sub-DSAR45M03911,
sub-DSAR45M03912,9.9424
sub-DSAR45M03913,11.5879
sub-DSAR45M03914,13.553
sub-DSAR45M03915,11.1099
sub-DSAR45M03916,10.3003
sub-DSAR45M03917,8.2816
sub-DSAR45M03918,12.1595
sub-DSAR45M03919,10.5711
sub-DSAR45M03920,11.8196
sub-DSAR45M03921,17.7866
sub-DSAR45M03922,12.4026
sub-DSAR45M03923,16.2419
sub-DSAR45M03924,13.7828
sub-DSAR45M03925,16.3723
sub-DSAR45M03926,15.8333
sub-DSAR45M03927,13.4961
sub-DSAR45M03928,10.5762
sub-DSAR45M03929,7.6099
sub-DSAR45M03930,7.6587
sub-DSAR45M03931,13.334
sub-DSAR45M03932,11.2494
sub-DSAR45M03933,14.9683
sub-DSAR45M03934,16.5158
sub-DSAR45M03935,8.7034
sub-DSAR45M03936,16.5785
sub-DSAR45M03937,13.0476
sub-DSAR45M03938,16.1652
sub-DSAR45M03939,13.7387
sub-DSAR45M03940,15.3721
sub-DSAR45M03941,18.5796
sub-DSAR45M03942,14.238
sub-DSAR45M03943,12.3002
sub-DSAR45M03944,10.2197
sub-DSAR45M03945,10.9484
sub-DSAR45M03946,11.027
sub-DSAR45M03947,13.2133
sub-DSAR45M03948,13.2856
sub-DSAR45M03949,18.9323
sub-DSAR45M03950,13.3547
sub-DSAR45M03951,11.5173
sub-DSAR45M03952,12.4476
sub-DSAR45M03953,13.0847
sub-DSAR45M03954,9.7794
sub-DSAR45M03955,22.5193
sub-DSAR45M03956,6.2596
sub-DSAR45M03957,12.1894
sub-DSAR45M03958,16.9873
sub-DSAR45M03959,17.2188
sub-DSAR45M03960,20.0178
sub-DSAR45M03961,18.6626
sub-DSAR45M03962,15.0714
sub-DSAR45M03963,12.7254
sub-DSAR45M03964,11.9543
sub-DSAR45M03965,14.0409
sub-DSAR45M03966,8.328
sub-DSAR45M03967,11.5187
sub-DSAR45M03968,10.6826
sub-DSAR45M03969,3.1946
sub-DSAR45M03970,7.8927
sub-DSAR45M03971,17.0917
sub-DSAR45M03972,12.1448
sub-DSAR45M03973,13.5032
sub-DSAR45M03974,14.5981
sub-DSAR45M03975,11.4247
sub-DSAR45M03976,14.4944
sub-DSAR45M03977,12.0939
sub-DSAR45M03978,14.3024
sub-DSAR45M03979,13.0596
sub-DSAR45M03980,11.9181
sub-DSAR45M03981,
sub-DSAR45M03982,11.0991
sub-DSAR45M03983,10.2259
sub-DSAR45M03984,11.0697
sub-DSAR45M03985,12.8204
sub-DSAR45M03986,8.1541
sub-DSAR45M03987,13.2011
sub-DSAR45M03988,15.6276
sub-DSAR45M03989,
sub-DSAR45M03990,8.6627
sub-DSAR45M03991,12.0144
sub-DSAR45M03992,12.9496
sub-DSAR45M03993,15.7058
sub-DSAR45M03994,15.2761
sub-DSAR45M03995,10.4243
sub-DSAR45M03996,11.5505
sub-DSAR45M03997,4.2389
sub-DSAR45M03998,11.5137
sub-DSAR45M03999,8.8077
sub-DSAR45M04000,15.8949
sub-DSAR45M04001,12.3161
sub-DSAR45M04002,12.096
sub-DSAR45M04003,10.1722
sub-DSAR45M04004,13.4896
sub-DSAR45M04005,8.5607
sub-DSAR45M04006,12.1176
sub-DSAR45M04007,10.5504
sub-DSAR45M04008,13.8654
sub-DSAR45M04009,7.1438
sub-DSAR45M04010,9.3807
sub-DSAR45M04011,12.9007
sub-DSAR45M04012,20.1516
sub-DSAR45M04013,7.267
sub-DSAR45M04014,11.7445
sub-DSAR45M04015,17.7241
sub-DSAR45M04016,14.6777
sub-DSAR45M04017,9.4219
sub-DSAR45M04018,15.5067
sub-DSAR45M04019,11.902
sub-DSAR45M04020,9.5724
sub-DSAR45M04021,15.1664
sub-DSAR45M04022,12.3585
sub-DSAR45M04023,11.1712
sub-DSAR45M04024,6.72
sub-DSAR45M04025,9.4244
sub-DSAR45M04026,13.601
sub-DSAR45M04027,9.912
sub-DSAR45M04028,13.9188
sub-DSAR45M04029,13.0916
sub-DSAR45M04030,12.1621
sub-DSAR45M04031,9.2126
sub-DSAR45M04032,8.9694
sub-DSAR45M04033,15.2255
sub-DSAR45M04034,14.2008
sub-DSAR45M04035,15.9387
sub-DSAR45M04036,9.7135
sub-DSAR45M04037,13.5416
sub-DSAR45M04038,10.3834
sub-DSAR45M04039,17.6676
sub-DSAR45M04040,18.5673
sub-DSAR45M04041,14.0113
sub-DSAR45M04042,10.0059
sub-DSAR45M04043,
sub-DSAR45M04044,7.4981
sub-DSAR45M04045,10.6503
sub-DSAR45M04046,16.8624
sub-DSAR45M04047,4.4357
sub-DSAR45M04048,15.6715
sub-DSAR45M04049,12.8452
sub-DSAR45M04050,12.6981
sub-DSAR45M04051,18.3305
sub-DSAR45M04052,13.079
sub-DSAR45M04053,14.1743
sub-DSAR45M04054,11.6799
sub-DSAR45M04055,14.0749
sub-DSAR45M04056,10.8926
sub-DSAR45M04057,12.272
sub-DSAR45M04058,7.3073
sub-DSAR45M04059,7.6368
sub-DSAR45M04060,11.2447
sub-DSAR45M04061,10.0362
sub-DSAR45M04062,10.4575
sub-DSAR45M04063,8.0945
sub-DSAR45M04064,9.7967
sub-DSAR45M04065,18.6498
sub-DSAR45M04066,13.8504
sub-DSAR45M04067,13.1675
sub-DSAR45M04068,15.509
sub-DSAR45M04069,10.8449
sub-DSAR45M04070,16.3649
sub-DSAR45M04071,11.9656
sub-DSAR45M04072,8.2732
sub-DSAR45M04073,10.5455
sub-DSAR45M04074,17.783
sub-DSAR45M04075,19.5349
sub-DSAR45M04076,17.0559
sub-DSAR45M04077,10.5095
sub-DSAR45M04078,13.645
sub-DSAR45M04079,14.1086
sub-DSAR45M04080,
sub-DSAR45M04081,8.3497
sub-DSAR45M04082,18.1584
sub-DSAR45M04083,17.8417
sub-DSAR45M04084,12.4772
sub-DSAR45M04085,10.7012
sub-DSAR45M04086,11.8459
sub-DSAR45M04087,7.4195
sub-DSAR45M04088,7.9834
sub-DSAR45M04089,7.9001
sub-DSAR45M04090,10.5609
sub-DSAR45M04091,21.6836
sub-DSAR45M04092,11.958
sub-DSAR45M04093,14.4448
sub-DSAR45M04094,11.178
sub-DSAR45M04095,15.5165
sub-DSAR45M04096,7.1367
sub-DSAR45M04097,11.2917
sub-DSAR45M04098,9.3628
sub-DSAR45M04099,15.4873
sub-DSAR45M04100,8.71
sub-DSAR45M04101,14.652
sub-DSAR45M04102,18.2955
sub-DSAR45M04103,11.0988
sub-DSAR45M04104,4.0233
sub-DSAR45M04105,11.0736
sub-DSAR45M04106,12.5406
sub-DSAR45M04107,9.0674
sub-DSAR45M04108,13.7583
sub-DSAR45M04109,17.1039
sub-DSAR45M04110,13.5824
sub-DSAR45M04111,6.6534
sub-DSAR45M04112,13.3434
sub-DSAR45M04113,16.1824
sub-DSAR45M04114,17.2257
sub-DSAR45M04115,12.6019
sub-DSAR45M04116,12.6589
sub-DSAR45M04117,10.7537
sub-DSAR45M04118,15.2756
sub-DSAR45M04119,14.6771
sub-DSAR45M04120,16.143
sub-DSAR45M04121,9.6826
sub-DSAR45M04122,11.5716
sub-DSAR45M04123,13.7644
sub-DSAR45M04124,16.7416
sub-DSAR45M04125,15.788
sub-DSAR45M04126,10.3535
sub-DSAR45M04127,16.9661
sub-DSAR45M04128,11.0861
sub-DSAR45M04129,16.2846
sub-DSAR45M04130,12.5386
sub-DSAR45M04131,19.3974
sub-DSAR45M04132,13.2004
sub-DSAR45M04133,8.5411
sub-DSAR45M04134,13.7091
sub-DSAR45M04135,13.5198
sub-DSAR45M04136,
sub-DSAR45M04137,12.5955
sub-DSAR45M04138,14.4061
sub-DSAR45M04139,8.6497
sub-DSAR45M04140,10.5452
sub-DSAR45M04141,10.9788
sub-DSAR45M04142,9.0592
sub-DSAR45M04143,14.8088
sub-DSAR45M04144,11.8342
sub-DSAR45M04145,
sub-DSAR45M04146,16.2058
sub-DSAR45M04147,11.5206
sub-DSAR45M04148,10.2541
sub-DSAR45M04149,9.3912
sub-DSAR45M04150,9.9652
sub-DSAR45M04151,10.5229
sub-DSAR45M04152,8.4369
sub-DSAR45M04153,11.905
sub-DSAR45M04154,
sub-DSAR45M04155,9.7247
sub-DSAR45M04156,15.3474
sub-DSAR45M04157,14.3238
sub-DSAR45M04158,
sub-DSAR45M04159,9.9297
sub-DSAR45M04160,16.6247
sub-DSAR45M04161,11.6624
sub-DSAR45M04162,10.1377
sub-DSAR45M04163,13.5313
sub-DSAR45M04164,14.0501
sub-DSAR45M04165,9.7781
sub-DSAR45M04166,14.0211
sub-DSAR45M04167,11.2852
sub-DSAR45M04168,10.5171
sub-DSAR45M04169,12.4407
sub-DSAR45M04170,13.853
sub-DSAR45M04171,17.3092
sub-DSAR45M04172,17.0032
sub-DSAR45M04173,13.117
sub-DSAR45M04174,10.4003
sub-DSAR45M04175,12.1946
sub-DSAR45M04176,14.7566
sub-DSAR45M04177,15.9412
sub-DSAR45M04178,15.0614
sub-DSAR45M04179,13.1614
sub-DSAR45M04180,9.4219
sub-DSAR45M04181,15.8518
sub-DSAR45M04182,15.4182
sub-DSAR45M04183,15.165
sub-DSAR45M04184,12.7068
sub-DSAR45M04185,14.0575
sub-DSAR45M04186,
sub-DSAR45M04187,11.5822
sub-DSAR45M04188,15.3556
sub-DSAR45M04189,12.2002
sub-DSAR45M04190,12.3273
sub-DSAR45M04191,14.2439
sub-DSAR45M04192,7.4985
sub-DSAR45M04193,13.5853
sub-DSAR45M04194,11.771
sub-DSAR45M04195,12.0447
sub-DSAR45M04196,11.1405
sub-DSAR45M04197,12.2527
sub-DSAR45M04198,8.8812
sub-DSAR45M04199,15.3714
sub-DSAR45M04200,17.2351
sub-DSAR45M04201,11.0556
sub-DSAR45M04202,9.625
sub-DSAR45M04203,10.6889
sub-DSAR45M04204,8.2537
sub-DSAR45M04205,12.017
sub-DSAR45M04206,9.8298
sub-DSAR45M04207,15.4027
sub-DSAR45M04208,13.8713
sub-DSAR45M04209,8.3333
sub-DSAR45M04210,14.2079
sub-DSAR45M04211,8.4511
sub-DSAR45M04212,
sub-DSAR45M04213,
sub-DSAR45M04214,14.5789
sub-DSAR45M04215,11.927
sub-DSAR45M04216,9.8514
sub-DSAR45M04217,11.3587
sub-DSAR45M04218,14.3273
sub-DSAR45M04219,11.6057
sub-DSAR45M04220,15.1787
sub-DSAR45M04221,
sub-DSAR45M04222,11.296
sub-DSAR45M04223,18.3696
sub-DSAR45M04224,6.6468
sub-DSAR45M04225,12.516
sub-DSAR45M04226,12.2969
sub-DSAR45M04227,2.6857
sub-DSAR45M04228,17.7734
sub-DSAR45M04229,14.0319
sub-DSAR45M04230,15.3824
sub-DSAR45M04231,12.4517
sub-DSAR45M04232,11.5839
sub-DSAR45M04233,16.2538
sub-DSAR45M04234,9.9583
sub-DSAR45M04235,11.1137
sub-DSAR45M04236,12.7776
sub-DSAR45M04237,6.411
sub-DSAR45M04238,13.254
sub-DSAR45M04239,13.9363
sub-DSAR45M04240,17.2135
sub-DSAR45M04241,10.9491
sub-DSAR45M04242,17.2189
sub-DSAR45M04243,12.3905
sub-DSAR45M04244,12.4343
sub-DSAR45M04245,14.28
sub-DSAR45M04246,13.3637
sub-DSAR45M04247,13.3868
sub-DSAR45M04248,11.1773
sub-DSAR45M04249,9.933
sub-DSAR45M04250,7.2273
sub-DSAR45M04251,13.0953
sub-DSAR45M04252,5.1139
sub-DSAR45M04253,16.6067
sub-DSAR45M04254,10.3831
sub-DSAR45M04255,13.6912
sub-DSAR45M04256,11.7884
sub-DSAR45M04257,17.1278
sub-DSAR45M04258,11.0517
sub-DSAR45M04259,14.9687
sub-DSAR45M04260,11.9332
sub-DSAR45M04261,7.8974
sub-DSAR45M04262,15.8494
sub-DSAR45M04263,
sub-DSAR45M04264,14.8561
sub-DSAR45M04265,10.7803
sub-DSAR45M04266,6.7558
sub-DSAR45M04267,13.775
sub-DSAR45M04268,16.3125
sub-DSAR45M04269,
sub-DSAR45M04270,7.4259
sub-DSAR45M04271,10.1942
sub-DSAR45M04272,8.3094
sub-DSAR45M04273,16.1135
sub-DSAR45M04274,14.8921
sub-DSAR45M04275,11.2073
sub-DSAR45M04276,12.9039
sub-DSAR45M04277,15.0433
sub-DSAR45M04278,11.2909
sub-DSAR45M04279,7.0159
sub-DSAR45M04280,17.5302
sub-DSAR45M04281,15.0329
sub-DSAR45M04282,7.2675
sub-DSAR45M04283,10.8164
sub-DSAR45M04284,9.7616
sub-DSAR45M04285,15.2416
sub-DSAR45M04286,16.7161
sub-DSAR45M04287,12.1901
sub-DSAR45M04288,14.7628
sub-DSAR45M04289,4.8665
sub-DSAR45M04290,13.5928
sub-DSAR45M04291,6.0593
sub-DSAR45M04292,15.7612
sub-DSAR45M04293,9.5279
sub-DSAR45M04294,10.7197
sub-DSAR45M04295,13.6561
sub-DSAR45M04296,13.1913
sub-DSAR45M04297,8.1997
sub-DSAR45M04298,16.2715
sub-DSAR45M04299,10.526
sub-DSAR45M04300,20.1897
sub-DSAR45M04301,18.3961
sub-DSAR45M04302,7.7951
sub-DSAR45M04303,11.9947
sub-DSAR45M04304,
sub-DSAR45M04305,10.4626
sub-DSAR45M04306,13.7881
sub-DSAR45M04307,18.6377
sub-DSAR45M04308,8.2707
sub-DSAR45M04309,11.5101
sub-DSAR45M04310,11.7777
sub-DSAR45M04311,9.2837
sub-DSAR45M04312,14.666
sub-DSAR45M04313,9.6699
sub-DSAR45M04314,18.3566
sub-DSAR45M04315,11.8903
sub-DSAR45M04316,13.4513
sub-DSAR45M04317,15.9782
sub-DSAR45M04318,11.5766
sub-DSAR45M04319,14.9713
sub-DSAR45M04320,7.06
sub-DSAR45M04321,11.3782
sub-DSAR45M04322,8.1035
sub-DSAR45M04323,7.6017
sub-DSAR45M04324,11.7521
sub-DSAR45M04325,13.6977
sub-DSAR45M04326,18.1577
sub-DSAR45M04327,9.5
sub-DSAR45M04328,14.1684
sub-DSAR45M04329,18.9309
sub-DSAR45M04330,9.8529
sub-DSAR45M04331,14.19
sub-DSAR45M04332,10.7118
sub-DSAR45M04333,10.1022
sub-DSAR45M04334,6.6137
sub-DSAR45M04335,13.9032
sub-DSAR45M04336,14.796
sub-DSAR45M04337,12.1375
sub-DSAR45M04338,7.3973
sub-DSAR45M04339,13.6518
sub-DSAR45M04340,8.4426
sub-DSAR45M04341,15.7044
sub-DSAR45M04342,13.6006
sub-DSAR45M04343,13.1675
sub-DSAR45M04344,11.1234
sub-DSAR45M04345,14.029
sub-DSAR45M04346,12.4067
sub-DSAR45M04347,12.8306
sub-DSAR45M04348,13.6757
sub-DSAR45M04349,18.3557
sub-DSAR45M04350,14.828
sub-DSAR45M04351,11.4161
sub-DSAR45M04352,5.77
sub-DSAR45M04353,9.7611
sub-DSAR45M04354,13.4021
sub-DSAR45M04355,13.7114
sub-DSAR45M04356,15.3935
sub-DSAR45M04357,14.5554
sub-DSAR45M04358,6.8443
sub-DSAR45M04359,10.3568
sub-DSAR45M04360,8.079
sub-DSAR45M04361,13.8717
sub-DSAR45M04362,8.1296
sub-DSAR45M04363,14.9632
sub-DSAR45M04364,9.8704
sub-DSAR45M04365,18.0437
sub-DSAR45M04366,8.743
sub-DSAR45M04367,10.9305
sub-DSAR45M04368,13.2191
sub-DSAR45M04369,13.4922
sub-DSAR45M04370,15.9133
sub-DSAR45M04371,10.3757
sub-DSAR45M04372,9.1761
sub-DSAR45M04373,10.6764
sub-DSAR45M04374,10.2969
sub-DSAR45M04375,13.2285
sub-DSAR45M04376,10.0291
sub-DSAR45M04377,9.055
sub-DSAR45M04378,14.4553
sub-DSAR45M04379,14.271
sub-DSAR45M04380,13.9745
sub-DSAR45M04381,11.0095
sub-DSAR45M04382,7.4078
sub-DSAR45M04383,12.7436
sub-DSAR45M04384,12.258
sub-DSAR45M04385,7.6133
sub-DSAR45M04386,13.2705
sub-DSAR45M04387,9.027
sub-DSAR45M04388,12.5449
sub-DSAR45M04389,11.3729
sub-DSAR45M04390,17.5183
sub-DSAR45M04391,11.8382
sub-DSAR45M04392,10.1718
sub-DSAR45M04393,9.0482
sub-DSAR45M04394,5.9075
sub-DSAR45M04395,17.3669
sub-DSAR45M04396,11.7913
sub-DSAR45M04397,9.2121
sub-DSAR45M04398,9.7466
sub-DSAR45M04399,10.7073
sub-DSAR45M04400,14.4105
sub-DSAR45M04401,11.3192
sub-DSAR45M04402,12.6234
sub-DSAR45M04403,11.3913
sub-DSAR45M04404,11.4444
sub-DSAR45M04405,10.1796
sub-DSAR45M04406,17.4176
sub-DSAR45M04407,10.3386
sub-DSAR45M04408,12.8805
sub-DSAR45M04409,12.2198
sub-DSAR45M04410,12.4028
sub-DSAR45M04411,9.2325
sub-DSAR45M04412,10.3454
sub-DSAR45M04413,14.3375
sub-DSAR45M04414,10.5627
sub-DSAR45M04415,10.8147
sub-DSAR45M04416,11.1173
sub-DSAR45M04417,14.215
sub-DSAR45M04418,11.2061
sub-DSAR45M04419,18.4053
sub-DSAR45M04420,12.4134
sub-DSAR45M04421,13.8694
sub-DSAR45M04422,12.8783
sub-DSAR45M04423,7.7445
sub-DSAR45M04424,
sub-DSAR45M04425,17.9783
sub-DSAR45M04426,14.5258
sub-DSAR45M04427,16.456
sub-DSAR45M04428,9.725
sub-DSAR45M04429,8.7552
sub-DSAR45M04430,16.1435
sub-DSAR45M04431,15.2662
sub-DSAR45M04432,15.5014
sub-DSAR45M04433,14.0144
sub-DSAR45M04434,15.9376
sub-DSAR45M04435,13.2281
sub-DSAR45M04436,12.2768
sub-DSAR45M04437,11.111
sub-DSAR45M04438,10.4864
sub-DSAR45M04439,17.8562
sub-DSAR45M04440,13.3147
sub-DSAR45M04441,14.4352
sub-DSAR45M04442,11.3224
sub-DSAR45M04443,14.9404
sub-DSAR45M04444,12.0984
sub-DSAR45M04445,10.2516
sub-DSAR45M04446,16.6002
sub-DSAR45M04447,13.4133
sub-DSAR45M04448,11.4639
sub-DSAR45M04449,12.8812
sub-DSAR45M04450,11.3239
sub-DSAR45M04451,11.6316
sub-DSAR45M04452,12.4362
sub-DSAR45M04453,11.6518
sub-DSAR45M04454,11.2953
sub-DSAR45M04455,14.6046
sub-DSAR45M04456,17.8894
sub-DSAR45M04457,13.0799
sub-DSAR45M04458,16.3148
sub-DSAR45M04459,17.8735
sub-DSAR45M04460,7.5296
sub-DSAR45M04461,12.4596
sub-DSAR45M04462,14.1232
sub-DSAR45M04463,14.9067
sub-DSAR45M04464,9.8532
sub-DSAR45M04465,22.6357
sub-DSAR45M04466,14.5484
sub-DSAR45M04467,13.4492
sub-DSAR45M04468,11.9469
sub-DSAR45M04469,11.4762
sub-DSAR45M04470,7.5595
sub-DSAR45M04471,11.5891
sub-DSAR45M04472,17.218
sub-DSAR45M04473,9.4575
sub-DSAR45M04474,18.5848
sub-DSAR45M04475,12.5411
sub-DSAR45M04476,13.8896
sub-DSAR45M04477,11.331
sub-DSAR45M04478,12.3447
sub-DSAR45M04479,13.9265
sub-DSAR45M04480,18.4772
sub-DSAR45M04481,13.1996
sub-DSAR45M04482,10.7136
sub-DSAR45M04483,15.2831
sub-DSAR45M04484,10.6801
sub-DSAR45M04485,13.9635
sub-DSAR45M04486,17.0778
sub-DSAR45M04487,8.6602
sub-DSAR45M04488,7.8191
sub-DSAR45M04489,10.9639
sub-DSAR45M04490,12.0793
sub-DSAR45M04491,11.4489
sub-DSAR45M04492,13.6489
sub-DSAR45M04493,12.258
sub-DSAR45M04494,16.2447
sub-DSAR45M04495,14.5379
sub-DSAR45M04496,8.7552
sub-DSAR45M04497,15.9783
sub-DSAR45M04498,9.9381
sub-DSAR45M04499,8.5644
sub-DSAR45M04500,9.6019
sub-DSAR45M04501,12.2964
sub-DSAR45M04502,14.2185
sub-DSAR45M04503,13.2854
sub-DSAR45M04504,12.6969
sub-DSAR45M04505,18.4079
sub-DSAR45M04506,15.6872
sub-DSAR45M04507,12.3829
sub-DSAR45M04508,11.2006
sub-DSAR45M04509,7.8566
sub-DSAR45M04510,8.1369
sub-DSAR45M04511,10.0072
sub-DSAR45M04512,8.5814
sub-DSAR45M04513,9.4264
sub-DSAR45M04514,13.5902
sub-DSAR45M04515,14.6829
sub-DSAR45M04516,10.3566
sub-DSAR45M04517,12.0387
sub-DSAR45M04518,13.3391
sub-DSAR45M04519,15.813
sub-DSAR45M04520,9.0098
sub-DSAR45M04521,12.1501
sub-DSAR45M04522,13.6009
sub-DSAR45M04523,14.242
sub-DSAR45M04524,14.5855
sub-DSAR45M04525,10.2289
sub-DSAR45M04526,12.9639
sub-DSAR45M04527,13.4955
sub-DSAR45M04528,15.2673
sub-DSAR45M04529,10.6015
sub-DSAR45M04530,4.6748
sub-DSAR45M04531,10.1036
sub-DSAR45M04532,17.7917
sub-DSAR45M04533,10.2232
sub-DSAR45M04534,11.6313
sub-DSAR45M04535,12.0231
sub-DSAR45M04536,15.9119
sub-DSAR45M04537,12.3504
sub-DSAR45M04538,12.9233
sub-DSAR45M04539,14.1947
sub-DSAR45M04540,13.1357
sub-DSAR45M04541,12.8463
sub-DSAR45M04542,13.5535
sub-DSAR45M04543,10.0814
sub-DSAR45M04544,14.1411
sub-DSAR45M04545,11.5393
sub-DSAR45M04546,10.2241
sub-DSAR45M04547,12.188
sub-DSAR45M04548,13.1863
sub-DSAR45M04549,14.7229
sub-DSAR45M04550,8.3445
sub-DSAR45M04551,15.5113
sub-DSAR45M04552,13.2059
sub-DSAR45M04553,12.5022
sub-DSAR45M04554,9.1234
sub-DSAR45M04555,14.3382
sub-DSAR45M04556,12.8138
sub-DSAR45M04557,8.9964
sub-DSAR45M04558,12.7197
sub-DSAR45M04559,13.3432
sub-DSAR45M04560,16.3496
sub-DSAR45M04561,9.6127
sub-DSAR45M04562,
sub-DSAR45M04563,12.8484
sub-DSAR45M04564,16.2736
sub-DSAR45M04565,14.0434
sub-DSAR45M04566,10.6516
sub-DSAR45M04567,14.6855
sub-DSAR45M04568,11.3881
sub-DSAR45M04569,17.7683
sub-DSAR45M04570,16.6124
sub-DSAR45M04571,12.7911
sub-DSAR45M04572,10.0111
sub-DSAR45M04573,12.4763
sub-DSAR45M04574,11.8069
sub-DSAR45M04575,10.0993
sub-DSAR45M04576,
sub-DSAR45M04577,16.5337
sub-DSAR45M04578,13.7513
sub-DSAR45M04579,13.8464
sub-DSAR45M04580,7.6053
sub-DSAR45M04581,8.4406
sub-DSAR45M04582,8.6921
sub-DSAR45M04583,12.4919
sub-DSAR45M04584,8.3712
sub-DSAR45M04585,
sub-DSAR45M04586,10.4024
sub-DSAR45M04587,15.9757
sub-DSAR45M04588,8.8978
sub-DSAR45M04589,10.3998
sub-DSAR45M04590,11.4609
sub-DSAR45M04591,9.6561
sub-DSAR45M04592,7.4203
sub-DSAR45M04593,11.597
sub-DSAR45M04594,13.0878
sub-DSAR45M04595,12.596
sub-DSAR45M04596,14.7038
sub-DSAR45M04597,11.9327
sub-DSAR45M04598,6.3801
sub-DSAR45M04599,8.2505
sub-DSAR45M04600,11.3091
sub-DSAR45M04601,11.821
sub-DSAR45M04602,19.4978
sub-DSAR45M04603,13.1523
sub-DSAR45M04604,13.7554
sub-DSAR45M04605,10.0714
sub-DSAR45M04606,11.9989
sub-DSAR45M04607,11.9972
sub-DSAR45M04608,11.2672
sub-DSAR45M04609,14.1922
sub-DSAR45M04610,10.8197
sub-DSAR45M04611,12.0058
sub-DSAR45M04612,13.128
sub-DSAR45M04613,9.3385
sub-DSAR45M04614,8.9965
sub-DSAR45M04615,10.5286
sub-DSAR45M04616,10.7129
sub-DSAR45M04617,13.4277
sub-DSAR45M04618,12.2948
sub-DSAR45M04619,13.4289
sub-DSAR45M04620,15.4423
sub-DSAR45M04621,14.5396
sub-DSAR45M04622,11.0338
sub-DSAR45M04623,11.4421
sub-DSAR45M04624,15.9602
sub-DSAR45M04625,16.5807
sub-DSAR45M04626,13.9848
sub-DSAR45M04627,7.1977
sub-DSAR45M04628,12.8515
sub-DSAR45M04629,12.9813
sub-DSAR45M04630,14.6511
sub-DSAR45M04631,9.1846
sub-DSAR45M04632,13.2739
sub-DSAR45M04633,16.9756
sub-DSAR45M04634,11.4548
sub-DSAR45M04635,12.6264
sub-DSAR45M04636,11.7867
sub-DSAR45M04637,15.1196
sub-DSAR45M04638,9.2841
sub-DSAR45M04639,13.1266
sub-DSAR45M04640,12.0493
sub-DSAR45M04641,6.5119
sub-DSAR45M04642,15.6344
sub-DSAR45M04643,14.5088
sub-DSAR45M04644,14.5117
sub-DSAR45M04645,17.9772
sub-DSAR45M04646,11.8296
sub-DSAR45M04647,15.2034
sub-DSAR45M04648,11.8408
sub-DSAR45M04649,7.4802
sub-DSAR45M04650,14.5252
sub-DSAR45M04651,16.7564
sub-DSAR45M04652,14.2021
sub-DSAR45M04653,9.5349
sub-DSAR45M04654,13.0115
sub-DSAR45M04655,11.2454
sub-DSAR45M04656,16.0007
sub-DSAR45M04657,
sub-DSAR45M04658,12.3981
sub-DSAR45M04659,6.5065
sub-DSAR45M04660,12.982
sub-DSAR45M04661,14.0662
sub-DSAR45M04662,14.123
sub-DSAR45M04663,12.0902
sub-DSAR45M04664,14.5114
sub-DSAR45M04665,10.073
sub-DSAR45M04666,16.4599
sub-DSAR45M04667,13.9253
sub-DSAR45M04668,15.9735
sub-DSAR45M04669,11.1649
sub-DSAR45M04670,9.1876
sub-DSAR45M04671,17.7183
sub-DSAR45M04672,6.8195
sub-DSAR45M04673,8.1509
sub-DSAR45M04674,10.7318
sub-DSAR45M04675,15.6964
sub-DSAR45M04676,10.1959
sub-DSAR45M04677,19.5534
sub-DSAR45M04678,12.7116
sub-DSAR45M04679,8.4365
sub-DSAR45M04680,9.4112
sub-DSAR45M04681,8.0867
sub-DSAR45M04682,15.5067
sub-DSAR45M04683,11.9993
sub-DSAR45M04684,19.7197
sub-DSAR45M04685,10.5767
sub-DSAR45M04686,12.6747
sub-DSAR45M04687,13.4495
sub-DSAR45M04688,14.2656
sub-DSAR45M04689,14.0478
sub-DSAR45M04690,11.0914
sub-DSAR45M04691,12.3752
sub-DSAR45M04692,18.402
sub-DSAR45M04693,10.5361
sub-DSAR45M04694,14.2842
sub-DSAR45M04695,12.0976
sub-DSAR45M04696,8.598
sub-DSAR45M04697,14.7705
sub-DSAR45M04698,10.2252
sub-DSAR45M04699,16.1822
sub-DSAR45M04700,13.0542
sub-DSAR45M04701,11.4581
sub-DSAR45M04702,6.8507
sub-DSAR45M04703,10.8638
sub-DSAR45M04704,13.1444
sub-DSAR45M04705,15.8634
sub-DSAR45M04706,8.4796
sub-DSAR45M04707,13.2658
sub-DSAR45M04708,16.5622
sub-DSAR45M04709,18.7928
sub-DSAR45M04710,19.8044
sub-DSAR45M04711,14.8717
sub-DSAR45M04712,12.0611
sub-DSAR45M04713,12.2594
sub-DSAR45M04714,13.5282
sub-DSAR45M04715,9.5072
sub-DSAR45M04716,12.5744
sub-DSAR45M04717,8.0342
sub-DSAR45M04718,13.7107
sub-DSAR45M04719,11.8597
sub-DSAR45M04720,10.3874
sub-DSAR45M04721,13.1198
sub-DSAR45M04722,10.676
sub-DSAR45M04723,11.5508
sub-DSAR45M04724,13.5309
sub-DSAR45M04725,11.3029
sub-DSAR45M04726,18.5742
sub-DSAR45M04727,12.3436
sub-DSAR45M04728,8.0999
sub-DSAR45M04729,8.4696
sub-DSAR45M04730,
sub-DSAR45M04731,9.9021
sub-DSAR45M04732,15.5844
sub-DSAR45M04733,14.4145
sub-DSAR45M04734,8.9379
sub-DSAR45M04735,13.0306
sub-DSAR45M04736,
sub-DSAR45M04737,13.3108
sub-DSAR45M04738,11.9156
sub-DSAR45M04739,12.4654
sub-DSAR45M04740,12.8641
sub-DSAR45M04741,17.7493
sub-DSAR45M04742,4.071
sub-DSAR45M04743,15.9432
sub-DSAR45M04744,12.0901
sub-DSAR45M04745,12.7425
sub-DSAR45M04746,7.802
sub-DSAR45M04747,11.2854
sub-DSAR45M04748,15.0785
sub-DSAR45M04749,8.3237
sub-DSAR45M04750,15.0444
sub-DSAR45M04751,14.2884
sub-DSAR45M04752,15.1147
sub-DSAR45M04753,11.6655
sub-DSAR45M04754,14.4779
sub-DSAR45M04755,9.0268
sub-DSAR45M04756,7.4242
sub-DSAR45M04757,6.8465
sub-DSAR45M04758,13.6083
sub-DSAR45M04759,13.2109
sub-DSAR45M04760,7.7285
sub-DSAR45M04761,13.7779
sub-DSAR45M04762,11.2763
sub-DSAR45M04763,
sub-DSAR45M04764,10.6782
sub-DSAR45M04765,11.8269
sub-DSAR45M04766,13.7147
sub-DSAR45M04767,8.2536
sub-DSAR45M04768,14.6698
sub-DSAR45M04769,
sub-DSAR45M04770,
sub-DSAR45M04771,7.5314
sub-DSAR45M04772,11.7945
sub-DSAR45M04773,11.6779
sub-DSAR45M04774,19.2996
sub-DSAR45M04775,11.0586
sub-DSAR45M04776,12.5828
sub-DSAR45M04777,9.3982
sub-DSAR45M04778,10.2139
sub-DSAR45M04779,11.2473
sub-DSAR45M04780,12.1733
sub-DSAR45M04781,10.9099
sub-DSAR45M04782,14.4664
sub-DSAR45M04783,10.7497
sub-DSAR45M04784,11.7397
sub-DSAR45M04785,11.4399
sub-DSAR45M04786,17.7226
sub-DSAR45M04787,10.9931
sub-DSAR45M04788,8.2732
sub-DSAR45M04789,17.4564
sub-DSAR45M04790,
sub-DSAR45M04791,10.507
sub-DSAR45M04792,9.2794
sub-DSAR45M04793,11.7462
sub-DSAR45M04794,11.1478
sub-DSAR45M04795,13.54
sub-DSAR45M04796,14.2571
sub-DSAR45M04797,13.7853
sub-DSAR45M04798,13.8321
sub-DSAR45M04799,7.2322
sub-DSAR45M04800,12.8659
sub-DSAR45M04801,13.3277
sub-DSAR45M04802,14.6384
sub-DSAR45M04803,11.8569
sub-DSAR45M04804,16.2355
sub-DSAR45M04805,9.4072
sub-DSAR45M04806,16.7502
sub-DSAR45M04807,8.925
sub-DSAR45M04808,16.2579
sub-DSAR45M04809,9.7206
sub-DSAR45M04810,6.7516
sub-DSAR45M04811,13.0165
sub-DSAR45M04812,
sub-DSAR45M04813,16.5743
sub-DSAR45M04814,15.6829
sub-DSAR45M04815,8.1236
sub-DSAR45M04816,13.2093
sub-DSAR45M04817,13.8971
sub-DSAR45M04818,8.4147
sub-DSAR45M04819,13.8878
sub-DSAR45M04820,10.7084
sub-DSAR45M04821,8.5479
sub-DSAR45M04822,11.3419
sub-DSAR45M04823,15.372
sub-DSAR45M04824,14.0069
sub-DSAR45M04825,13.1729
sub-DSAR45M04826,8.1679
sub-DSAR45M04827,19.1436
sub-DSAR45M04828,11.8559
sub-DSAR45M04829,9.9669
sub-DSAR45M04830,10.448
sub-DSAR45M04831,11.0792
sub-DSAR45M04832,15.0274
sub-DSAR45M04833,7.9799
sub-DSAR45M04834,8.276
sub-DSAR45M04835,13.5935
sub-DSAR45M04836,8.2118
sub-DSAR45M04837,9.8022
sub-DSAR45M04838,9.1591
sub-DSAR45M04839,10.7116
sub-DSAR45M04840,13.6971
sub-DSAR45M04841,10.907
sub-DSAR45M04842,5.9414
sub-DSAR45M04843,15.3583
sub-DSAR45M04844,11.2089
sub-DSAR45M04845,
sub-DSAR45M04846,14.6339
sub-DSAR45M04847,9.3453
sub-DSAR45M04848,10.2986
sub-DSAR45M04849,13.1339
sub-DSAR45M04850,14.659
sub-DSAR45M04851,9.1279
sub-DSAR45M04852,
sub-DSAR45M04853,9.8801
sub-DSAR45M04854,13.8441
sub-DSAR45M04855,16.8243
sub-DSAR45M04856,10.2601
sub-DSAR45M04857,12.14
sub-DSAR45M04858,13.5635
sub-DSAR45M04859,
sub-DSAR45M04860,6.3054
sub-DSAR45M04861,8.5631
sub-DSAR45M04862,
sub-DSAR45M04863,12.2436
sub-DSAR45M04864,14.7486
sub-DSAR45M04865,13.094
sub-DSAR45M04866,10.9618
sub-DSAR45M04867,14.0583
sub-DSAR45M04868,5.6009
sub-DSAR45M04869,
sub-DSAR45M04870,10.7074
sub-DSAR45M04871,11.9688
sub-DSAR45M04872,9.5579
sub-DSAR45M04873,13.9608
sub-DSAR45M04874,13.1145
sub-DSAR45M04875,6.3302
sub-DSAR45M04876,15.0311
sub-DSAR45M04877,8.045
sub-DSAR45M04878,15.6625
sub-DSAR45M04879,14.148
sub-DSAR45M04880,10.4569
sub-DSAR45M04881,13.195
sub-DSAR45M04882,16.9234
sub-DSAR45M04883,13.8087
sub-DSAR45M04884,6.988
sub-DSAR45M04885,11.5301
sub-DSAR45M04886,11.2463
sub-DSAR45M04887,11.6914
sub-DSAR45M04888,15.3398
sub-DSAR45M04889,9.9732
sub-DSAR45M04890,18.3674
sub-DSAR45M04891,13.3999
sub-DSAR45M04892,12.8565
sub-DSAR45M04893,18.2286
sub-DSAR45M04894,10.4615
sub-DSAR45M04895,12.9573
sub-DSAR45M04896,9.9044
sub-DSAR45M04897,15.303
sub-DSAR45M04898,10.3409
sub-DSAR45M04899,8.6698
sub-DSAR45M04900,14.3611
sub-DSAR45M04901,13.0219
sub-DSAR45M04902,16.0788
sub-DSAR45M04903,12.2552
sub-DSAR45M04904,9.2754
sub-DSAR45M04905,10.2032
sub-DSAR45M04906,14.9851
sub-DSAR45M04907,7.5855
sub-DSAR45M04908,13.8187
sub-DSAR45M04909,9.2667
sub-DSAR45M04910,10.2324
sub-DSAR45M04911,17.6855
sub-DSAR45M04912,14.7204
sub-DSAR45M04913,12.7746
sub-DSAR45M04914,14.0499
sub-DSAR45M04915,13.7766
sub-DSAR45M04916,16.0739
sub-DSAR45M04917,3.8923
sub-DSAR45M04918,17.4679
sub-DSAR45M04919,10.6185
sub-DSAR45M04920,15.2245
sub-DSAR45M04921,7.5828
sub-DSAR45M04922,9.3249
sub-DSAR45M04923,11.7335
sub-DSAR45M04924,17.9365
sub-DSAR45M04925,15.905
sub-DSAR45M04926,11.784
sub-DSAR45M04927,9.8411
sub-DSAR45M04928,12.4171
sub-DSAR45M04929,13.262
sub-DSAR45M04930,7.5493
sub-DSAR45M04931,10.0793
sub-DSAR45M04932,18.9252
sub-DSAR45M04933,16.1683
sub-DSAR45M04934,13.2911
sub-DSAR45M04935,11.1678
sub-DSAR45M04936,15.2983
sub-DSAR45M04937,10.7253
sub-DSAR45M04938,12.6022
sub-DSAR45M04939,10.9162
sub-DSAR45M04940,18.7917
sub-DSAR45M04941,11.0437
sub-DSAR45M04942,15.9519
sub-DSAR45M04943,13.1422
sub-DSAR45M04944,13.5433
sub-DSAR45M04945,13.3613
sub-DSAR45M04946,11.2334
sub-DSAR45M04947,13.9668
sub-DSAR45M04948,14.4118
sub-DSAR45M04949,9.5003
sub-DSAR45M04950,15.0141
sub-DSAR45M04951,13.3439
sub-DSAR45M04952,17.1091
sub-DSAR45M04953,13.5042
sub-DSAR45M04954,10.1358
sub-DSAR45M04955,13.5479
sub-DSAR45M04956,10.7873
sub-DSAR45M04957,15.8942
sub-DSAR45M04958,18.0001
sub-DSAR45M04959,10.069
sub-DSAR45M04960,13.9986
sub-DSAR45M04961,
sub-DSAR45M04962,15.4582
sub-DSAR45M04963,16.0416
sub-DSAR45M04964,11.0421
sub-DSAR45M04965,8.2194
sub-DSAR45M04966,11.5085
sub-DSAR45M04967,17.6732
sub-DSAR45M04968,15.2605
sub-DSAR45M04969,10.6709
sub-DSAR45M04970,12.9968
sub-DSAR45M04971,10.7761
sub-DSAR45M04972,7.2685
sub-DSAR45M04973,1.4714
sub-DSAR45M04974,14.8888
sub-DSAR45M04975,11.2238
sub-DSAR45M04976,13.6409
sub-DSAR45M04977,13.9066
sub-DSAR45M04978,14.6231
sub-DSAR45M04979,
sub-DSAR45M04980,7.3115
sub-DSAR45M04981,11.6224
sub-DSAR45M04982,15.2445
sub-DSAR45M04983,9.2578
sub-DSAR45M04984,14.3505
sub-DSAR45M04985,11.1616
sub-DSAR45M04986,9.0901
sub-DSAR45M04987,11.6246
sub-DSAR45M04988,15.7891
sub-DSAR45M04989,7.9047
sub-DSAR45M04990,14.0436
sub-DSAR45M04991,12.4874
sub-DSAR45M04992,17.3696
sub-DSAR45M04993,11.2449
sub-DSAR45M04994,15.6273
sub-DSAR45M04995,12.4309
sub-DSAR45M04996,11.8583
sub-DSAR45M04997,15.4677
sub-DSAR45M04998,15.7933
sub-DSAR45M04999,11.7108
sub-DSAR45M05000,16.3762
sub-DSAR45M05001,16.78
sub-DSAR45M05002,18.2871
sub-DSAR45M05003,10.7305
sub-DSAR45M05004,10.7128
sub-DSAR45M05005,18.6226
sub-DSAR45M05006,5.7815
sub-DSAR45M05007,8.2732
sub-DSAR45M05008,
sub-DSAR45M05009,17.4495
sub-DSAR45M05010,13.1277
sub-DSAR45M05011,18.6302
sub-DSAR45M05012,12.9545
sub-DSAR45M05013,17.2401
sub-DSAR45M05014,11.1286
sub-DSAR45M05015,11.5902
sub-DSAR45M05016,11.4718
sub-DSAR45M05017,11.3201
sub-DSAR45M05018,9.112
sub-DSAR45M05019,7.8371
sub-DSAR45M05020,10.6274
sub-DSAR45M05021,11.6428
sub-DSAR45M05022,10.839
sub-DSAR45M05023,17.2547
sub-DSAR45M05024,17.7907
sub-DSAR45M05025,9.0093
sub-DSAR45M05026,13.4432
sub-DSAR45M05027,7.9806
sub-DSAR45M05028,9.0334
sub-DSAR45M05029,10.5848
sub-DSAR45M05030,11.9875
sub-DSAR45M05031,12.3503
sub-DSAR45M05032,11.5188
sub-DSAR45M05033,13.4838
sub-DSAR45M05034,17.0609
sub-DSAR45M05035,7.8271
sub-DSAR45M05036,11.7742
sub-DSAR45M05037,14.1695
sub-DSAR45M05038,10.8309
sub-DSAR45M05039,16.396
sub-DSAR45M05040,13.4913
sub-DSAR45M05041,11.1262
sub-DSAR45M05042,12.1929
sub-DSAR45M05043,8.8138
sub-DSAR45M05044,8.3121
sub-DSAR45M05045,11.2791
sub-DSAR45M05046,15.7481
sub-DSAR45M05047,7.9693
sub-DSAR45M05048,9.675
sub-DSAR45M05049,14.9376
sub-DSAR45M05050,14.5063
sub-DSAR45M05051,13.1949
sub-DSAR45M05052,8.7278
sub-DSAR45M05053,
sub-DSAR45M05054,8.5695
sub-DSAR45M05055,9.428
sub-DSAR45M05056,11.3073
sub-DSAR45M05057,11.9277
sub-DSAR45M05058,14.3613
sub-DSAR45M05059,6.2245
sub-DSAR45M05060,8.8862
sub-DSAR45M05061,8.5226
sub-DSAR45M05062,12.3271
sub-DSAR45M05063,15.4243
sub-DSAR45M05064,13.5876
sub-DSAR45M05065,15.2702
sub-DSAR45M05066,
sub-DSAR45M05067,10.9078
sub-DSAR45M05068,9.8876
sub-DSAR45M05069,13.6832
sub-DSAR45M05070,
sub-DSAR45M05071,12.002
sub-DSAR45M05072,11.9553
sub-DSAR45M05073,13.2955
sub-DSAR45M05074,14.1627
sub-DSAR45M05075,14.878
sub-DSAR45M05076,13.1149
sub-DSAR45M05077,12.4791
sub-DSAR45M05078,16.5973
sub-DSAR45M05079,13.4846
sub-DSAR45M05080,11.0245
sub-DSAR45M05081,11.6889
sub-DSAR45M05082,10.7381
sub-DSAR45M05083,12.8591
sub-DSAR45M05084,13.7457
sub-DSAR45M05085,10.6838
sub-DSAR45M05086,15.6008
sub-DSAR45M05087,13.8503
sub-DSAR45M05088,12.0786
sub-DSAR45M05089,19.3169
sub-DSAR45M05090,15.2908
sub-DSAR45M05091,10.2934
sub-DSAR45M05092,14.6525
sub-DSAR45M05093,6.4564
sub-DSAR45M05094,14.9586
sub-DSAR45M05095,11.9683
sub-DSAR45M05096,11.2663
sub-DSAR45M05097,8.5873
sub-DSAR45M05098,10.1776
sub-DSAR45M05099,6.1666
sub-DSAR45M05100,10.3808
sub-DSAR45M05101,14.279
sub-DSAR45M05102,11.2653
sub-DSAR45M05103,8.2989
sub-DSAR45M05104,17.4053
sub-DSAR45M05105,11.3482
sub-DSAR45M05106,12.8229
sub-DSAR45M05107,14.0498
sub-DSAR45M05108,15.9501
sub-DSAR45M05109,15.2486
sub-DSAR45M05110,8.1989
sub-DSAR45M05111,18.8266
sub-DSAR45M05112,16.2779
sub-DSAR45M05113,15.4427
sub-DSAR45M05114,5.8352
sub-DSAR45M05115,15.4885
sub-DSAR45M05116,12.2819
sub-DSAR45M05117,13.3991
sub-DSAR45M05118,13.9882
sub-DSAR45M05119,16.0684
sub-DSAR45M05120,9.8096
sub-DSAR45M05121,8.9055
sub-DSAR45M05122,13.5043
sub-DSAR45M05123,16.6552
sub-DSAR45M05124,19.1564
sub-DSAR45M05125,12.3228
sub-DSAR45M05126,9.2554
sub-DSAR45M05127,8.9625
sub-DSAR45M05128,10.6996
sub-DSAR45M05129,11.7379
sub-DSAR45M05130,11.1328
sub-DSAR45M05131,8.3723
sub-DSAR45M05132,13.2155
sub-DSAR45M05133,8.1581
sub-DSAR45M05134,16.2071
sub-DSAR45M05135,11.2277
sub-DSAR45M05136,15.2349
sub-DSAR45M05137,14.6805
sub-DSAR45M05138,9.667
sub-DSAR45M05139,15.1809
sub-DSAR45M05140,11.083
sub-DSAR45M05141,11.6417
sub-DSAR45M05142,12.1794
sub-DSAR45M05143,13.3064
sub-DSAR45M05144,6.254
sub-DSAR45M05145,9.1714
sub-DSAR45M05146,14.3994
sub-DSAR45M05147,11.2033
sub-DSAR45M05148,
sub-DSAR45M05149,11.281
sub-DSAR45M05150,14.4152
sub-DSAR45M05151,14.3734
sub-DSAR45M05152,10.0308
sub-DSAR45M05153,
sub-DSAR45M05154,13.377
sub-DSAR45M05155,9.479
sub-DSAR45M05156,9.4125
sub-DSAR45M05157,13.7041
sub-DSAR45M05158,18.3542
sub-DSAR45M05159,13.7027
sub-DSAR45M05160,16.278
sub-DSAR45M05161,8.2507
sub-DSAR45M05162,5.0456
sub-DSAR45M05163,11.8004
sub-DSAR45M05164,14.1229
sub-DSAR45M05165,13.8621
sub-DSAR45M05166,9.3919
sub-DSAR45M05167,
sub-DSAR45M05168,7.0388
sub-DSAR45M05169,10.5912
sub-DSAR45M05170,8.9845
sub-DSAR45M05171,8.8484
sub-DSAR45M05172,14.4253
sub-DSAR45M05173,13.6118
sub-DSAR45M05174,16.5798
sub-DSAR45M05175,10.3033
sub-DSAR45M05176,12.7754
sub-DSAR45M05177,11.6901
sub-DSAR45M05178,13.6674
sub-DSAR45M05179,7.4157
sub-DSAR45M05180,14.2781
sub-DSAR45M05181,13.8384
sub-DSAR45M05182,9.1319
sub-DSAR45M05183,12.7156
sub-DSAR45M05184,12.6043
sub-DSAR45M05185,13.6086
sub-DSAR45M05186,11.936
sub-DSAR45M05187,11.098
sub-DSAR45M05188,12.7243
sub-DSAR45M05189,12.0655
sub-DSAR45M05190,10.9297
sub-DSAR45M05191,8.6424
sub-DSAR45M05192,15.1373
sub-DSAR45M05193,13.1804
sub-DSAR45M05194,9.6789
sub-DSAR45M05195,16.8372
sub-DSAR45M05196,16.2448
sub-DSAR45M05197,11.5259
sub-DSAR45M05198,9.73
sub-DSAR45M05199,8.9964
sub-DSAR45M05200,12.8716
sub-DSAR45M05201,15.7567
sub-DSAR45M05202,10.1317
sub-DSAR45M05203,11.8654
sub-DSAR45M05204,15.3682
sub-DSAR45M05205,11.3942
sub-DSAR45M05206,13.1663
sub-DSAR45M05207,14.5593
sub-DSAR45M05208,6.3098
sub-DSAR45M05209,
sub-DSAR45M05210,11.9579
sub-DSAR45M05211,11.4995
sub-DSAR45M05212,9.0555
sub-DSAR45M05213,10.5441
sub-DSAR45M05214,
sub-DSAR45M05215,14.5387
sub-DSAR45M05216,15.941
sub-DSAR45M05217,14.4801
sub-DSAR45M05218,7.2063
sub-DSAR45M05219,11.4373
sub-DSAR45M05220,10.7706
sub-DSAR45M05221,11.7482
sub-DSAR45M05222,8.883
sub-DSAR45M05223,10.5395
sub-DSAR45M05224,14.8201
sub-DSAR45M05225,12.4518
sub-DSAR45M05226,13.7691
sub-DSAR45M05227,6.8069
sub-DSAR45M05228,16.1838
sub-DSAR45M05229,12.0816
sub-DSAR45M05230,17.0533
sub-DSAR45M05231,12.8901
sub-DSAR45M05232,10.7088
sub-DSAR45M05233,13.8913
sub-DSAR45M05234,12.2781
sub-DSAR45M05235,11.17
sub-DSAR45M05236,11.4581
sub-DSAR45M05237,9.9002
sub-DSAR45M05238,8.9704
sub-DSAR45M05239,11.5625
sub-DSAR45M05240,
sub-DSAR45M05241,8.2996
sub-DSAR45M05242,8.7101
sub-DSAR45M05243,9.973
sub-DSAR45M05244,13.7013
sub-DSAR45M05245,12.3447
sub-DSAR45M05246,8.4331
sub-DSAR45M05247,7.866
sub-DSAR45M05248,19.1727
sub-DSAR45M05249,13.8603
sub-DSAR45M05250,15.1216
sub-DSAR45M05251,13.794
sub-DSAR45M05252,11.0076
sub-DSAR45M05253,16.1121
sub-DSAR45M05254,13.4749
sub-DSAR45M05255,9.0678
sub-DSAR45M05256,17.214
sub-DSAR45M05257,11.3534
sub-DSAR45M05258,13.7948
sub-DSAR45M05259,8.0162
sub-DSAR45M05260,11.4896
sub-DSAR45M05261,17.635
sub-DSAR45M05262,14.2138
sub-DSAR45M05263,12.4263
sub-DSAR45M05264,10.8289
sub-DSAR45M05265,13.9532
sub-DSAR45M05266,9.4168
sub-DSAR45M05267,11.3705
sub-DSAR45M05268,16.4517
sub-DSAR45M05269,10.1049
sub-DSAR45M05270,15.41
sub-DSAR45M05271,
sub-DSAR45M05272,9.4129
sub-DSAR45M05273,17.9361
sub-DSAR45M05274,16.4177
sub-DSAR45M05275,11.2674
sub-DSAR45M05276,12.2908
sub-DSAR45M05277,14.2653
sub-DSAR45M05278,9.423
sub-DSAR45M05279,12.3
sub-DSAR45M05280,15.1456
sub-DSAR45M05281,13.0636
sub-DSAR45M05282,14.2375
sub-DSAR45M05283,15.8141
sub-DSAR45M05284,13.0352
sub-DSAR45M05285,13.4878
sub-DSAR45M05286,10.5288
sub-DSAR45M05287,
sub-DSAR45M05288,14.7022
sub-DSAR45M05289,15.5557
sub-DSAR45M05290,
sub-DSAR45M05291,
sub-DSAR45M05292,10.1459
sub-DSAR45M05293,9.4828
sub-DSAR45M05294,14.9521
sub-DSAR45M05295,12.5803
sub-DSAR45M05296,17.2683
sub-DSAR45M05297,8.8422
sub-DSAR45M05298,11.164
sub-DSAR45M05299,13.9822
sub-DSAR45M05300,14.8688
sub-DSAR45M05301,9.1836
sub-DSAR45M05302,11.3672
sub-DSAR45M05303,9.0496
sub-DSAR45M05304,15.2681
sub-DSAR45M05305,16.5159
sub-DSAR45M05306,11.3488
sub-DSAR45M05307,11.9415
sub-DSAR45M05308,11.1512
sub-DSAR45M05309,12.326
sub-DSAR45M05310,7.2275
sub-DSAR45M05311,10.7672
sub-DSAR45M05312,15.6349
sub-DSAR45M05313,13.183
sub-DSAR45M05314,13.0564
sub-DSAR45M05315,12.7217
sub-DSAR45M05316,10.7526
sub-DSAR45M05317,14.4819
sub-DSAR45M05318,15.7802
sub-DSAR45M05319,16.265
sub-DSAR45M05320,10.9543
sub-DSAR45M05321,8.849
sub-DSAR45M05322,14.3419
sub-DSAR45M05323,10.4932
sub-DSAR45M05324,14.8137
sub-DSAR45M05325,12.765
sub-DSAR45M05326,7.2489
sub-DSAR45M05327,10.2265
sub-DSAR45M05328,14.3811
sub-DSAR45M05329,9.7515
sub-DSAR45M05330,11.7459
sub-DSAR45M05331,9.0307
sub-DSAR45M05332,9.7875
sub-DSAR45M05333,6.3855
sub-DSAR45M05334,12.2819
sub-DSAR45M05335,10.0701
sub-DSAR45M05336,7.6245
sub-DSAR45M05337,17.0508
sub-DSAR45M05338,14.6369
sub-DSAR45M05339,16.3853
sub-DSAR45M05340,15.2855
sub-DSAR45M05341,15.0971
sub-DSAR45M05342,12.6339
sub-DSAR45M05343,12.143
sub-DSAR45M05344,13.3174
sub-DSAR45M05345,16.4889
sub-DSAR45M05346,11.2906
sub-DSAR45M05347,12.3989
sub-DSAR45M05348,7.5541
sub-DSAR45M05349,14.6667
sub-DSAR45M05350,10.9649
sub-DSAR45M05351,17.4486
sub-DSAR45M05352,10.7884
sub-DSAR45M05353,14.4624
sub-DSAR45M05354,14.1122
sub-DSAR45M05355,13.544
sub-DSAR45M05356,
sub-DSAR45M05357,11.4969
sub-DSAR45M05358,12.4545
sub-DSAR45M05359,11.2974
sub-DSAR45M05360,11.559
sub-DSAR45M05361,5.2467
sub-DSAR45M05362,10.5269
sub-DSAR45M05363,12.1246
sub-DSAR45M05364,9.5318
sub-DSAR45M05365,10.9969
sub-DSAR45M05366,9.3964
sub-DSAR45M05367,15.6815
sub-DSAR45M05368,13.4445
sub-DSAR45M05369,7.924
sub-DSAR45M05370,10.8367
sub-DSAR45M05371,15.9647
sub-DSAR45M05372,13.7936
sub-DSAR45M05373,10.2103
sub-DSAR45M05374,10.8252
sub-DSAR45M05375,7.5542
sub-DSAR45M05376,14.0249
sub-DSAR45M05377,13.6301
sub-DSAR45M05378,13.5077
sub-DSAR45M05379,11.9609
sub-DSAR45M05380,12.9824
sub-DSAR45M05381,9.1603
sub-DSAR45M05382,18.738
sub-DSAR45M05383,15.1935
sub-DSAR45M05384,10.9316
sub-DSAR45M05385,12.9476
sub-DSAR45M05386,10.45
sub-DSAR45M05387,13.916
sub-DSAR45M05388,12.264
sub-DSAR45M05389,14.8224
sub-DSAR45M05390,14.7132
sub-DSAR45M05391,13.6448
sub-DSAR45M05392,10.8203
sub-DSAR45M05393,14.1791
sub-DSAR45M05394,10.6492
sub-DSAR45M05395,14.7936
sub-DSAR45M05396,12.6462
sub-DSAR45M05397,10.9032
sub-DSAR45M05398,7.7402
sub-DSAR45M05399,14.2274
sub-DSAR45M05400,12.0559
sub-DSAR45M05401,10.7709
sub-DSAR45M05402,7.0157
sub-DSAR45M05403,14.8659
sub-DSAR45M05404,16.1295
sub-DSAR45M05405,12.635
sub-DSAR45M05406,9.8015
sub-DSAR45M05407,8.6002
sub-DSAR45M05408,10.3424
sub-DSAR45M05409,13.0976
sub-DSAR45M05410,13.182
sub-DSAR45M05411,6.4315
sub-DSAR45M05412,15.099
sub-DSAR45M05413,8.6062
sub-DSAR45M05414,17.2942
sub-DSAR45M05415,4.2238
sub-DSAR45M05416,11.5627
sub-DSAR45M05417,11.4181
sub-DSAR45M05418,14.1019
sub-DSAR45M05419,13.2213
sub-DSAR45M05420,17.14
sub-DSAR45M05421,11.2997
sub-DSAR45M05422,10.8531
sub-DSAR45M05423,15.3594
sub-DSAR45M05424,11.317
sub-DSAR45M05425,11.189
sub-DSAR45M05426,10.0487
sub-DSAR45M05427,10.9595
sub-DSAR45M05428,13.9664
sub-DSAR45M05429,17.7898
sub-DSAR45M05430,8.466
sub-DSAR45M05431,11.172
sub-DSAR45M05432,11.9944
sub-DSAR45M05433,14.6336
sub-DSAR45M05434,6.3807
sub-DSAR45M05435,5.5568
sub-DSAR45M05436,11.554
sub-DSAR45M05437,16.9462
sub-DSAR45M05438,14.6277
sub-DSAR45M05439,
sub-DSAR45M05440,10.5656
sub-DSAR45M05441,15.5781
sub-DSAR45M05442,14.9041
sub-DSAR45M05443,13.4865
sub-DSAR45M05444,3.5281
sub-DSAR45M05445,15.1835
sub-DSAR45M05446,19.6529
sub-DSAR45M05447,12.754
sub-DSAR45M05448,11.7436
sub-DSAR45M05449,12.8314
sub-DSAR45M05450,12.3454
sub-DSAR45M05451,
sub-DSAR45M05452,12.198
sub-DSAR45M05453,13.3991
sub-DSAR45M05454,18.6767
sub-DSAR45M05455,13.9088
sub-DSAR45M05456,10.4467
sub-DSAR45M05457,15.7237
sub-DSAR45M05458,14.6195
sub-DSAR45M05459,13.7962
sub-DSAR45M05460,10.8503
sub-DSAR45M05461,17.5102
sub-DSAR45M05462,
sub-DSAR45M05463,6.6097
sub-DSAR45M05464,9.3429
sub-DSAR45M05465,13.7208
sub-DSAR45M05466,8.4428
sub-DSAR45M05467,11.2615
sub-DSAR45M05468,12.0103
sub-DSAR45M05469,10.7112
sub-DSAR45M05470,12.2956
sub-DSAR45M05471,10.3085
sub-DSAR45M05472,10.8272
sub-DSAR45M05473,15.5454
sub-DSAR45M05474,5.0457
sub-DSAR45M05475,16.2483
sub-DSAR45M05476,12.5019
sub-DSAR45M05477,14.6588
sub-DSAR45M05478,11.1782
sub-DSAR45M05479,11.6423
sub-DSAR45M05480,12.2691
sub-DSAR45M05481,13.6453
sub-DSAR45M05482,11.5716
sub-DSAR45M05483,12.135
sub-DSAR45M05484,13.7805
sub-DSAR45M05485,8.8878
sub-DSAR45M05486,15.5257
sub-DSAR45M05487,13.3582
sub-DSAR45M05488,12.4966
sub-DSAR45M05489,15.1456
sub-DSAR45M05490,13.5963
sub-DSAR45M05491,12.9788
sub-DSAR45M05492,15.4427
sub-DSAR45M05493,16.1574
sub-DSAR45M05494,12.5888
sub-DSAR45M05495,14.7272
sub-DSAR45M05496,9.6079
sub-DSAR45M05497,11.1353
sub-DSAR45M05498,19.759
sub-DSAR45M05499,14.5498
sub-DSAR45M05500,13.4547
sub-DSAR45M05501,14.2092
sub-DSAR45M05502,13.2647
sub-DSAR45M05503,8.1275
sub-DSAR45M05504,11.4235
sub-DSAR45M05505,9.1547
sub-DSAR45M05506,14.5009
sub-DSAR45M05507,13.1035
sub-DSAR45M05508,7.8404
sub-DSAR45M05509,14.359
sub-DSAR45M05510,16.4256
sub-DSAR45M05511,7.3263
sub-DSAR45M05512,13.0666
sub-DSAR45M05513,13.6389
sub-DSAR45M05514,8.136
sub-DSAR45M05515,14.5362
sub-DSAR45M05516,14.2386
sub-DSAR45M05517,15.9901
sub-DSAR45M05518,15.2231
sub-DSAR45M05519,9.0527
sub-DSAR45M05520,16.6848
sub-DSAR45M05521,11.2717
sub-DSAR45M05522,15.5676
sub-DSAR45M05523,13.4956
sub-DSAR45M05524,16.3925
sub-DSAR45M05525,9.805
sub-DSAR45M05526,11.3893
sub-DSAR45M05527,15.9787
sub-DSAR45M05528,9.2445
sub-DSAR45M05529,7.0972
sub-DSAR45M05530,
sub-DSAR45M05531,13.9799
sub-DSAR45M05532,19.0821
sub-DSAR45M05533,10.1068
sub-DSAR45M05534,16.5114
sub-DSAR45M05535,12.316
sub-DSAR45M05536,10.3321
sub-DSAR45M05537,
sub-DSAR45M05538,19.1788
sub-DSAR45M05539,12.5627
sub-DSAR45M05540,12.478
sub-DSAR45M05541,20.1843
sub-DSAR45M05542,15.1528
sub-DSAR45M05543,14.6981
sub-DSAR45M05544,10.0197
sub-DSAR45M05545,5.4939
sub-DSAR45M05546,13.5824
sub-DSAR45M05547,11.2034
sub-DSAR45M05548,12.0546
sub-DSAR45M05549,11.3082
sub-DSAR45M05550,9.1919
sub-DSAR45M05551,10.6343
sub-DSAR45M05552,13.8653
sub-DSAR45M05553,11.8796
sub-DSAR45M05554,5.1345
sub-DSAR45M05555,7.5678
sub-DSAR45M05556,8.1352
sub-DSAR45M05557,7.5387
sub-DSAR45M05558,11.7332
sub-DSAR45M05559,9.9325
sub-DSAR45M05560,14.1141
sub-DSAR45M05561,12.4736
sub-DSAR45M05562,13.2175
sub-DSAR45M05563,10.465
sub-DSAR45M05564,14.0268
sub-DSAR45M05565,10.3898
sub-DSAR45M05566,12.8298
sub-DSAR45M05567,
sub-DSAR45M05568,13.325
sub-DSAR45M05569,13.5509
sub-DSAR45M05570,7.21
sub-DSAR45M05571,13.1829
sub-DSAR45M05572,13.3565
sub-DSAR45M05573,10.4205
sub-DSAR45M05574,10.4069
sub-DSAR45M05575,6.0482
sub-DSAR45M05576,9.1577
sub-DSAR45M05577,6.0446
sub-DSAR45M05578,13.1235
sub-DSAR45M05579,13.7599
sub-DSAR45M05580,12.6652
sub-DSAR45M05581,12.0638
sub-DSAR45M05582,17.3811
sub-DSAR45M05583,12.5682
sub-DSAR45M05584,15.8067
sub-DSAR45M05585,5.4786
sub-DSAR45M05586,7.848
sub-DSAR45M05587,15.4646
sub-DSAR45M05588,11.3014
sub-DSAR45M05589,17.8108
sub-DSAR45M05590,6.1487
sub-DSAR45M05591,10.694
sub-DSAR45M05592,12.7356
sub-DSAR45M05593,18.4615
sub-DSAR45M05594,12.4075
sub-DSAR45M05595,16.9548
sub-DSAR45M05596,6.6653
sub-DSAR45M05597,14.2537
sub-DSAR45M05598,14.6745
sub-DSAR45M05599,6.2652
sub-DSAR45M05600,11.2194
sub-DSAR45M05601,12.4144
sub-DSAR45M05602,10.5629
sub-DSAR45M05603,9.9963
sub-DSAR45M05604,12.5886
sub-DSAR45M05605,16.3199
sub-DSAR45M05606,17.3328
sub-DSAR45M05607,
sub-DSAR45M05608,11.4479
sub-DSAR45M05609,9.1079
sub-DSAR45M05610,7.6185
sub-DSAR45M05611,11.414
sub-DSAR45M05612,7.4517
sub-DSAR45M05613,8.9426
sub-DSAR45M05614,11.7434
sub-DSAR45M05615,11.593
sub-DSAR45M05616,9.0332
sub-DSAR45M05617,15.06
sub-DSAR45M05618,9.4949
sub-DSAR45M05619,11.1576
sub-DSAR45M05620,13.8331
sub-DSAR45M05621,12.2282
sub-DSAR45M05622,13.0165
sub-DSAR45M05623,17.1617
sub-DSAR45M05624,11.9351
sub-DSAR45M05625,14.9175
sub-DSAR45M05626,10.2081
sub-DSAR45M05627,10.0961
sub-DSAR45M05628,11.1245
sub-DSAR45M05629,12.9858
sub-DSAR45M05630,7.3906
sub-DSAR45M05631,11.1617
sub-DSAR45M05632,10.9193
sub-DSAR45M05633,12.4284
sub-DSAR45M05634,9.9674
sub-DSAR45M05635,13.3403
sub-DSAR45M05636,13.4842
sub-DSAR45M05637,12.3186
sub-DSAR45M05638,12.0443
sub-DSAR45M05639,11.9006
sub-DSAR45M05640,14.569
sub-DSAR45M05641,15.3142
sub-DSAR45M05642,16.361
sub-DSAR45M05643,14.0648
sub-DSAR45M05644,10.4487
sub-DSAR45M05645,14.667
sub-DSAR45M05646,13.0895
sub-DSAR45M05647,11.3703
sub-DSAR45M05648,10.6629
sub-DSAR45M05649,12.7229
sub-DSAR45M05650,5.8146
sub-DSAR45M05651,9.505
sub-DSAR45M05652,13.2875
sub-DSAR45M05653,13.9194
sub-DSAR45M05654,16.9548
sub-DSAR45M05655,14.8061
sub-DSAR45M05656,11.6413
sub-DSAR45M05657,13.4718
sub-DSAR45M05658,15.0921
sub-DSAR45M05659,
sub-DSAR45M05660,11.8469
sub-DSAR45M05661,10.6015
sub-DSAR45M05662,15.8144
sub-DSAR45M05663,10.042
sub-DSAR45M05664,16.874
sub-DSAR45M05665,12.0163
sub-DSAR45M05666,8.5496
sub-DSAR45M05667,11.6346
sub-DSAR45M05668,10.3432
sub-DSAR45M05669,11.0665
sub-DSAR45M05670,13.41
sub-DSAR45M05671,9.9582
sub-DSAR45M05672,17.3031
sub-DSAR45M05673,10.0691
sub-DSAR45M05674,9.7141
sub-DSAR45M05675,7.607
sub-DSAR45M05676,6.5072
sub-DSAR45M05677,14.2571
sub-DSAR45M05678,
sub-DSAR45M05679,16.8079
sub-DSAR45M05680,9.8918
sub-DSAR45M05681,13.5768
sub-DSAR45M05682,7.8698
sub-DSAR45M05683,11.1104
sub-DSAR45M05684,13.5447
sub-DSAR45M05685,14.9688
sub-DSAR45M05686,15.9932
sub-DSAR45M05687,13.0823
sub-DSAR45M05688,7.0592
sub-DSAR45M05689,16.8382
sub-DSAR45M05690,10.9327
sub-DSAR45M05691,12.6356
sub-DSAR45M05692,10.5002
sub-DSAR45M05693,9.5072
sub-DSAR45M05694,16.0791
sub-DSAR45M05695,16.0524
sub-DSAR45M05696,14.5416
sub-DSAR45M05697,16.2648
sub-DSAR45M05698,9.7305
sub-DSAR45M05699,16.7359
sub-DSAR45M05700,15.6257
sub-DSAR45M05701,15.2397
sub-DSAR45M05702,14.3445
sub-DSAR45M05703,16.1436
sub-DSAR45M05704,12.7298
sub-DSAR45M05705,9.3253
sub-DSAR45M05706,8.187
sub-DSAR45M05707,13.0209
sub-DSAR45M05708,11.3875
sub-DSAR45M05709,15.7921
sub-DSAR45M05710,7.8673
sub-DSAR45M05711,8.7192
sub-DSAR45M05712,12.436
sub-DSAR45M05713,11.4287
sub-DSAR45M05714,18.0014
sub-DSAR45M05715,12.882
sub-DSAR45M05716,8.2937
sub-DSAR45M05717,13.3337
sub-DSAR45M05718,12.2976
sub-DSAR45M05719,13.049
sub-DSAR45M05720,16.7562
sub-DSAR45M05721,12.5792
sub-DSAR45M05722,13.0544
sub-DSAR45M05723,13.5911
sub-DSAR45M05724,12.2595
sub-DSAR45M05725,
sub-DSAR45M05726,12.7286
sub-DSAR45M05727,9.4464
sub-DSAR45M05728,11.941
sub-DSAR45M05729,17.936
sub-DSAR45M05730,9.8823
sub-DSAR45M05731,16.903
sub-DSAR45M05732,14.4486
sub-DSAR45M05733,15.9115
sub-DSAR45M05734,5.8285
sub-DSAR45M05735,12.0227
sub-DSAR45M05736,12.3616
sub-DSAR45M05737,8.0692
sub-DSAR45M05738,13.0777
sub-DSAR45M05739,14.8184
sub-DSAR45M05740,10.5936
sub-DSAR45M05741,10.1334
sub-DSAR45M05742,14.8034
sub-DSAR45M05743,13.9478
sub-DSAR45M05744,13.6342
sub-DSAR45M05745,11.0899
sub-DSAR45M05746,13.8979
sub-DSAR45M05747,13.0184
sub-DSAR45M05748,13.6591
sub-DSAR45M05749,9.3327
sub-DSAR45M05750,8.023
sub-DSAR45M05751,13.6543
sub-DSAR45M05752,15.7528
sub-DSAR45M05753,10.0041
sub-DSAR45M05754,13.2201
sub-DSAR45M05755,17.7847
sub-DSAR45M05756,16.1859
sub-DSAR45M05757,10.3303
sub-DSAR45M05758,
sub-DSAR45M05759,14.2441
sub-DSAR45M05760,9.8074
sub-DSAR45M05761,10.9691
sub-DSAR45M05762,
sub-DSAR45M05763,6.1407
sub-DSAR45M05764,14.938
sub-DSAR45M05765,8.3626
sub-DSAR45M05766,15.6342
sub-DSAR45M05767,11.5274
sub-DSAR45M05768,11.8206
sub-DSAR45M05769,7.6959
sub-DSAR45M05770,14.6898
sub-DSAR45M05771,12.0701
sub-DSAR45M05772,12.5624
sub-DSAR45M05773,12.2272
sub-DSAR45M05774,14.8857
sub-DSAR45M05775,18.8884
sub-DSAR45M05776,11.2126
sub-DSAR45M05777,12.4638
sub-DSAR45M05778,
sub-DSAR45M05779,14.5715
sub-DSAR45M05780,6.0383
sub-DSAR45M05781,
sub-DSAR45M05782,15.9258
sub-DSAR45M05783,10.9862
sub-DSAR45M05784,17.134
sub-DSAR45M05785,12.1963
sub-DSAR45M05786,8.4989
sub-DSAR45M05787,
sub-DSAR45M05788,14.6494
sub-DSAR45M05789,12.8831
sub-DSAR45M05790,10.1864
sub-DSAR45M05791,17.1576
sub-DSAR45M05792,12.4834
sub-DSAR45M05793,
sub-DSAR45M05794,16.3743
sub-DSAR45M05795,16.8533
sub-DSAR45M05796,16.4371
sub-DSAR45M05797,8.2073
sub-DSAR45M05798,13.1897
sub-DSAR45M05799,16.1268
sub-DSAR45M05800,11.8806
sub-DSAR45M05801,10.9687
sub-DSAR45M05802,7.7764
sub-DSAR45M05803,10.101
sub-DSAR45M05804,12.4826
sub-DSAR45M05805,9.4292
sub-DSAR45M05806,10.8454
sub-DSAR45M05807,17.4649
sub-DSAR45M05808,11.3608
sub-DSAR45M05809,7.9931
sub-DSAR45M05810,11.4761
sub-DSAR45M05811,13.4117
sub-DSAR45M05812,12.4776
sub-DSAR45M05813,12.6722
sub-DSAR45M05814,8.7178
sub-DSAR45M05815,14.2423
sub-DSAR45M05816,10.769
sub-DSAR45M05817,20.2376
sub-DSAR45M05818,15.9134
sub-DSAR45M05819,17.9376
sub-DSAR45M05820,10.1815
sub-DSAR45M05821,15.2688
sub-DSAR45M05822,10.2753
sub-DSAR45M05823,13.5621
sub-DSAR45M05824,18.6603
sub-DSAR45M05825,13.9679
sub-DSAR45M05826,10.7537
sub-DSAR45M05827,9.4422
sub-DSAR45M05828,11.404
sub-DSAR45M05829,15.5113
sub-DSAR45M05830,11.1804
sub-DSAR45M05831,14.4093
sub-DSAR45M05832,14.9849
sub-DSAR45M05833,11.9224
sub-DSAR45M05834,10.9499
sub-DSAR45M05835,13.0716
sub-DSAR45M05836,15.7436
sub-DSAR45M05837,9.87
sub-DSAR45M05838,12.3536
sub-DSAR45M05839,15.4667
sub-DSAR45M05840,18.7093
sub-DSAR45M05841,12.2998
sub-DSAR45M05842,11.5643
sub-DSAR45M05843,14.6974
sub-DSAR45M05844,15.1362
sub-DSAR45M05845,13.3947
sub-DSAR45M05846,9.3673
sub-DSAR45M05847,12.7832
sub-DSAR45M05848,14.2308
sub-DSAR45M05849,12.5014
sub-DSAR45M05850,14.2058
sub-DSAR45M05851,13.6264
sub-DSAR45M05852,8.3741
sub-DSAR45M05853,5.2336
sub-DSAR45M05854,15.4594
sub-DSAR45M05855,5.009
sub-DSAR45M05856,11.9688
sub-DSAR45M05857,10.1056
sub-DSAR45M05858,11.6475
sub-DSAR45M05859,8.6584
sub-DSAR45M05860,8.689
sub-DSAR45M05861,12.1327
sub-DSAR45M05862,11.6086
sub-DSAR45M05863,13.7984
sub-DSAR45M05864,
sub-DSAR45M05865,20.7321
sub-DSAR45M05866,11.1798
sub-DSAR45M05867,11.3224
sub-DSAR45M05868,11.3981
sub-DSAR45M05869,15.8274
sub-DSAR45M05870,15.7647
sub-DSAR45M05871,14.6167
sub-DSAR45M05872,11.0927
sub-DSAR45M05873,8.4556
sub-DSAR45M05874,12.0399
sub-DSAR45M05875,17.5616
sub-DSAR45M05876,9.7822
sub-DSAR45M05877,10.8763
sub-DSAR45M05878,11.9191
sub-DSAR45M05879,9.5308
sub-DSAR45M05880,10.4584
sub-DSAR45M05881,12.9316
sub-DSAR45M05882,9.3991
sub-DSAR45M05883,11.7301
sub-DSAR45M05884,16.1474
sub-DSAR45M05885,7.7735
sub-DSAR45M05886,10.2004
sub-DSAR45M05887,14.3696
sub-DSAR45M05888,10.8704
sub-DSAR45M05889,14.3369
sub-DSAR45M05890,12.8698
sub-DSAR45M05891,13.8347
sub-DSAR45M05892,13.5517
sub-DSAR45M05893,15.0364
sub-DSAR45M05894,12.133
sub-DSAR45M05895,
sub-DSAR45M05896,14.701
sub-DSAR45M05897,11.0189
sub-DSAR45M05898,11.5528
sub-DSAR45M05899,17.743
sub-DSAR45M05900,9.0335
sub-DSAR45M05901,11.1002
sub-DSAR45M05902,10.1653
sub-DSAR45M05903,15.4318
sub-DSAR45M05904,13.2373
sub-DSAR45M05905,10.0634
sub-DSAR45M05906,13.4304
sub-DSAR45M05907,6.3277
sub-DSAR45M05908,12.0601
sub-DSAR45M05909,6.4044
sub-DSAR45M05910,12.3887
sub-DSAR45M05911,8.1382
sub-DSAR45M05912,15.4099
sub-DSAR45M05913,
sub-DSAR45M05914,15.4768
sub-DSAR45M05915,13.4734
sub-DSAR45M05916,12.8425
sub-DSAR45M05917,12.9326
sub-DSAR45M05918,12.7011
sub-DSAR45M05919,12.0265
sub-DSAR45M05920,12.9284
sub-DSAR45M05921,
sub-DSAR45M05922,17.9072
sub-DSAR45M05923,11.7558
sub-DSAR45M05924,15.7471
sub-DSAR45M05925,12.9549
sub-DSAR45M05926,13.2123
sub-DSAR45M05927,20.7966
sub-DSAR45M05928,6.7095
sub-DSAR45M05929,17.4834
sub-DSAR45M05930,10.6712
sub-DSAR45M05931,11.2962
sub-DSAR45M05932,10.1738
sub-DSAR45M05933,13.5982
sub-DSAR45M05934,21.5494
sub-DSAR45M05935,9.6998
sub-DSAR45M05936,14.5496
sub-DSAR45M05937,9.1757
sub-DSAR45M05938,12.2048
sub-DSAR45M05939,12.8275
sub-DSAR45M05940,10.1599
sub-DSAR45M05941,6.9745
sub-DSAR45M05942,11.1349
sub-DSAR45M05943,16.4761
sub-DSAR45M05944,11.7423
sub-DSAR45M05945,17.6481
sub-DSAR45M05946,10.2457
sub-DSAR45M05947,14.4245
sub-DSAR45M05948,12.0803
sub-DSAR45M05949,14.1053
sub-DSAR45M05950,15.5536
sub-DSAR45M05951,8.3233
sub-DSAR45M05952,15.8394
sub-DSAR45M05953,9.5704
sub-DSAR45M05954,9.9799
sub-DSAR45M05955,10.746
sub-DSAR45M05956,12.2647
sub-DSAR45M05957,16.0771
sub-DSAR45M05958,13.6259
sub-DSAR45M05959,13.5756
sub-DSAR45M05960,7.0083
sub-DSAR45M05961,8.1792
sub-DSAR45M05962,8.8204
sub-DSAR45M05963,7.5508
sub-DSAR45M05964,
sub-DSAR45M05965,13.5816
sub-DSAR45M05966,13.3836
sub-DSAR45M05967,10.5597
sub-DSAR45M05968,7.8625
sub-DSAR45M05969,18.4611
sub-DSAR45M05970,7.4523
sub-DSAR45M05971,12.6315
sub-DSAR45M05972,10.1384
sub-DSAR45M05973,9.5108
sub-DSAR45M05974,13.4149
sub-DSAR45M05975,9.7933
sub-DSAR45M05976,11.5743
sub-DSAR45M05977,10.545
sub-DSAR45M05978,9.1539
sub-DSAR45M05979,13.7722
sub-DSAR45M05980,15.4182
sub-DSAR45M05981,11.4022
sub-DSAR45M05982,17.0987
sub-DSAR45M05983,8.9056
sub-DSAR45M05984,10.8162
sub-DSAR45M05985,12.9291
sub-DSAR45M05986,13.6151
sub-DSAR45M05987,6.1505
sub-DSAR45M05988,13.7823
sub-DSAR45M05989,9.736
sub-DSAR45M05990,16.0134
sub-DSAR45M05991,14.6932
sub-DSAR45M05992,12.9433
sub-DSAR45M05993,13.8956
sub-DSAR45M05994,12.5684
sub-DSAR45M05995,
sub-DSAR45M05996,9.5005
sub-DSAR45M05997,
sub-DSAR45M05998,9.0088
sub-DSAR45M05999,10.4365
sub-DSAR45M06000,15.7852
sub-DSAR45M06001,10.1334
sub-DSAR45M06002,4.3187
sub-DSAR45M06003,14.9317
sub-DSAR45M06004,12.4501
sub-DSAR45M06005,19.4131
sub-DSAR45M06006,13.3606
sub-DSAR45M06007,10.7525
sub-DSAR45M06008,15.8277
sub-DSAR45M06009,11.8506
sub-DSAR45M06010,15.6342
sub-DSAR45M06011,11.4673
sub-DSAR45M06012,11.9215
sub-DSAR45M06013,10.9423
sub-DSAR45M06014,14.3083
sub-DSAR45M06015,12.3353
sub-DSAR45M06016,5.5464
sub-DSAR45M06017,14.2356
sub-DSAR45M06018,14.6707
sub-DSAR45M06019,12.9993
sub-DSAR45M06020,15.8303
sub-DSAR45M06021,9.7805
sub-DSAR45M06022,10.3527
sub-DSAR45M06023,16.8936
sub-DSAR45M06024,16.9011
sub-DSAR45M06025,12.5522
sub-DSAR45M06026,11.7563
sub-DSAR45M06027,12.2529
sub-DSAR45M06028,10.1326
sub-DSAR45M06029,7.7601
sub-DSAR45M06030,8.1026
sub-DSAR45M06031,12.4912
sub-DSAR45M06032,12.6194
sub-DSAR45M06033,17.1816
sub-DSAR45M06034,17.5283
sub-DSAR45M06035,16.3338
sub-DSAR45M06036,11.793
sub-DSAR45M06037,10.6873
sub-DSAR45M06038,11.0503
sub-DSAR45M06039,10.0768
sub-DSAR45M06040,10.2449
sub-DSAR45M06041,12.0248
sub-DSAR45M06042,17.3678
sub-DSAR45M06043,10.7281
sub-DSAR45M06044,10.1603
sub-DSAR45M06045,13.3483
sub-DSAR45M06046,16.0104
sub-DSAR45M06047,11.5136
sub-DSAR45M06048,8.7777
sub-DSAR45M06049,14.4767
sub-DSAR45M06050,20.0538
sub-DSAR45M06051,12.8
sub-DSAR45M06052,6.1771
sub-DSAR45M06053,16.3437
sub-DSAR45M06054,10.4087
sub-DSAR45M06055,10.5987
sub-DSAR45M06056,17.9061
sub-DSAR45M06057,12.5107
sub-DSAR45M06058,12.8256
sub-DSAR45M06059,14.8149
sub-DSAR45M06060,13.0633
sub-DSAR45M06061,17.5458
sub-DSAR45M06062,10.7536
sub-DSAR45M06063,9.2336
sub-DSAR45M06064,10.2315
sub-DSAR45M06065,
sub-DSAR45M06066,10.3632
sub-DSAR45M06067,8.3781
sub-DSAR45M06068,13.8444
sub-DSAR45M06069,12.7098
sub-DSAR45M06070,11.0951
sub-DSAR45M06071,13.0251
sub-DSAR45M06072,16.2372
sub-DSAR45M06073,11.6697
sub-DSAR45M06074,8.7907
sub-DSAR45M06075,8.2684
sub-DSAR45M06076,9.7144
sub-DSAR45M06077,9.184
sub-DSAR45M06078,11.736
sub-DSAR45M06079,14.1421
sub-DSAR45M06080,15.3395
sub-DSAR45M06081,11.7665
sub-DSAR45M06082,11.4579
sub-DSAR45M06083,11.0263
sub-DSAR45M06084,15.1907
sub-DSAR45M06085,8.807
sub-DSAR45M06086,12.4288
sub-DSAR45M06087,10.2818
sub-DSAR45M06088,17.0143
sub-DSAR45M06089,10.6604
sub-DSAR45M06090,9.8176
sub-DSAR45M06091,13.2591
sub-DSAR45M06092,14.6714
sub-DSAR45M06093,10.9514
sub-DSAR45M06094,10.2048
sub-DSAR45M06095,11.0684
sub-DSAR45M06096,13.6729
sub-DSAR45M06097,10.0262
sub-DSAR45M06098,12.2442
sub-DSAR45M06099,11.0803
sub-DSAR45M06100,13.8982
sub-DSAR45M06101,10.7128
sub-DSAR45M06102,13.2408
sub-DSAR45M06103,11.1896
sub-DSAR45M06104,8.4663
sub-DSAR45M06105,14.8585
sub-DSAR45M06106,18.7114
sub-DSAR45M06107,12.7772
sub-DSAR45M06108,13.9723
sub-DSAR45M06109,14.2467
sub-DSAR45M06110,13.5119
sub-DSAR45M06111,13.3529
sub-DSAR45M06112,13.7037
sub-DSAR45M06113,5.1005
sub-DSAR45M06114,13.9899
sub-DSAR45M06115,13.6974
sub-DSAR45M06116,5.0429
sub-DSAR45M06117,9.7477
sub-DSAR45M06118,14.9209
sub-DSAR45M06119,10.0277
sub-DSAR45M06120,11.3255
sub-DSAR45M06121,11.0506
sub-DSAR45M06122,13.3118
sub-DSAR45M06123,10.3729
sub-DSAR45M06124,12.5684
sub-DSAR45M06125,9.8852
sub-DSAR45M06126,7.863
sub-DSAR45M06127,13.6428
sub-DSAR45M06128,11.693
sub-DSAR45M06129,11.9279
sub-DSAR45M06130,12.4397
sub-DSAR45M06131,15.8167
sub-DSAR45M06132,13.5622
sub-DSAR45M06133,14.561
sub-DSAR45M06134,14.5325
sub-DSAR45M06135,11.0947
sub-DSAR45M06136,16.8627
sub-DSAR45M06137,19.0135
sub-DSAR45M06138,15.9596
sub-DSAR45M06139,13.1417
sub-DSAR45M06140,14.1828
sub-DSAR45M06141,9.9252
sub-DSAR45M06142,9.1407
sub-DSAR45M06143,12.0002
sub-DSAR45M06144,9.2771
sub-DSAR45M06145,11.5386
sub-DSAR45M06146,17.2173
sub-DSAR45M06147,11.1809
sub-DSAR45M06148,16.8122
sub-DSAR45M06149,9.8281
sub-DSAR45M06150,17.4087
sub-DSAR45M06151,10.1674
sub-DSAR45M06152,
sub-DSAR45M06153,10.7115
sub-DSAR45M06154,12.41
sub-DSAR45M06155,8.5229
sub-DSAR45M06156,11.6914
sub-DSAR45M06157,14.8681
sub-DSAR45M06158,14.2533
sub-DSAR45M06159,14.0243
sub-DSAR45M06160,13.0531
sub-DSAR45M06161,14.7147
sub-DSAR45M06162,13.149
sub-DSAR45M06163,9.8577
sub-DSAR45M06164,12.2165
sub-DSAR45M06165,16.3806
sub-DSAR45M06166,12.6713
sub-DSAR45M06167,9.8793
sub-DSAR45M06168,13.3493
sub-DSAR45M06169,15.8283
sub-DSAR45M06170,8.6497
sub-DSAR45M06171,13.9824
sub-DSAR45M06172,11.7232
sub-DSAR45M06173,12.4921
sub-DSAR45M06174,12.6308
sub-DSAR45M06175,11.0536
sub-DSAR45M06176,2.932
sub-DSAR45M06177,10.2896
sub-DSAR45M06178,11.5807
sub-DSAR45M06179,14.4855
sub-DSAR45M06180,12.4299
sub-DSAR45M06181,15.4806
sub-DSAR45M06182,13.2134
sub-DSAR45M06183,11.8179
sub-DSAR45M06184,11.8481
sub-DSAR45M06185,13.5541
sub-DSAR45M06186,14.426
sub-DSAR45M06187,12.3727
sub-DSAR45M06188,11.8869
sub-DSAR45M06189,13.0644
sub-DSAR45M06190,7.208
sub-DSAR45M06191,5.2336
sub-DSAR45M06192,7.4274
sub-DSAR45M06193,13.0248
sub-DSAR45M06194,9.8819
sub-DSAR45M06195,13.7945
sub-DSAR45M06196,13.7601
sub-DSAR45M06197,6.7724
sub-DSAR45M06198,17.1015
sub-DSAR45M06199,5.5709
sub-DSAR45M06200,12.2365
sub-DSAR45M06201,10.2125
sub-DSAR45M06202,16.3964
sub-DSAR45M06203,12.1801
sub-DSAR45M06204,8.4542
sub-DSAR45M06205,12.4385
sub-DSAR45M06206,15.1809
sub-DSAR45M06207,15.1941
sub-DSAR45M06208,8.7532
sub-DSAR45M06209,13.4046
sub-DSAR45M06210,12.3123
sub-DSAR45M06211,11.4005
sub-DSAR45M06212,9.725
sub-DSAR45M06213,18.5032
sub-DSAR45M06214,16.1868
sub-DSAR45M06215,11.2705
sub-DSAR45M06216,16.5354
sub-DSAR45M06217,9.4578
sub-DSAR45M06218,19.0587
sub-DSAR45M06219,13.3336
sub-DSAR45M06220,12.7075
sub-DSAR45M06221,11.6575
sub-DSAR45M06222,14.3245
sub-DSAR45M06223,3.3942
sub-DSAR45M06224,15.1844
sub-DSAR45M06225,
sub-DSAR45M06226,10.9154
sub-DSAR45M06227,12.7116
sub-DSAR45M06228,11.604
sub-DSAR45M06229,19.7477
sub-DSAR45M06230,15.4949
sub-DSAR45M06231,12.8565
sub-DSAR45M06232,13.8164
sub-DSAR45M06233,7.6356
sub-DSAR45M06234,14.5576
sub-DSAR45M06235,7.5411
sub-DSAR45M06236,16.3265
sub-DSAR45M06237,12.4752
sub-DSAR45M06238,5.9133
sub-DSAR45M06239,13.7283
sub-DSAR45M06240,
sub-DSAR45M06241,13.829
sub-DSAR45M06242,13.8881
sub-DSAR45M06243,19.6656
sub-DSAR45M06244,15.927
sub-DSAR45M06245,11.0082
sub-DSAR45M06246,
sub-DSAR45M06247,8.7352
sub-DSAR45M06248,10.2935
sub-DSAR45M06249,10.2043
sub-DSAR45M06250,15.2715
sub-DSAR45M06251,6.3292
sub-DSAR45M06252,13.1477
sub-DSAR45M06253,12.121
sub-DSAR45M06254,8.1469
sub-DSAR45M06255,10.7267
sub-DSAR45M06256,15.1428
sub-DSAR45M06257,18.227
sub-DSAR45M06258,10.8103
sub-DSAR45M06259,5.8226
sub-DSAR45M06260,12.0941
sub-DSAR45M06261,6.6859
sub-DSAR45M06262,10.6921
sub-DSAR45M06263,15.7952
sub-DSAR45M06264,13.7426
sub-DSAR45M06265,7.8856
sub-DSAR45M06266,9.9042
sub-DSAR45M06267,9.5406
sub-DSAR45M06268,10.5906
sub-DSAR45M06269,8.3471
sub-DSAR45M06270,18.3348
sub-DSAR45M06271,11.3755
sub-DSAR45M06272,11.0733
sub-DSAR45M06273,18.5308
sub-DSAR45M06274,9.5883
sub-DSAR45M06275,12.9938
sub-DSAR45M06276,11.4573
sub-DSAR45M06277,16.264
sub-DSAR45M06278,11.5505
sub-DSAR45M06279,12.7979
sub-DSAR45M06280,13.7383
sub-DSAR45M06281,12.3727
sub-DSAR45M06282,10.6877
sub-DSAR45M06283,9.8175
sub-DSAR45M06284,15.7898
sub-DSAR45M06285,9.4714
sub-DSAR45M06286,16.6006
sub-DSAR45M06287,10.5227
sub-DSAR45M06288,11.3713
sub-DSAR45M06289,16.4201
sub-DSAR45M06290,11.1028
sub-DSAR45M06291,14.4418
sub-DSAR45M06292,11.4445
sub-DSAR45M06293,8.4236
sub-DSAR45M06294,10.9293
sub-DSAR45M06295,12.8682
sub-DSAR45M06296,11.8272
sub-DSAR45M06297,13.5411
sub-DSAR45M06298,13.363
sub-DSAR45M06299,15.0201
sub-DSAR45M06300,7.6972
sub-DSAR45M06301,17.5094
sub-DSAR45M06302,13.04
sub-DSAR45M06303,17.1841
sub-DSAR45M06304,15.5492
sub-DSAR45M06305,
sub-DSAR45M06306,8.0787
sub-DSAR45M06307,9.8564
sub-DSAR45M06308,8.542
sub-DSAR45M06309,11.462
sub-DSAR45M06310,11.9474
sub-DSAR45M06311,16.0104
sub-DSAR45M06312,16.1876
sub-DSAR45M06313,12.1644
sub-DSAR45M06314,14.5115
sub-DSAR45M06315,15.0681
sub-DSAR45M06316,
sub-DSAR45M06317,10.042
sub-DSAR45M06318,13.6214
sub-DSAR45M06319,15.1618
sub-DSAR45M06320,6.2464
sub-DSAR45M06321,14.9746
sub-DSAR45M06322,12.679
sub-DSAR45M06323,14.9576
sub-DSAR45M06324,10.2286
sub-DSAR45M06325,10.0202
sub-DSAR45M06326,10.5947
sub-DSAR45M06327,13.287
sub-DSAR45M06328,13.6322
sub-DSAR45M06329,8.2151
sub-DSAR45M06330,18.3503
sub-DSAR45M06331,
sub-DSAR45M06332,14.3325
sub-DSAR45M06333,12.1551
sub-DSAR45M06334,8.3303
sub-DSAR45M06335,13.0836
sub-DSAR45M06336,9.8093
sub-DSAR45M06337,9.2069
sub-DSAR45M06338,8.5332
sub-DSAR45M06339,12.5081
sub-DSAR45M06340,7.8485
sub-DSAR45M06341,12.9038
sub-DSAR45M06342,18.1869
sub-DSAR45M06343,17.6433
sub-DSAR45M06344,10.4973
sub-DSAR45M06345,
sub-DSAR45M06346,15.3329
sub-DSAR45M06347,10.113
sub-DSAR45M06348,18.1433
sub-DSAR45M06349,10.548
sub-DSAR45M06350,14.8263
sub-DSAR45M06351,12.5031
sub-DSAR45M06352,9.6613
sub-DSAR45M06353,12.944
sub-DSAR45M06354,5.9618
sub-DSAR45M06355,12.5572
sub-DSAR45M06356,10.3589
sub-DSAR45M06357,10.2498
sub-DSAR45M06358,16.6842
sub-DSAR45M06359,16.2937
sub-DSAR45M06360,13.7785
sub-DSAR45M06361,11.2413
sub-DSAR45M06362,16.5297
sub-DSAR45M06363,9.7902
sub-DSAR45M06364,15.0491
sub-DSAR45M06365,10.8549
sub-DSAR45M06366,15.9358
sub-DSAR45M06367,11.8649
sub-DSAR45M06368,9.461
sub-DSAR45M06369,14.7526
sub-DSAR45M06370,15.257
sub-DSAR45M06371,3.9571
sub-DSAR45M06372,9.0232
sub-DSAR45M06373,10.1919
sub-DSAR45M06374,10.9014
sub-DSAR45M06375,
sub-DSAR45M06376,10.3781
sub-DSAR45M06377,16.0333
sub-DSAR45M06378,13.1302
sub-DSAR45M06379,13.3782
sub-DSAR45M06380,10.9021
sub-DSAR45M06381,10.6239
sub-DSAR45M06382,8.4992
sub-DSAR45M06383,9.1122
sub-DSAR45M06384,15.4636
sub-DSAR45M06385,11.035
sub-DSAR45M06386,10.8422
sub-DSAR45M06387,13.7396
sub-DSAR45M06388,14.5808
sub-DSAR45M06389,14.9824
sub-DSAR45M06390,9.5468
sub-DSAR45M06391,8.8983
sub-DSAR45M06392,18.4609
sub-DSAR45M06393,16.7064
sub-DSAR45M06394,17.1862
sub-DSAR45M06395,10.5262
sub-DSAR45M06396,12.2296
sub-DSAR45M06397,11.2403
sub-DSAR45M06398,10.4179
sub-DSAR45M06399,16.0577
sub-DSAR45M06400,12.7332
sub-DSAR45M06401,10.8781
sub-DSAR45M06402,10.8221
sub-DSAR45M06403,11.5877
sub-DSAR45M06404,12.5443
sub-DSAR45M06405,11.3271
sub-DSAR45M06406,13.7511
sub-DSAR45M06407,9.1811
sub-DSAR45M06408,13.374
sub-DSAR45M06409,5.9622
sub-DSAR45M06410,14.5293
sub-DSAR45M06411,12.9652
sub-DSAR45M06412,12.3519
sub-DSAR45M06413,12.0414
sub-DSAR45M06414,11.2197
sub-DSAR45M06415,13.9856
sub-DSAR45M06416,8.0041
sub-DSAR45M06417,9.5763
sub-DSAR45M06418,17.8324
sub-DSAR45M06419,11.2778
sub-DSAR45M06420,16.4699
sub-DSAR45M06421,
sub-DSAR45M06422,11.4621
sub-DSAR45M06423,
sub-DSAR45M06424,17.3238
sub-DSAR45M06425,14.6373
sub-DSAR45M06426,15.9507
sub-DSAR45M06427,10.5172
sub-DSAR45M06428,12.7513
sub-DSAR45M06429,16.5079
sub-DSAR45M06430,15.7858
sub-DSAR45M06431,11.6787
sub-DSAR45M06432,8.9952
sub-DSAR45M06433,12.1361
sub-DSAR45M06434,11.1715
sub-DSAR45M06435,10.922
sub-DSAR45M06436,11.6582
sub-DSAR45M06437,12.899
sub-DSAR45M06438,12.3161
sub-DSAR45M06439,13.8622
sub-DSAR45M06440,15.9991
sub-DSAR45M06441,16.8144
sub-DSAR45M06442,11.7114
sub-DSAR45M06443,17.8604
sub-DSAR45M06444,13.1819
sub-DSAR45M06445,11.0581
sub-DSAR45M06446,14.7924
sub-DSAR45M06447,12.8641
sub-DSAR45M06448,6.289
sub-DSAR45M06449,9.7613
sub-DSAR45M06450,12.2977
sub-DSAR45M06451,6.3585
sub-DSAR45M06452,12.7524
sub-DSAR45M06453,10.9253
sub-DSAR45M06454,13.3959
sub-DSAR45M06455,14.0029
sub-DSAR45M06456,13.7965
sub-DSAR45M06457,9.7215
sub-DSAR45M06458,6.4088
sub-DSAR45M06459,15.4167
sub-DSAR45M06460,8.7539
sub-DSAR45M06461,16.3865
sub-DSAR45M06462,11.9687
sub-DSAR45M06463,10.5056
sub-DSAR45M06464,9.2525
sub-DSAR45M06465,11.1821
sub-DSAR45M06466,14.4098
sub-DSAR45M06467,10.6812
sub-DSAR45M06468,11.1465
sub-DSAR45M06469,9.2076
sub-DSAR45M06470,11.7397
sub-DSAR45M06471,8.5241
sub-DSAR45M06472,14.6502
sub-DSAR45M06473,11.3826
sub-DSAR45M06474,10.1476
sub-DSAR45M06475,17.9282
sub-DSAR45M06476,13.2598
sub-DSAR45M06477,9.0691
sub-DSAR45M06478,17.2454
sub-DSAR45M06479,12.1233
sub-DSAR45M06480,13.7164
sub-DSAR45M06481,18.691
sub-DSAR45M06482,9.784
sub-DSAR45M06483,10.8259
sub-DSAR45M06484,15.2476
sub-DSAR45M06485,15.9764
sub-DSAR45M06486,13.1811
sub-DSAR45M06487,15.4919
sub-DSAR45M06488,15.7265
sub-DSAR45M06489,14.2621
sub-DSAR45M06490,13.6674
sub-DSAR45M06491,14.6565
sub-DSAR45M06492,15.9861
sub-DSAR45M06493,12.3607
sub-DSAR45M06494,9.8735
sub-DSAR45M06495,12.0148
sub-DSAR45M06496,12.7252
sub-DSAR45M06497,12.8544
sub-DSAR45M06498,11.2206
sub-DSAR45M06499,12.0901
sub-DSAR45M06500,17.3911
sub-DSAR45M06501,13.9208
sub-DSAR45M06502,12.1017
sub-DSAR45M06503,16.2823
sub-DSAR45M06504,15.8389
sub-DSAR45M06505,13.3147
sub-DSAR45M06506,11.9871
sub-DSAR45M06507,15.821
sub-DSAR45M06508,14.3505
sub-DSAR45M06509,17.1957
sub-DSAR45M06510,7.3281
sub-DSAR45M06511,13.6578
sub-DSAR45M06512,8.3155
sub-DSAR45M06513,14.1555
sub-DSAR45M06514,13.3589
sub-DSAR45M06515,12.9735
sub-DSAR45M06516,
sub-DSAR45M06517,14.4027
sub-DSAR45M06518,9.2553
sub-DSAR45M06519,
sub-DSAR45M06520,
sub-DSAR45M06521,12.797
sub-DSAR45M06522,10.5907
sub-DSAR45M06523,9.9196
sub-DSAR45M06524,17.1562
sub-DSAR45M06525,17.5791
sub-DSAR45M06526,8.2349
sub-DSAR45M06527,9.0298
sub-DSAR45M06528,11.9636
sub-DSAR45M06529,8.6424
sub-DSAR45M06530,10.4651
sub-DSAR45M06531,9.1309
sub-DSAR45M06532,15.6781
sub-DSAR45M06533,14.0278
sub-DSAR45M06534,10.2034
sub-DSAR45M06535,19.2841
sub-DSAR45M06536,14.0167
sub-DSAR45M06537,12.8418
sub-DSAR45M06538,14.2682
sub-DSAR45M06539,10.1251
sub-DSAR45M06540,11.2083
sub-DSAR45M06541,13.9354
sub-DSAR45M06542,12.2047
sub-DSAR45M06543,9.8401
sub-DSAR45M06544,14.2123
sub-DSAR45M06545,9.3453
sub-DSAR45M06546,11.6099
sub-DSAR45M06547,10.7159
sub-DSAR45M06548,5.5941
sub-DSAR45M06549,16.6636
sub-DSAR45M06550,11.2597
sub-DSAR45M06551,20.0846
sub-DSAR45M06552,14.6044
sub-DSAR45M06553,10.3927
sub-DSAR45M06554,8.9297
sub-DSAR45M06555,8.1803
sub-DSAR45M06556,10.4513
sub-DSAR45M06557,13.0689
sub-DSAR45M06558,16.12
sub-DSAR45M06559,7.2612
sub-DSAR45M06560,14.7524
sub-DSAR45M06561,11.2503
sub-DSAR45M06562,8.7532
sub-DSAR45M06563,21.0129
sub-DSAR45M06564,
sub-DSAR45M06565,18.2654
sub-DSAR45M06566,15.1739
sub-DSAR45M06567,10.9125
sub-DSAR45M06568,18.7955
sub-DSAR45M06569,10.0925
sub-DSAR45M06570,9.4051
sub-DSAR45M06571,11.2921
sub-DSAR45M06572,13.5315
sub-DSAR45M06573,10.5292
sub-DSAR45M06574,9.9952
sub-DSAR45M06575,10.8043
sub-DSAR45M06576,9.8502
sub-DSAR45M06577,11.0543
sub-DSAR45M06578,12.855
sub-DSAR45M06579,16.9683
sub-DSAR45M06580,11.6749
sub-DSAR45M06581,7.0862
sub-DSAR45M06582,8.3378
sub-DSAR45M06583,12.0709
sub-DSAR45M06584,10.4876
sub-DSAR45M06585,9.5206
sub-DSAR45M06586,13.2686
sub-DSAR45M06587,14.3293
sub-DSAR45M06588,18.1991
sub-DSAR45M06589,12.4575
sub-DSAR45M06590,
sub-DSAR45M06591,16.2852
sub-DSAR45M06592,13.4491
sub-DSAR45M06593,15.9078
sub-DSAR45M06594,8.6433
sub-DSAR45M06595,16.875
sub-DSAR45M06596,
sub-DSAR45M06597,8.77
sub-DSAR45M06598,
sub-DSAR45M06599,14.7486
sub-DSAR45M06600,12.7912
sub-DSAR45M06601,12.5967
sub-DSAR45M06602,11.4577
sub-DSAR45M06603,
sub-DSAR45M06604,15.9053
sub-DSAR45M06605,13.4635
sub-DSAR45M06606,12.5521
sub-DSAR45M06607,12.8408
sub-DSAR45M06608,13.7821
sub-DSAR45M06609,15.8814
sub-DSAR45M06610,15.1573
sub-DSAR45M06611,16.1296
sub-DSAR45M06612,8.6436
sub-DSAR45M06613,12.1874
sub-DSAR45M06614,13.0299
sub-DSAR45M06615,10.1181
sub-DSAR45M06616,11.2262
sub-DSAR45M06617,9.2925
sub-DSAR45M06618,11.6707
sub-DSAR45M06619,9.5295
sub-DSAR45M06620,13.3796
sub-DSAR45M06621,9.0061
sub-DSAR45M06622,9.5249
sub-DSAR45M06623,17.8665
sub-DSAR45M06624,11.979
sub-DSAR45M06625,10.89
sub-DSAR45M06626,12.7793
sub-DSAR45M06627,11.0823
sub-DSAR45M06628,10.901
sub-DSAR45M06629,12.3017
sub-DSAR45M06630,12.2764
sub-DSAR45M06631,11.9756
sub-DSAR45M06632,7.312
sub-DSAR45M06633,14.1938
sub-DSAR45M06634,11.3677
sub-DSAR45M06635,10.3151
sub-DSAR45M06636,
sub-DSAR45M06637,9.2279
sub-DSAR45M06638,9.1698
sub-DSAR45M06639,12.0591
sub-DSAR45M06640,
sub-DSAR45M06641,13.0508
sub-DSAR45M06642,18.8737
sub-DSAR45M06643,16.6804
sub-DSAR45M06644,8.4475
sub-DSAR45M06645,9.7761
sub-DSAR45M06646,11.4686
sub-DSAR45M06647,12.7847
sub-DSAR45M06648,9.6437
sub-DSAR45M06649,11.7854
sub-DSAR45M06650,13.2447
sub-DSAR45M06651,8.2861
sub-DSAR45M06652,12.2563
sub-DSAR45M06653,17.6142
sub-DSAR45M06654,11.7538
sub-DSAR45M06655,17.0166
sub-DSAR45M06656,10.5566
sub-DSAR45M06657,14.5657
sub-DSAR45M06658,12.3595
sub-DSAR45M06659,18.5368
sub-DSAR45M06660,6.6653
sub-DSAR45M06661,10.9452
sub-DSAR45M06662,14.0262
sub-DSAR45M06663,13.0193
sub-DSAR45M06664,15.9863
sub-DSAR45M06665,10.3207
sub-DSAR45M06666,14.8365
sub-DSAR45M06667,13.7639
sub-DSAR45M06668,16.854
sub-DSAR45M06669,7.0648
sub-DSAR45M06670,13.6307
sub-DSAR45M06671,10.8396
sub-DSAR45M06672,10.1225
sub-DSAR45M06673,13.8008
sub-DSAR45M06674,13.7251
sub-DSAR45M06675,
sub-DSAR45M06676,14.4516
sub-DSAR45M06677,10.7256
sub-DSAR45M06678,8.9589
sub-DSAR45M06679,13.8568
sub-DSAR45M06680,6.8574
sub-DSAR45M06681,12.7514
sub-DSAR45M06682,15.8297
sub-DSAR45M06683,21.053
sub-DSAR45M06684,13.1675
sub-DSAR45M06685,16.5962
sub-DSAR45M06686,9.0221
sub-DSAR45M06687,7.4355
sub-DSAR45M06688,14.8374
sub-DSAR45M06689,13.0856
sub-DSAR45M06690,15.9824
sub-DSAR45M06691,13.5214
sub-DSAR45M06692,13.4604
sub-DSAR45M06693,6.6135
sub-DSAR45M06694,14.2512
sub-DSAR45M06695,7.5686
sub-DSAR45M06696,8.8649
sub-DSAR45M06697,13.2765
sub-DSAR45M06698,11.6173
sub-DSAR45M06699,11.3089
sub-DSAR45M06700,12.5794
sub-DSAR45M06701,16.9403
sub-DSAR45M06702,19.3398
sub-DSAR45M06703,13.8326
sub-DSAR45M06704,
sub-DSAR45M06705,10.5932
sub-DSAR45M06706,11.6209
sub-DSAR45M06707,14.3504
sub-DSAR45M06708,6.3725
sub-DSAR45M06709,15.5505
sub-DSAR45M06710,18.3579
sub-DSAR45M06711,10.9857
sub-DSAR45M06712,4.3323
sub-DSAR45M06713,11.2011
sub-DSAR45M06714,12.5389
sub-DSAR45M06715,14.3444
sub-DSAR45M06716,13.7355
sub-DSAR45M06717,13.6887
sub-DSAR45M06718,7.0304
sub-DSAR45M06719,14.0257
sub-DSAR45M06720,15.7522
sub-DSAR45M06721,9.4472
sub-DSAR45M06722,13.5238
sub-DSAR45M06723,
sub-DSAR45M06724,15.5567
sub-DSAR45M06725,14.3403
sub-DSAR45M06726,13.2669
sub-DSAR45M06727,13.6992
sub-DSAR45M06728,4.1624
sub-DSAR45M06729,10.4572
sub-DSAR45M06730,17.4349
sub-DSAR45M06731,10.1039
sub-DSAR45M06732,7.804
sub-DSAR45M06733,15.7299
sub-DSAR45M06734,7.1034
sub-DSAR45M06735,13.6194
sub-DSAR45M06736,16.4065
sub-DSAR45M06737,11.079
sub-DSAR45M06738,11.3548
sub-DSAR45M06739,16.7459
sub-DSAR45M06740,11.3827
sub-DSAR45M06741,20.6871
sub-DSAR45M06742,9.7611
sub-DSAR45M06743,6.4892
sub-DSAR45M06744,10.2995
sub-DSAR45M06745,12.8204
sub-DSAR45M06746,14.719
sub-DSAR45M06747,10.589
sub-DSAR45M06748,12.0828
sub-DSAR45M06749,12.6623
sub-DSAR45M06750,13.6332
sub-DSAR45M06751,12.6834
sub-DSAR45M06752,13.2729
sub-DSAR45M06753,11.3775
sub-DSAR45M06754,13.9694
sub-DSAR45M06755,14.3543
sub-DSAR45M06756,13.6393
sub-DSAR45M06757,15.0966
sub-DSAR45M06758,14.8241
sub-DSAR45M06759,21.3372
sub-DSAR45M06760,13.3227
sub-DSAR45M06761,9.2636
sub-DSAR45M06762,11.4642
sub-DSAR45M06763,15.0679
sub-DSAR45M06764,19.3298
sub-DSAR45M06765,18.1167
sub-DSAR45M06766,10.9428
sub-DSAR45M06767,10.3574
sub-DSAR45M06768,13.086
sub-DSAR45M06769,8.1605
sub-DSAR45M06770,11.9198
sub-DSAR45M06771,
sub-DSAR45M06772,10.4597
sub-DSAR45M06773,13.1476
sub-DSAR45M06774,17.9338
sub-DSAR45M06775,8.9332
sub-DSAR45M06776,14.0029
sub-DSAR45M06777,11.2623
sub-DSAR45M06778,9.4157
sub-DSAR45M06779,10.0327
sub-DSAR45M06780,8.0561
sub-DSAR45M06781,15.3756
sub-DSAR45M06782,13.5696
sub-DSAR45M06783,15.6788
sub-DSAR45M06784,9.4913
sub-DSAR45M06785,17.6087
sub-DSAR45M06786,11.3192
sub-DSAR45M06787,15.211
sub-DSAR45M06788,11.5013
sub-DSAR45M06789,7.5787
sub-DSAR45M06790,8.2119
sub-DSAR45M06791,16.0148
sub-DSAR45M06792,10.4364
sub-DSAR45M06793,12.4338
sub-DSAR45M06794,11.082
sub-DSAR45M06795,10.1078
sub-DSAR45M06796,13.1238
sub-DSAR45M06797,15.0197
sub-DSAR45M06798,11.3966
sub-DSAR45M06799,12.4985
sub-DSAR45M06800,11.8033
sub-DSAR45M06801,9.703
sub-DSAR45M06802,10.5269
sub-DSAR45M06803,14.4455
sub-DSAR45M06804,11.9603
sub-DSAR45M06805,12.238
sub-DSAR45M06806,11.4796
sub-DSAR45M06807,17.432
sub-DSAR45M06808,12.2207
sub-DSAR45M06809,17.3628
sub-DSAR45M06810,13.2588
sub-DSAR45M06811,14.3403
sub-DSAR45M06812,13.8465
sub-DSAR45M06813,12.4416
sub-DSAR45M06814,13.8676
sub-DSAR45M06815,6.9187
sub-DSAR45M06816,15.8754
sub-DSAR45M06817,15.0618
sub-DSAR45M06818,10.7505
sub-DSAR45M06819,10.498
sub-DSAR45M06820,10.7232
sub-DSAR45M06821,15.7354
sub-DSAR45M06822,16.6537
sub-DSAR45M06823,14.8486
sub-DSAR45M06824,13.959
sub-DSAR45M06825,12.2759
sub-DSAR45M06826,7.6557
sub-DSAR45M06827,8.2799
sub-DSAR45M06828,15.3927
sub-DSAR45M06829,11.49
sub-DSAR45M06830,14.2866
sub-DSAR45M06831,
sub-DSAR45M06832,15.0443
sub-DSAR45M06833,14.6472
sub-DSAR45M06834,14.7031
sub-DSAR45M06835,15.3695
sub-DSAR45M06836,15.04
sub-DSAR45M06837,16.3033
sub-DSAR45M06838,8.3424
sub-DSAR45M06839,10.6096
sub-DSAR45M06840,8.4789
sub-DSAR45M06841,17.3661
sub-DSAR45M06842,12.4562
sub-DSAR45M06843,13.644
sub-DSAR45M06844,8.8224
sub-DSAR45M06845,12.7956
sub-DSAR45M06846,16.0191
sub-DSAR45M06847,13.4946
sub-DSAR45M06848,
sub-DSAR45M06849,8.6867
sub-DSAR45M06850,15.7261
sub-DSAR45M06851,8.5127
sub-DSAR45M06852,10.8962
sub-DSAR45M06853,16.0017
sub-DSAR45M06854,8.0955
sub-DSAR45M06855,14.043
sub-DSAR45M06856,17.7505
sub-DSAR45M06857,11.5982
sub-DSAR45M06858,10.4683
sub-DSAR45M06859,11.2679
sub-DSAR45M06860,13.9227
sub-DSAR45M06861,16.8225
sub-DSAR45M06862,11.3993
sub-DSAR45M06863,14.1948
sub-DSAR45M06864,13.1366
sub-DSAR45M06865,17.4461
sub-DSAR45M06866,14.9018
sub-DSAR45M06867,12.2127
sub-DSAR45M06868,9.895
sub-DSAR45M06869,14.1343
sub-DSAR45M06870,11.7893
sub-DSAR45M06871,12.3799
sub-DSAR45M06872,8.9153
sub-DSAR45M06873,9.6476
sub-DSAR45M06874,14.0468
sub-DSAR45M06875,14.8727
sub-DSAR45M06876,11.7191
sub-DSAR45M06877,15.6452
sub-DSAR45M06878,10.5093
sub-DSAR45M06879,13.5147
sub-DSAR45M06880,13.6159
sub-DSAR45M06881,12.0698
sub-DSAR45M06882,15.0538
sub-DSAR45M06883,12.5706
sub-DSAR45M06884,7.9197
sub-DSAR45M06885,10.8106
sub-DSAR45M06886,13.6652
sub-DSAR45M06887,16.5625
sub-DSAR45M06888,13.5584
sub-DSAR45M06889,15.8233
sub-DSAR45M06890,9.9585
sub-DSAR45M06891,9.7699
sub-DSAR45M06892,16.9472
sub-DSAR45M06893,7.495
sub-DSAR45M06894,14.6621
sub-DSAR45M06895,12.2107
sub-DSAR45M06896,11.2033
sub-DSAR45M06897,12.5198
sub-DSAR45M06898,12.8431
sub-DSAR45M06899,12.7432
sub-DSAR45M06900,15.8814
sub-DSAR45M06901,13.2813
sub-DSAR45M06902,11.7702
sub-DSAR45M06903,9.6655
sub-DSAR45M06904,18.0631
sub-DSAR45M06905,11.385
sub-DSAR45M06906,9.4877
sub-DSAR45M06907,11.7613
sub-DSAR45M06908,11.9663
sub-DSAR45M06909,8.0041
sub-DSAR45M06910,8.0548
sub-DSAR45M06911,11.0975
sub-DSAR45M06912,15.3765
sub-DSAR45M06913,10.2251
sub-DSAR45M06914,11.5116
sub-DSAR45M06915,14.117
sub-DSAR45M06916,9.5642
sub-DSAR45M06917,9.6212
sub-DSAR45M06918,13.5024
sub-DSAR45M06919,15.8533
sub-DSAR45M06920,16.2443
sub-DSAR45M06921,17.3959
sub-DSAR45M06922,11.7004
sub-DSAR45M06923,15.2031
sub-DSAR45M06924,11.1043
sub-DSAR45M06925,11.2784
sub-DSAR45M06926,10.9973
sub-DSAR45M06927,13.8291
sub-DSAR45M06928,14.8991
sub-DSAR45M06929,13.0795
sub-DSAR45M06930,13.6519
sub-DSAR45M06931,12.9435
sub-DSAR45M06932,16.4835
sub-DSAR45M06933,13.1143
sub-DSAR45M06934,16.7298
sub-DSAR45M06935,11.3419
sub-DSAR45M06936,15.3171
sub-DSAR45M06937,15.1249
sub-DSAR45M06938,15.1011
sub-DSAR45M06939,
sub-DSAR45M06940,9.1823
sub-DSAR45M06941,16.6822
sub-DSAR45M06942,10.1903
sub-DSAR45M06943,10.7337
sub-DSAR45M06944,12.4668
sub-DSAR45M06945,7.7258
sub-DSAR45M06946,11.0304
sub-DSAR45M06947,12.2249
sub-DSAR45M06948,
sub-DSAR45M06949,15.1423
sub-DSAR45M06950,12.7244
sub-DSAR45M06951,13.1816
sub-DSAR45M06952,9.2207
sub-DSAR45M06953,11.575
sub-DSAR45M06954,10.2069
sub-DSAR45M06955,12.2934
sub-DSAR45M06956,11.9542
sub-DSAR45M06957,12.6296
sub-DSAR45M06958,11.0273
sub-DSAR45M06959,14.8087
sub-DSAR45M06960,10.2284
sub-DSAR45M06961,9.0855
sub-DSAR45M06962,17.5471
sub-DSAR45M06963,12.0558
sub-DSAR45M06964,13.3569
sub-DSAR45M06965,15.1205
sub-DSAR45M06966,10.9719
sub-DSAR45M06967,13.7692
sub-DSAR45M06968,15.0236
sub-DSAR45M06969,14.2748
sub-DSAR45M06970,11.5509
sub-DSAR45M06971,9.6119
sub-DSAR45M06972,16.5162
sub-DSAR45M06973,7.5787
sub-DSAR45M06974,7.7363
sub-DSAR45M06975,15.247
sub-DSAR45M06976,15.2298
sub-DSAR45M06977,13.4785
sub-DSAR45M06978,17.441
sub-DSAR45M06979,11.0997
sub-DSAR45M06980,10.7897
sub-DSAR45M06981,10.2916
sub-DSAR45M06982,17.3763
sub-DSAR45M06983,13.9916
sub-DSAR45M06984,12.5815
sub-DSAR45M06985,6.3624
sub-DSAR45M06986,15.7341
sub-DSAR45M06987,7.5358
sub-DSAR45M06988,14.7859
sub-DSAR45M06989,9.8174
sub-DSAR45M06990,11.3583
sub-DSAR45M06991,12.0748
sub-DSAR45M06992,15.8875
sub-DSAR45M06993,12.9428
sub-DSAR45M06994,8.9334
sub-DSAR45M06995,18.2638
sub-DSAR45M06996,13.2952
sub-DSAR45M06997,14.1101
sub-DSAR45M06998,13.3565
sub-DSAR45M06999,13.6909
sub-DSAR45M07000,17.4872
sub-DSAR45M07001,11.0543
sub-DSAR45M07002,14.8465
sub-DSAR45M07003,9.3675
sub-DSAR45M07004,10.3054
sub-DSAR45M07005,
sub-DSAR45M07006,13.9534
sub-DSAR45M07007,11.5753
sub-DSAR45M07008,14.4487
sub-DSAR45M07009,9.9071
sub-DSAR45M07010,
sub-DSAR45M07011,8.1968
sub-DSAR45M07012,16.9325
sub-DSAR45M07013,9.6504
sub-DSAR45M07014,16.4977
sub-DSAR45M07015,
sub-DSAR45M07016,6.4176
sub-DSAR45M07017,8.1555
sub-DSAR45M07018,7.57
sub-DSAR45M07019,8.662
sub-DSAR45M07020,7.0146
sub-DSAR45M07021,14.988
sub-DSAR45M07022,11.2808
sub-DSAR45M07023,10.1675
sub-DSAR45M07024,9.5278
sub-DSAR45M07025,12.3232
sub-DSAR45M07026,
sub-DSAR45M07027,12.8632
sub-DSAR45M07028,9.5172
sub-DSAR45M07029,12.1369
sub-DSAR45M07030,9.3119
sub-DSAR45M07031,14.6644
sub-DSAR45M07032,12.6299
sub-DSAR45M07033,15.9746
sub-DSAR45M07034,10.0219
sub-DSAR45M07035,17.6535
sub-DSAR45M07036,18.3924
sub-DSAR45M07037,17.0282
sub-DSAR45M07038,8.5563
sub-DSAR45M07039,10.9191
sub-DSAR45M07040,12.135
sub-DSAR45M07041,16.3505
sub-DSAR45M07042,15.2945
sub-DSAR45M07043,12.7853
sub-DSAR45M07044,8.7296
sub-DSAR45M07045,14.7505
sub-DSAR45M07046,15.5035
sub-DSAR45M07047,16.3483
sub-DSAR45M07048,13.1022
sub-DSAR45M07049,17.8297
sub-DSAR45M07050,13.5314
sub-DSAR45M07051,7.8348
sub-DSAR45M07052,11.6633
sub-DSAR45M07053,14.7306
sub-DSAR45M07054,15.9327
sub-DSAR45M07055,10.1084
sub-DSAR45M07056,14.0602
sub-DSAR45M07057,15.4859
sub-DSAR45M07058,9.4042
sub-DSAR45M07059,9.3192
sub-DSAR45M07060,8.0646
sub-DSAR45M07061,12.2265
sub-DSAR45M07062,13.5569
sub-DSAR45M07063,8.6009
sub-DSAR45M07064,11.766
sub-DSAR45M07065,
sub-DSAR45M07066,14.2905
sub-DSAR45M07067,12.9759
sub-DSAR45M07068,11.0971
sub-DSAR45M07069,10.5566
sub-DSAR45M07070,10.511
sub-DSAR45M07071,15.1723
sub-DSAR45M07072,11.4923
sub-DSAR45M07073,10.4551
sub-DSAR45M07074,13.8865
sub-DSAR45M07075,11.8852
sub-DSAR45M07076,7.9866
sub-DSAR45M07077,10.6392
sub-DSAR45M07078,7.9715
sub-DSAR45M07079,8.4327
sub-DSAR45M07080,13.8152
sub-DSAR45M07081,14.9093
sub-DSAR45M07082,10.6271
sub-DSAR45M07083,13.9486
sub-DSAR45M07084,10.7332
sub-DSAR45M07085,16.9889
sub-DSAR45M07086,11.1626
sub-DSAR45M07087,12.085
sub-DSAR45M07088,10.361
sub-DSAR45M07089,12.1322
sub-DSAR45M07090,12.5895
sub-DSAR45M07091,15.5331
sub-DSAR45M07092,12.0793
sub-DSAR45M07093,14.8833
sub-DSAR45M07094,16.2624
sub-DSAR45M07095,10.3956
sub-DSAR45M07096,16.6438
sub-DSAR45M07097,15.6385
sub-DSAR45M07098,10.2049
sub-DSAR45M07099,12.2991
sub-DSAR45M07100,13.5238
sub-DSAR45M07101,9.0871
sub-DSAR45M07102,9.8152
sub-DSAR45M07103,13.3836
sub-DSAR45M07104,12.7345
sub-DSAR45M07105,9.9137
sub-DSAR45M07106,15.9732
sub-DSAR45M07107,12.5068
sub-DSAR45M07108,13.9011
sub-DSAR45M07109,13.0485
sub-DSAR45M07110,13.6944
sub-DSAR45M07111,12.8719
sub-DSAR45M07112,
sub-DSAR45M07113,14.3895
sub-DSAR45M07114,13.5314
sub-DSAR45M07115,10.8067
sub-DSAR45M07116,16.8931
sub-DSAR45M07117,9.9392
sub-DSAR45M07118,9.6889
sub-DSAR45M07119,14.0482
sub-DSAR45M07120,11.6582
sub-DSAR45M07121,5.8763
sub-DSAR45M07122,12.5474
sub-DSAR45M07123,16.2885
sub-DSAR45M07124,10.6456
sub-DSAR45M07125,8.8193
sub-DSAR45M07126,7.1075
sub-DSAR45M07127,12.7674
sub-DSAR45M07128,14.4873
sub-DSAR45M07129,6.9491
sub-DSAR45M07130,17.3565
sub-DSAR45M07131,13.1587
sub-DSAR45M07132,11.1621
sub-DSAR45M07133,18.2616
sub-DSAR45M07134,17.6171
sub-DSAR45M07135,13.3435
sub-DSAR45M07136,13.4945
sub-DSAR45M07137,8.0148
sub-DSAR45M07138,14.345
sub-DSAR45M07139,14.7364
sub-DSAR45M07140,10.2864
sub-DSAR45M07141,8.1773
sub-DSAR45M07142,11.4068
sub-DSAR45M07143,12.2517
sub-DSAR45M07144,8.053
sub-DSAR45M07145,10.1623
sub-DSAR45M07146,17.2327
sub-DSAR45M07147,12.7034
sub-DSAR45M07148,12.0231
sub-DSAR45M07149,13.7424
sub-DSAR45M07150,11.2691
sub-DSAR45M07151,6.0581
sub-DSAR45M07152,13.2296
sub-DSAR45M07153,16.2332
sub-DSAR45M07154,14.2988
sub-DSAR45M07155,9.7323
sub-DSAR45M07156,14.8329
sub-DSAR45M07157,9.9215
sub-DSAR45M07158,11.6162
sub-DSAR45M07159,8.6142
sub-DSAR45M07160,12.9502
sub-DSAR45M07161,10.7561
sub-DSAR45M07162,9.5293
sub-DSAR45M07163,14.6664
sub-DSAR45M07164,10.3038
sub-DSAR45M07165,14.1246
sub-DSAR45M07166,9.5353
sub-DSAR45M07167,13.4324
sub-DSAR45M07168,13.3008
sub-DSAR45M07169,15.3836
sub-DSAR45M07170,11.2932
sub-DSAR45M07171,13.8082
sub-DSAR45M07172,9.831
sub-DSAR45M07173,
sub-DSAR45M07174,11.3884
sub-DSAR45M07175,14.4402
sub-DSAR45M07176,14.1102
sub-DSAR45M07177,8.3777
sub-DSAR45M07178,8.8237
sub-DSAR45M07179,9.6017
sub-DSAR45M07180,12.2904
sub-DSAR45M07181,14.7189
sub-DSAR45M07182,15.298
sub-DSAR45M07183,12.4992
sub-DSAR45M07184,11.6349
sub-DSAR45M07185,5.4707
sub-DSAR45M07186,15.3628
sub-DSAR45M07187,8.2923
sub-DSAR45M07188,11.2432
sub-DSAR45M07189,16.5864
sub-DSAR45M07190,11.7506
sub-DSAR45M07191,11.828
sub-DSAR45M07192,13.9217
sub-DSAR45M07193,13.629
sub-DSAR45M07194,14.6409
sub-DSAR45M07195,11.5678
sub-DSAR45M07196,13.729
sub-DSAR45M07197,12.0868
sub-DSAR45M07198,10.438
sub-DSAR45M07199,12.9768
sub-DSAR45M07200,13.6699
sub-DSAR45M07201,6.3765
sub-DSAR45M07202,14.0698
sub-DSAR45M07203,9.3242
sub-DSAR45M07204,18.4236
sub-DSAR45M07205,9.4797
sub-DSAR45M07206,6.2236
sub-DSAR45M07207,7.752
sub-DSAR45M07208,8.2643
sub-DSAR45M07209,16.0636
sub-DSAR45M07210,10.8604
sub-DSAR45M07211,10.2385
sub-DSAR45M07212,14.2199
sub-DSAR45M07213,16.3304
sub-DSAR45M07214,15.0947
sub-DSAR45M07215,14.0574
sub-DSAR45M07216,12.3896
sub-DSAR45M07217,17.6331
sub-DSAR45M07218,7.5424
sub-DSAR45M07219,10.8224
sub-DSAR45M07220,13.16
sub-DSAR45M07221,14.8472
sub-DSAR45M07222,17.1095
sub-DSAR45M07223,14.6173
sub-DSAR45M07224,14.4689
sub-DSAR45M07225,14.663
sub-DSAR45M07226,15.8668
sub-DSAR45M07227,11.1545
sub-DSAR45M07228,11.9428
sub-DSAR45M07229,16.7244
sub-DSAR45M07230,12.7218
sub-DSAR45M07231,15.2073
sub-DSAR45M07232,15.4768
sub-DSAR45M07233,9.8126
sub-DSAR45M07234,15.3358
sub-DSAR45M07235,10.1765
sub-DSAR45M07236,12.3955
sub-DSAR45M07237,13.9794
sub-DSAR45M07238,10.5168
sub-DSAR45M07239,15.9324
sub-DSAR45M07240,8.5483
sub-DSAR45M07241,12.978
sub-DSAR45M07242,7.7523
sub-DSAR45M07243,8.8001
sub-DSAR45M07244,11.6012
sub-DSAR45M07245,16.42
sub-DSAR45M07246,17.3523
sub-DSAR45M07247,15.8964
sub-DSAR45M07248,19.2354
sub-DSAR45M07249,16.0379
sub-DSAR45M07250,14.122
sub-DSAR45M07251,10.6286
sub-DSAR45M07252,16.0811
sub-DSAR45M07253,15.1257
sub-DSAR45M07254,14.0701
sub-DSAR45M07255,15.6953
sub-DSAR45M07256,15.4492
sub-DSAR45M07257,9.7299
sub-DSAR45M07258,10.9158
sub-DSAR45M07259,11.992
sub-DSAR45M07260,9.5069
sub-DSAR45M07261,15.0648
sub-DSAR45M07262,13.6972
sub-DSAR45M07263,16.6769
sub-DSAR45M07264,10.2509
sub-DSAR45M07265,12.7461
sub-DSAR45M07266,9.4947
sub-DSAR45M07267,11.0143
sub-DSAR45M07268,14.4009
sub-DSAR45M07269,8.5346
sub-DSAR45M07270,11.6347
sub-DSAR45M07271,16.2336
sub-DSAR45M07272,14.0157
sub-DSAR45M07273,19.6236
sub-DSAR45M07274,16.3597
sub-DSAR45M07275,12.5032
sub-DSAR45M07276,10.671
sub-DSAR45M07277,19.8696
sub-DSAR45M07278,10.3417
sub-DSAR45M07279,13.7518
sub-DSAR45M07280,15.236
sub-DSAR45M07281,
sub-DSAR45M07282,15.5492
sub-DSAR45M07283,9.7421
sub-DSAR45M07284,
sub-DSAR45M07285,13.0165
sub-DSAR45M07286,10.2208
sub-DSAR45M07287,10.4269
sub-DSAR45M07288,12.6524
sub-DSAR45M07289,15.6372
sub-DSAR45M07290,9.583
sub-DSAR45M07291,11.7044
sub-DSAR45M07292,8.9267
sub-DSAR45M07293,7.3752
sub-DSAR45M07294,9.2341
sub-DSAR45M07295,14.0171
sub-DSAR45M07296,13.4964
sub-DSAR45M07297,14.6899
sub-DSAR45M07298,8.5778
sub-DSAR45M07299,14.7695
sub-DSAR45M07300,11.6744
sub-DSAR45M07301,8.3053
sub-DSAR45M07302,12.8152
sub-DSAR45M07303,13.2012
sub-DSAR45M07304,13.8706
sub-DSAR45M07305,9.9628
sub-DSAR45M07306,16.045
sub-DSAR45M07307,12.7494
sub-DSAR45M07308,17.9012
sub-DSAR45M07309,11.0155
sub-DSAR45M07310,9.0816
sub-DSAR45M07311,9.3447
sub-DSAR45M07312,15.6297
sub-DSAR45M07313,12.0168
sub-DSAR45M07314,13.3054
sub-DSAR45M07315,16.8239
sub-DSAR45M07316,8.0637
sub-DSAR45M07317,12.9789
sub-DSAR45M07318,13.8085
sub-DSAR45M07319,12.5723
sub-DSAR45M07320,10.6633
sub-DSAR45M07321,12.5094
sub-DSAR45M07322,12.2567
sub-DSAR45M07323,9.3652
sub-DSAR45M07324,8.1458
sub-DSAR45M07325,10.7347
sub-DSAR45M07326,18.2601
sub-DSAR45M07327,10.4357
sub-DSAR45M07328,9.683
sub-DSAR45M07329,13.1975
sub-DSAR45M07330,12.178
sub-DSAR45M07331,12.5729
sub-DSAR45M07332,14.2726
sub-DSAR45M07333,15.3426
sub-DSAR45M07334,14.449
sub-DSAR45M07335,12.4795
sub-DSAR45M07336,11.5313
sub-DSAR45M07337,21.6944
sub-DSAR45M07338,16.7162
sub-DSAR45M07339,8.0491
sub-DSAR45M07340,11.6624
sub-DSAR45M07341,13.7061
sub-DSAR45M07342,15.7589
sub-DSAR45M07343,14.7881
sub-DSAR45M07344,9.2572
sub-DSAR45M07345,9.5368
sub-DSAR45M07346,
sub-DSAR45M07347,8.576
sub-DSAR45M07348,10.9263
sub-DSAR45M07349,13.0072
sub-DSAR45M07350,14.7601
sub-DSAR45M07351,16.016
sub-DSAR45M07352,17.6675
sub-DSAR45M07353,16.6913
sub-DSAR45M07354,11.9646
sub-DSAR45M07355,16.8721
sub-DSAR45M07356,14.749
sub-DSAR45M07357,10.1816
sub-DSAR45M07358,16.6333
sub-DSAR45M07359,11.2784
sub-DSAR45M07360,11.3615
sub-DSAR45M07361,15.6552
sub-DSAR45M07362,23.2432
sub-DSAR45M07363,16.232
sub-DSAR45M07364,7.8432
sub-DSAR45M07365,15.6869
sub-DSAR45M07366,12.5548
sub-DSAR45M07367,12.5248
sub-DSAR45M07368,14.5031
sub-DSAR45M07369,11.707
sub-DSAR45M07370,11.0693
sub-DSAR45M07371,7.0426
sub-DSAR45M07372,11.2008
sub-DSAR45M07373,15.2791
sub-DSAR45M07374,12.0871
sub-DSAR45M07375,14.9565
sub-DSAR45M07376,11.8041
sub-DSAR45M07377,11.6344
sub-DSAR45M07378,14.8475
sub-DSAR45M07379,21.7527
sub-DSAR45M07380,16.7762
sub-DSAR45M07381,13.2796
sub-DSAR45M07382,
sub-DSAR45M07383,12.2275
sub-DSAR45M07384,11.6691
sub-DSAR45M07385,13.1656
sub-DSAR45M07386,14.5689
sub-DSAR45M07387,12.164
sub-DSAR45M07388,15.0668
sub-DSAR45M07389,15.158
sub-DSAR45M07390,10.316
sub-DSAR45M07391,10.5574
sub-DSAR45M07392,8.6095
sub-DSAR45M07393,15.0916
sub-DSAR45M07394,15.4306
sub-DSAR45M07395,11.3448
sub-DSAR45M07396,13.4495
sub-DSAR45M07397,15.758
sub-DSAR45M07398,21.3152
sub-DSAR45M07399,14.2421
sub-DSAR45M07400,14.1956
sub-DSAR45M07401,14.0041
sub-DSAR45M07402,12.75
sub-DSAR45M07403,8.8776
sub-DSAR45M07404,14.4051
sub-DSAR45M07405,12.4725
sub-DSAR45M07406,10.2927
sub-DSAR45M07407,14.9956
sub-DSAR45M07408,13.9755
sub-DSAR45M07409,9.7246
sub-DSAR45M07410,7.789
sub-DSAR45M07411,18.7579
sub-DSAR45M07412,9.8048
sub-DSAR45M07413,9.0307
sub-DSAR45M07414,12.3226
sub-DSAR45M07415,13.706
sub-DSAR45M07416,9.3111
sub-DSAR45M07417,12.7527
sub-DSAR45M07418,4.3333
sub-DSAR45M07419,9.053
sub-DSAR45M07420,15.4819
sub-DSAR45M07421,17.6001
sub-DSAR45M07422,11.2528
sub-DSAR45M07423,18.8199
sub-DSAR45M07424,12.2756
sub-DSAR45M07425,12.3937
sub-DSAR45M07426,13.0106
sub-DSAR45M07427,13.2259
sub-DSAR45M07428,14.8254
sub-DSAR45M07429,14.8438
sub-DSAR45M07430,12.0173
sub-DSAR45M07431,14.7026
sub-DSAR45M07432,20.1653
sub-DSAR45M07433,11.5108
sub-DSAR45M07434,11.9612
sub-DSAR45M07435,10.217
sub-DSAR45M07436,10.4264
sub-DSAR45M07437,13.0992
sub-DSAR45M07438,9.6002
sub-DSAR45M07439,10.4514
sub-DSAR45M07440,15.2331
sub-DSAR45M07441,14.7733
sub-DSAR45M07442,13.1379
sub-DSAR45M07443,17.5847
sub-DSAR45M07444,11.0951
sub-DSAR45M07445,14.2028
sub-DSAR45M07446,9.6669
sub-DSAR45M07447,9.6489
sub-DSAR45M07448,
sub-DSAR45M07449,11.9222
sub-DSAR45M07450,12.0279
sub-DSAR45M07451,16.0341
sub-DSAR45M07452,11.092
sub-DSAR45M07453,15.4966
sub-DSAR45M07454,8.602
sub-DSAR45M07455,14.0698
sub-DSAR45M07456,8.5004
sub-DSAR45M07457,10.705
sub-DSAR45M07458,13.7831
sub-DSAR45M07459,10.8978
sub-DSAR45M07460,11.2282
sub-DSAR45M07461,17.8806
sub-DSAR45M07462,13.1922
sub-DSAR45M07463,10.3108
sub-DSAR45M07464,15.4197
sub-DSAR45M07465,11.996
sub-DSAR45M07466,13.0597
sub-DSAR45M07467,10.8975
sub-DSAR45M07468,10.8981
sub-DSAR45M07469,16.379
sub-DSAR45M07470,12.6485
sub-DSAR45M07471,14.6721
sub-DSAR45M07472,12.4277
sub-DSAR45M07473,13.1238
sub-DSAR45M07474,13.5098
sub-DSAR45M07475,15.2913
sub-DSAR45M07476,13.7288
sub-DSAR45M07477,13.1859
sub-DSAR45M07478,10.6502
sub-DSAR45M07479,13.4684
sub-DSAR45M07480,9.9609
sub-DSAR45M07481,6.6598
sub-DSAR45M07482,8.3158
sub-DSAR45M07483,10.7373
sub-DSAR45M07484,14.0394
sub-DSAR45M07485,11.3838
sub-DSAR45M07486,12.7367
sub-DSAR45M07487,15.7544
sub-DSAR45M07488,
sub-DSAR45M07489,9.2444
sub-DSAR45M07490,11.5603
sub-DSAR45M07491,11.5488
sub-DSAR45M07492,12.7826
sub-DSAR45M07493,12.438
sub-DSAR45M07494,6.0269
sub-DSAR45M07495,10.9589
sub-DSAR45M07496,16.0938
sub-DSAR45M07497,9.2287
sub-DSAR45M07498,12.2002
sub-DSAR45M07499,17.5806
sub-DSAR45M07500,9.9594
sub-DSAR45M07501,9.2522
sub-DSAR45M07502,10.6335
sub-DSAR45M07503,11.2759
sub-DSAR45M07504,10.8544
sub-DSAR45M07505,11.5798
sub-DSAR45M07506,7.1603
sub-DSAR45M07507,11.2634
sub-DSAR45M07508,14.631
sub-DSAR45M07509,12.684
sub-DSAR45M07510,7.4953
sub-DSAR45M07511,15.6515
sub-DSAR45M07512,15.0634
sub-DSAR45M07513,10.8728
sub-DSAR45M07514,9.2661
sub-DSAR45M07515,14.8546
sub-DSAR45M07516,8.1177
sub-DSAR45M07517,15.5126
sub-DSAR45M07518,9.1805
sub-DSAR45M07519,10.483
sub-DSAR45M07520,17.8628
sub-DSAR45M07521,13.5824
sub-DSAR45M07522,14.4237
sub-DSAR45M07523,12.8287
sub-DSAR45M07524,7.7331
sub-DSAR45M07525,8.5733
sub-DSAR45M07526,11.7691
sub-DSAR45M07527,15.99
sub-DSAR45M07528,10.2434
sub-DSAR45M07529,13.2309
sub-DSAR45M07530,13.9889
sub-DSAR45M07531,14.8023
sub-DSAR45M07532,11.9989
sub-DSAR45M07533,19.0543
sub-DSAR45M07534,13.6955
sub-DSAR45M07535,13.6384
sub-DSAR45M07536,12.9403
sub-DSAR45M07537,13.7731
sub-DSAR45M07538,11.328
sub-DSAR45M07539,6.735
sub-DSAR45M07540,11.813
sub-DSAR45M07541,14.3977
sub-DSAR45M07542,8.6419
sub-DSAR45M07543,9.4829
sub-DSAR45M07544,15.1841
sub-DSAR45M07545,9.8904
sub-DSAR45M07546,12.6489
sub-DSAR45M07547,8.3741
sub-DSAR45M07548,13.7197
sub-DSAR45M07549,8.8948
sub-DSAR45M07550,15.8887
sub-DSAR45M07551,13.92
sub-DSAR45M07552,10.1331
sub-DSAR45M07553,3.9259
sub-DSAR45M07554,10.1256
sub-DSAR45M07555,11.6909
sub-DSAR45M07556,15.0239
sub-DSAR45M07557,13.4228
sub-DSAR45M07558,16.5871
sub-DSAR45M07559,13.8524
sub-DSAR45M07560,13.8843
sub-DSAR45M07561,11.4493
sub-DSAR45M07562,13.2333
sub-DSAR45M07563,10.7726
sub-DSAR45M07564,15.7903
sub-DSAR45M07565,11.0375
sub-DSAR45M07566,11.9104
sub-DSAR45M07567,12.146
sub-DSAR45M07568,14.9184
sub-DSAR45M07569,5.6799
sub-DSAR45M07570,10.5215
sub-DSAR45M07571,6.8685
sub-DSAR45M07572,9.1667
sub-DSAR45M07573,18.5625
sub-DSAR45M07574,13.0552
sub-DSAR45M07575,9.4325
sub-DSAR45M07576,17.1775
sub-DSAR45M07577,7.3008
sub-DSAR45M07578,13.747
sub-DSAR45M07579,11.8452
sub-DSAR45M07580,7.8673
sub-DSAR45M07581,8.8831
sub-DSAR45M07582,9.2755
sub-DSAR45M07583,12.0736
sub-DSAR45M07584,11.1093
sub-DSAR45M07585,11.9759
sub-DSAR45M07586,12.2037
sub-DSAR45M07587,8.9802
sub-DSAR45M07588,14.7856
sub-DSAR45M07589,5.9398
sub-DSAR45M07590,14.952
sub-DSAR45M07591,13.9837
sub-DSAR45M07592,8.9961
sub-DSAR45M07593,8.5303
sub-DSAR45M07594,15.9738
sub-DSAR45M07595,5.9068
sub-DSAR45M07596,14.3469
sub-DSAR45M07597,16.7464
sub-DSAR45M07598,9.3339
sub-DSAR45M07599,12.3942
sub-DSAR45M07600,12.206
sub-DSAR45M07601,10.2115
sub-DSAR45M07602,17.1855
sub-DSAR45M07603,8.0418
sub-DSAR45M07604,13.8909
sub-DSAR45M07605,15.2349
sub-DSAR45M07606,8.4983
sub-DSAR45M07607,9.9235
sub-DSAR45M07608,9.1411
sub-DSAR45M07609,13.9227
sub-DSAR45M07610,10.4595
sub-DSAR45M07611,13.3251
sub-DSAR45M07612,11.7561
sub-DSAR45M07613,13.9162
sub-DSAR45M07614,15.7546
sub-DSAR45M07615,10.0795
sub-DSAR45M07616,13.5724
sub-DSAR45M07617,11.8928
sub-DSAR45M07618,10.9102
sub-DSAR45M07619,13.6451
sub-DSAR45M07620,15.2081
sub-DSAR45M07621,9.4556
sub-DSAR45M07622,10.0197
sub-DSAR45M07623,15.6148
sub-DSAR45M07624,12.6131
sub-DSAR45M07625,15.3812
sub-DSAR45M07626,11.1598
sub-DSAR45M07627,14.0887
sub-DSAR45M07628,15.2116
sub-DSAR45M07629,14.7744
sub-DSAR45M07630,17.2167
sub-DSAR45M07631,12.0498
sub-DSAR45M07632,9.1525
sub-DSAR45M07633,16.9093
sub-DSAR45M07634,17.3776
sub-DSAR45M07635,17.2269
sub-DSAR45M07636,13.8558
sub-DSAR45M07637,18.5864
sub-DSAR45M07638,13.319
sub-DSAR45M07639,9.6699
sub-DSAR45M07640,6.8747
sub-DSAR45M07641,13.7259
sub-DSAR45M07642,17.9415
sub-DSAR45M07643,9.6673
sub-DSAR45M07644,10.2506
sub-DSAR45M07645,11.859
sub-DSAR45M07646,11.196
sub-DSAR45M07647,10.4058
sub-DSAR45M07648,9.142
sub-DSAR45M07649,13.0676
sub-DSAR45M07650,10.2309
sub-DSAR45M07651,12.2711
sub-DSAR45M07652,15.7948
sub-DSAR45M07653,16.2965
sub-DSAR45M07654,13.9475
sub-DSAR45M07655,12.3567
sub-DSAR45M07656,11.2606
sub-DSAR45M07657,15.3147
sub-DSAR45M07658,9.8731
sub-DSAR45M07659,11.7358
sub-DSAR45M07660,17.992
sub-DSAR45M07661,9.167
sub-DSAR45M07662,8.0977
sub-DSAR45M07663,14.8779
sub-DSAR45M07664,21.106
sub-DSAR45M07665,6.0775
sub-DSAR45M07666,17.5579
sub-DSAR45M07667,11.8923
sub-DSAR45M07668,14.4865
sub-DSAR45M07669,13.3049
sub-DSAR45M07670,3.9879
sub-DSAR45M07671,11.1253
sub-DSAR45M07672,10.7901
sub-DSAR45M07673,17.3448
sub-DSAR45M07674,9.4424
sub-DSAR45M07675,13.363
sub-DSAR45M07676,12.8972
sub-DSAR45M07677,13.7993
sub-DSAR45M07678,13.8147
sub-DSAR45M07679,15.2176
sub-DSAR45M07680,12.4897
sub-DSAR45M07681,9.3633
sub-DSAR45M07682,15.6759
sub-DSAR45M07683,8.6409
sub-DSAR45M07684,11.2953
sub-DSAR45M07685,8.4383
sub-DSAR45M07686,10.2443
sub-DSAR45M07687,4.6279
sub-DSAR45M07688,12.6905
sub-DSAR45M07689,11.2679
sub-DSAR45M07690,12.2507
sub-DSAR45M07691,9.9695
sub-DSAR45M07692,13.7447
sub-DSAR45M07693,12.7606
sub-DSAR45M07694,6.7362
sub-DSAR45M07695,16.6729
sub-DSAR45M07696,11.8707
sub-DSAR45M07697,9.9732
sub-DSAR45M07698,11.5631
sub-DSAR45M07699,9.0242
sub-DSAR45M07700,10.9438
sub-DSAR45M07701,9.2353
sub-DSAR45M07702,17.819
sub-DSAR45M07703,14.2955
sub-DSAR45M07704,10.4744
sub-DSAR45M07705,12.2077
sub-DSAR45M07706,18.6008
sub-DSAR45M07707,12.1264
sub-DSAR45M07708,10.5827
sub-DSAR45M07709,13.1566
sub-DSAR45M07710,13.4937
sub-DSAR45M07711,3.577
sub-DSAR45M07712,13.5101
sub-DSAR45M07713,15.3142
sub-DSAR45M07714,12.3111
sub-DSAR45M07715,16.017
sub-DSAR45M07716,8.185
sub-DSAR45M07717,8.2027
sub-DSAR45M07718,11.8233
sub-DSAR45M07719,9.2231
sub-DSAR45M07720,10.6427
sub-DSAR45M07721,8.2205
sub-DSAR45M07722,16.3609
sub-DSAR45M07723,16.2986
sub-DSAR45M07724,15.681
sub-DSAR45M07725,12.5741
sub-DSAR45M07726,13.0051
sub-DSAR45M07727,12.8491
sub-DSAR45M07728,10.2454
sub-DSAR45M07729,9.3581
sub-DSAR45M07730,17.7524
sub-DSAR45M07731,14.6227
sub-DSAR45M07732,11.4791
sub-DSAR45M07733,6.4739
sub-DSAR45M07734,14.6588
sub-DSAR45M07735,16.7536
sub-DSAR45M07736,9.4531
sub-DSAR45M07737,
sub-DSAR45M07738,15.2119
sub-DSAR45M07739,15.8909
sub-DSAR45M07740,13.0607
sub-DSAR45M07741,12.7121
sub-DSAR45M07742,14.5025
sub-DSAR45M07743,12.2541
sub-DSAR45M07744,13.9528
sub-DSAR45M07745,9.3232
sub-DSAR45M07746,13.1543
sub-DSAR45M07747,10.9821
sub-DSAR45M07748,9.7547
sub-DSAR45M07749,16.8963
sub-DSAR45M07750,13.5559
sub-DSAR45M07751,16.5271
sub-DSAR45M07752,8.159
sub-DSAR45M07753,15.5541
sub-DSAR45M07754,7.5303
sub-DSAR45M07755,11.7646
sub-DSAR45M07756,8.8867
sub-DSAR45M07757,8.6906
sub-DSAR45M07758,11.4849
sub-DSAR45M07759,16.0806
sub-DSAR45M07760,16.0078
sub-DSAR45M07761,10.7083
sub-DSAR45M07762,7.1091
sub-DSAR45M07763,13.8508
sub-DSAR45M07764,11.5606
sub-DSAR45M07765,14.1956
sub-DSAR45M07766,13.9293
sub-DSAR45M07767,11.5559
sub-DSAR45M07768,20.9345
sub-DSAR45M07769,17.4654
sub-DSAR45M07770,14.4159
sub-DSAR45M07771,9.7349
sub-DSAR45M07772,6.5379
sub-DSAR45M07773,13.3784
sub-DSAR45M07774,19.1287
sub-DSAR45M07775,11.4291
sub-DSAR45M07776,
sub-DSAR45M07777,10.0797
sub-DSAR45M07778,12.5028
sub-DSAR45M07779,14.1124
sub-DSAR45M07780,10.4858
sub-DSAR45M07781,12.1552
sub-DSAR45M07782,14.4144
sub-DSAR45M07783,15.4267
sub-DSAR45M07784,9.4744
sub-DSAR45M07785,12.3532
sub-DSAR45M07786,12.5046
sub-DSAR45M07787,14.2878
sub-DSAR45M07788,14.7618
sub-DSAR45M07789,13.8521
sub-DSAR45M07790,10.8549
sub-DSAR45M07791,14.9898
sub-DSAR45M07792,6.4085
sub-DSAR45M07793,17.9269
sub-DSAR45M07794,12.4278
sub-DSAR45M07795,9.9683
sub-DSAR45M07796,13.8716
sub-DSAR45M07797,12.911
sub-DSAR45M07798,8.477
sub-DSAR45M07799,16.0329
sub-DSAR45M07800,15.0468
sub-DSAR45M07801,16.2432
sub-DSAR45M07802,12.4767
sub-DSAR45M07803,12.2194
sub-DSAR45M07804,14.7699
sub-DSAR45M07805,6.3768
sub-DSAR45M07806,16.6132
sub-DSAR45M07807,12.8225
sub-DSAR45M07808,11.0549
sub-DSAR45M07809,13.4397
sub-DSAR45M07810,21.0129
sub-DSAR45M07811,7.4297
sub-DSAR45M07812,14.2348
sub-DSAR45M07813,11.7695
sub-DSAR45M07814,10.7722
sub-DSAR45M07815,17.5328
sub-DSAR45M07816,10.5007
sub-DSAR45M07817,13.5317
sub-DSAR45M07818,12.8083
sub-DSAR45M07819,13.6727
sub-DSAR45M07820,10.3053
sub-DSAR45M07821,9.7752
sub-DSAR45M07822,15.6809
sub-DSAR45M07823,15.2325
sub-DSAR45M07824,11.3032
sub-DSAR45M07825,12.6911
sub-DSAR45M07826,9.1146
sub-DSAR45M07827,15.018
sub-DSAR45M07828,12.3061
sub-DSAR45M07829,14.9657
sub-DSAR45M07830,11.5948
sub-DSAR45M07831,11.9402
sub-DSAR45M07832,12.5908
sub-DSAR45M07833,20.4617
sub-DSAR45M07834,14.4273
sub-DSAR45M07835,11.5884
sub-DSAR45M07836,11.7419
sub-DSAR45M07837,10.9133
sub-DSAR45M07838,12.4233
sub-DSAR45M07839,8.2549
sub-DSAR45M07840,19.8836
sub-DSAR45M07841,11.3556
sub-DSAR45M07842,14.0442
sub-DSAR45M07843,13.1254
sub-DSAR45M07844,13.6684
sub-DSAR45M07845,10.9112
sub-DSAR45M07846,12.9131
sub-DSAR45M07847,16.7238
sub-DSAR45M07848,13.4307
sub-DSAR45M07849,13.0714
sub-DSAR45M07850,11.9559
sub-DSAR45M07851,11.7551
sub-DSAR45M07852,11.1159
sub-DSAR45M07853,8.8995
sub-DSAR45M07854,10.7548
sub-DSAR45M07855,5.4778
sub-DSAR45M07856,13.1711
sub-DSAR45M07857,16.4308
sub-DSAR45M07858,14.5816
sub-DSAR45M07859,4.4618
sub-DSAR45M07860,7.2156
sub-DSAR45M07861,12.3559
sub-DSAR45M07862,14.4261
sub-DSAR45M07863,12.636
sub-DSAR45M07864,11.9614
sub-DSAR45M07865,12.4694
sub-DSAR45M07866,14.2969
sub-DSAR45M07867,10.7868
sub-DSAR45M07868,12.2504
sub-DSAR45M07869,15.2334
sub-DSAR45M07870,17.4093
sub-DSAR45M07871,9.0756
sub-DSAR45M07872,15.2936
sub-DSAR45M07873,14.4405
sub-DSAR45M07874,8.9354
sub-DSAR45M07875,15.8762
sub-DSAR45M07876,12.6277
sub-DSAR45M07877,12.122
sub-DSAR45M07878,11.4619
sub-DSAR45M07879,10.7
sub-DSAR45M07880,7.1589
sub-DSAR45M07881,15.0054
sub-DSAR45M07882,8.7742
sub-DSAR45M07883,16.5506
sub-DSAR45M07884,14.0403
sub-DSAR45M07885,15.527
sub-DSAR45M07886,16.8279
sub-DSAR45M07887,17.0992
sub-DSAR45M07888,13.2967
sub-DSAR45M07889,15.3087
sub-DSAR45M07890,19.3708
sub-DSAR45M07891,13.8767
sub-DSAR45M07892,11.2104
sub-DSAR45M07893,9.4806
sub-DSAR45M07894,15.4913
sub-DSAR45M07895,
sub-DSAR45M07896,15.8738
sub-DSAR45M07897,13.6829
sub-DSAR45M07898,15.1365
sub-DSAR45M07899,18.357
sub-DSAR45M07900,10.2265
sub-DSAR45M07901,13.128
sub-DSAR45M07902,10.8592
sub-DSAR45M07903,6.688
sub-DSAR45M07904,12.9362
sub-DSAR45M07905,16.149
sub-DSAR45M07906,9.7216
sub-DSAR45M07907,19.0459
sub-DSAR45M07908,16.0554
sub-DSAR45M07909,10.8065
sub-DSAR45M07910,12.6025
sub-DSAR45M07911,10.7324
sub-DSAR45M07912,11.2706
sub-DSAR45M07913,16.9678
sub-DSAR45M07914,14.4394
sub-DSAR45M07915,11.8821
sub-DSAR45M07916,9.3747
sub-DSAR45M07917,11.3568
sub-DSAR45M07918,15.4063
sub-DSAR45M07919,6.0269
sub-DSAR45M07920,12.9261
sub-DSAR45M07921,13.613
sub-DSAR45M07922,10.7023
sub-DSAR45M07923,9.3826
sub-DSAR45M07924,12.8122
sub-DSAR45M07925,7.982
sub-DSAR45M07926,9.5421
sub-DSAR45M07927,
sub-DSAR45M07928,13.0776
sub-DSAR45M07929,14.9013
sub-DSAR45M07930,7.8265
sub-DSAR45M07931,21.8805
sub-DSAR45M07932,
sub-DSAR45M07933,8.2328
sub-DSAR45M07934,15.5331
sub-DSAR45M07935,14.4706
sub-DSAR45M07936,13.5445
sub-DSAR45M07937,11.2842
sub-DSAR45M07938,18.3193
sub-DSAR45M07939,16.1351
sub-DSAR45M07940,13.3468
sub-DSAR45M07941,15.4384
sub-DSAR45M07942,
sub-DSAR45M07943,15.1227
sub-DSAR45M07944,14.4975
sub-DSAR45M07945,11.6391
sub-DSAR45M07946,16.4561
sub-DSAR45M07947,16.0713
sub-DSAR45M07948,13.6065
sub-DSAR45M07949,13.514
sub-DSAR45M07950,14.345
sub-DSAR45M07951,16.1086
sub-DSAR45M07952,11.0244
sub-DSAR45M07953,13.8121
sub-DSAR45M07954,14.1814
sub-DSAR45M07955,12.9753
sub-DSAR45M07956,15.7324
sub-DSAR45M07957,13.6824
sub-DSAR45M07958,13.5178
sub-DSAR45M07959,9.8882
sub-DSAR45M07960,7.7931
sub-DSAR45M07961,14.9377
sub-DSAR45M07962,12.4825
sub-DSAR45M07963,18.5766
sub-DSAR45M07964,5.8137
sub-DSAR45M07965,11.1824
sub-DSAR45M07966,8.6282
sub-DSAR45M07967,13.1202
sub-DSAR45M07968,14.5365
sub-DSAR45M07969,10.3754
sub-DSAR45M07970,12.2381
sub-DSAR45M07971,18.1481
sub-DSAR45M07972,15.8111
sub-DSAR45M07973,9.4646
sub-DSAR45M07974,11.1879
sub-DSAR45M07975,15.9431
sub-DSAR45M07976,10.3312
sub-DSAR45M07977,13.3496
sub-DSAR45M07978,12.6227
sub-DSAR45M07979,12.1707
sub-DSAR45M07980,10.1872
sub-DSAR45M07981,14.0148
sub-DSAR45M07982,15.9234
sub-DSAR45M07983,11.5579
sub-DSAR45M07984,12.3919
sub-DSAR45M07985,8.5997
sub-DSAR45M07986,14.5806
sub-DSAR45M07987,15.1546
sub-DSAR45M07988,13.0032
sub-DSAR45M07989,10.2374
sub-DSAR45M07990,10.2163
sub-DSAR45M07991,12.7568
sub-DSAR45M07992,9.2698
sub-DSAR45M07993,17.7484
sub-DSAR45M07994,7.065
sub-DSAR45M07995,8.4339
sub-DSAR45M07996,15.9512
sub-DSAR45M07997,13.2701
sub-DSAR45M07998,14.4657
sub-DSAR45M07999,12.3906
sub-DSAR45M08000,11.7938
sub-DSAR45M08001,13.916
sub-DSAR45M08002,13.5969
sub-DSAR45M08003,11.5887
sub-DSAR45M08004,13.4142
sub-DSAR45M08005,14.0393
sub-DSAR45M08006,10.8429
sub-DSAR45M08007,14.4898
sub-DSAR45M08008,12.7959
sub-DSAR45M08009,7.0367
sub-DSAR45M08010,13.7881
sub-DSAR45M08011,13.2883
sub-DSAR45M08012,13.0415
sub-DSAR45M08013,9.4825
sub-DSAR45M08014,13.5075
sub-DSAR45M08015,7.1901
sub-DSAR45M08016,12.2121
sub-DSAR45M08017,13.8476
sub-DSAR45M08018,12.8963
sub-DSAR45M08019,13.1405
sub-DSAR45M08020,10.9293
sub-DSAR45M08021,11.7049
sub-DSAR45M08022,15.6541
sub-DSAR45M08023,7.9414
sub-DSAR45M08024,12.273
sub-DSAR45M08025,14.6252
sub-DSAR45M08026,
sub-DSAR45M08027,12.4
sub-DSAR45M08028,16.8182
sub-DSAR45M08029,11.6487
sub-DSAR45M08030,10.9807
sub-DSAR45M08031,11.1287
sub-DSAR45M08032,10.5997
sub-DSAR45M08033,
sub-DSAR45M08034,12.4009
sub-DSAR45M08035,
sub-DSAR45M08036,9.5533
sub-DSAR45M08037,10.1527
sub-DSAR45M08038,12.7677
sub-DSAR45M08039,16.1002
sub-DSAR45M08040,12.2333
sub-DSAR45M08041,15.2865
sub-DSAR45M08042,10.8468
sub-DSAR45M08043,8.466
sub-DSAR45M08044,11.2195
sub-DSAR45M08045,15.6316
sub-DSAR45M08046,11.3513
sub-DSAR45M08047,13.2462
sub-DSAR45M08048,11.3572
sub-DSAR45M08049,4.7794
sub-DSAR45M08050,4.1595
sub-DSAR45M08051,12.749
sub-DSAR45M08052,7.866
sub-DSAR45M08053,10.9287
sub-DSAR45M08054,13.949
sub-DSAR45M08055,12.0561
sub-DSAR45M08056,21.2957
sub-DSAR45M08057,
sub-DSAR45M08058,13.9133
sub-DSAR45M08059,11.2846
sub-DSAR45M08060,11.2878
sub-DSAR45M08061,14.9872
sub-DSAR45M08062,11.9184
sub-DSAR45M08063,7.5775
sub-DSAR45M08064,13.0091
sub-DSAR45M08065,12.2968
sub-DSAR45M08066,12.6449
sub-DSAR45M08067,10.5355
sub-DSAR45M08068,10.1468
sub-DSAR45M08069,14.254
sub-DSAR45M08070,5.1449
sub-DSAR45M08071,14.079
sub-DSAR45M08072,7.205
sub-DSAR45M08073,14.6396
sub-DSAR45M08074,18.1689
sub-DSAR45M08075,8.3323
sub-DSAR45M08076,13.5901
sub-DSAR45M08077,19.2891
sub-DSAR45M08078,13.0269
sub-DSAR45M08079,13.2279
sub-DSAR45M08080,15.7549
sub-DSAR45M08081,9.2664
sub-DSAR45M08082,10.3051
sub-DSAR45M08083,13.0405
sub-DSAR45M08084,15.6241
sub-DSAR45M08085,9.3562
sub-DSAR45M08086,9.1874
sub-DSAR45M08087,17.6698
sub-DSAR45M08088,8.8278
sub-DSAR45M08089,21.886
sub-DSAR45M08090,11.6518
sub-DSAR45M08091,12.6392
sub-DSAR45M08092,13.7288
sub-DSAR45M08093,10.2419
sub-DSAR45M08094,11.2565
sub-DSAR45M08095,15.4244
sub-DSAR45M08096,14.4302
sub-DSAR45M08097,11.1661
sub-DSAR45M08098,11.1512
sub-DSAR45M08099,10.7447
sub-DSAR45M08100,8.3959
sub-DSAR45M08101,16.4605
sub-DSAR45M08102,9.1192
sub-DSAR45M08103,10.665
sub-DSAR45M08104,7.9912
sub-DSAR45M08105,11.8366
sub-DSAR45M08106,9.1143
sub-DSAR45M08107,14.0586
sub-DSAR45M08108,17.0779
sub-DSAR45M08109,12.3942
sub-DSAR45M08110,10.3721
sub-DSAR45M08111,15.946
sub-DSAR45M08112,14.2323
sub-DSAR45M08113,12.3218
sub-DSAR45M08114,13.6391
sub-DSAR45M08115,12.4341
sub-DSAR45M08116,8.6465
sub-DSAR45M08117,9.0399
sub-DSAR45M08118,5.6787
sub-DSAR45M08119,14.2962
sub-DSAR45M08120,12.6776
sub-DSAR45M08121,15.1227
sub-DSAR45M08122,11.3365
sub-DSAR45M08123,13.8032
sub-DSAR45M08124,8.5816
sub-DSAR45M08125,15.0463
sub-DSAR45M08126,6.6778
sub-DSAR45M08127,10.0111
sub-DSAR45M08128,10.7443
sub-DSAR45M08129,18.8138
sub-DSAR45M08130,11.9463
sub-DSAR45M08131,14.2611
sub-DSAR45M08132,15.1438
sub-DSAR45M08133,13.0479
sub-DSAR45M08134,13.9402
sub-DSAR45M08135,7.3058
sub-DSAR45M08136,13.0299
sub-DSAR45M08137,14.4047
sub-DSAR45M08138,11.2603
sub-DSAR45M08139,
sub-DSAR45M08140,18.9788
sub-DSAR45M08141,13.1331
sub-DSAR45M08142,
sub-DSAR45M08143,
sub-DSAR45M08144,8.3349
sub-DSAR45M08145,11.0321
sub-DSAR45M08146,
sub-DSAR45M08147,12.0698
sub-DSAR45M08148,14.2356
sub-DSAR45M08149,15.8247
sub-DSAR45M08150,14.7937
sub-DSAR45M08151,13.0172
sub-DSAR45M08152,15.556
sub-DSAR45M08153,10.6426
sub-DSAR45M08154,7.0368
sub-DSAR45M08155,8.1112
sub-DSAR45M08156,7.9723
sub-DSAR45M08157,12.4664
sub-DSAR45M08158,12.4807
sub-DSAR45M08159,8.4762
sub-DSAR45M08160,12.0009
sub-DSAR45M08161,12.0147
sub-DSAR45M08162,9.7681
sub-DSAR45M08163,11.0072
sub-DSAR45M08164,14.9695
sub-DSAR45M08165,11.7232
sub-DSAR45M08166,12.79
sub-DSAR45M08167,14.1499
sub-DSAR45M08168,15.3583
sub-DSAR45M08169,14.4483
sub-DSAR45M08170,13.2316
sub-DSAR45M08171,12.0241
sub-DSAR45M08172,11.5317
sub-DSAR45M08173,13.8728
sub-DSAR45M08174,18.4763
sub-DSAR45M08175,10.1751
sub-DSAR45M08176,12.3186
sub-DSAR45M08177,8.5439
sub-DSAR45M08178,4.4287
sub-DSAR45M08179,15.0672
sub-DSAR45M08180,10.3693
sub-DSAR45M08181,12.0356
sub-DSAR45M08182,14.012
sub-DSAR45M08183,16.8693
sub-DSAR45M08184,10.7518
sub-DSAR45M08185,13.1339
sub-DSAR45M08186,7.3443
sub-DSAR45M08187,16.558
sub-DSAR45M08188,11.5183
sub-DSAR45M08189,10.2684
sub-DSAR45M08190,14.2327
sub-DSAR45M08191,11.8632
sub-DSAR45M08192,10.2911
sub-DSAR45M08193,14.8421
sub-DSAR45M08194,11.0418
sub-DSAR45M08195,12.4411
sub-DSAR45M08196,12.5433
sub-DSAR45M08197,13.3213
sub-DSAR45M08198,10.349
sub-DSAR45M08199,14.4801
sub-DSAR45M08200,17.3374
sub-DSAR45M08201,17.9358
sub-DSAR45M08202,10.6597
sub-DSAR45M08203,12.3739
sub-DSAR45M08204,15.9892
sub-DSAR45M08205,9.8074
sub-DSAR45M08206,14.9217
sub-DSAR45M08207,
sub-DSAR45M08208,14.1353
sub-DSAR45M08209,10.06
sub-DSAR45M08210,17.4104
sub-DSAR45M08211,10.4644
sub-DSAR45M08212,16.2063
sub-DSAR45M08213,13.7028
sub-DSAR45M08214,12.2293
sub-DSAR45M08215,11.6413
sub-DSAR45M08216,13.7333
sub-DSAR45M08217,13.749
sub-DSAR45M08218,7.9341
sub-DSAR45M08219,
sub-DSAR45M08220,13.8004
sub-DSAR45M08221,18.2197
sub-DSAR45M08222,16.9531
sub-DSAR45M08223,12.1961
sub-DSAR45M08224,13.73
sub-DSAR45M08225,15.5071
sub-DSAR45M08226,11.577
sub-DSAR45M08227,22.0184
sub-DSAR45M08228,13.2777
sub-DSAR45M08229,13.3774
sub-DSAR45M08230,11.5393
sub-DSAR45M08231,9.3371
sub-DSAR45M08232,9.8969
sub-DSAR45M08233,14.7385
sub-DSAR45M08234,13.0607
sub-DSAR45M08235,15.0458
sub-DSAR45M08236,13.498
sub-DSAR45M08237,11.3323
sub-DSAR45M08238,12.2171
sub-DSAR45M08239,16.5798
sub-DSAR45M08240,13.1561
sub-DSAR45M08241,14.0267
sub-DSAR45M08242,13.2077
sub-DSAR45M08243,11.9786
sub-DSAR45M08244,10.185
sub-DSAR45M08245,11.2596
sub-DSAR45M08246,11.8614
sub-DSAR45M08247,11.8197
sub-DSAR45M08248,7.3624
sub-DSAR45M08249,8.3671
sub-DSAR45M08250,9.2504
sub-DSAR45M08251,16.8922
sub-DSAR45M08252,7.0078
sub-DSAR45M08253,11.2098
sub-DSAR45M08254,16.946
sub-DSAR45M08255,12.1239
sub-DSAR45M08256,7.6582
sub-DSAR45M08257,11.1038
sub-DSAR45M08258,9.2959
sub-DSAR45M08259,15.4826
sub-DSAR45M08260,12.0492
sub-DSAR45M08261,12.7272
sub-DSAR45M08262,18.5328
sub-DSAR45M08263,11.006
sub-DSAR45M08264,
sub-DSAR45M08265,15.9311
sub-DSAR45M08266,10.0966
sub-DSAR45M08267,15.6577
sub-DSAR45M08268,13.5675
sub-DSAR45M08269,16.0665
sub-DSAR45M08270,14.1326
sub-DSAR45M08271,15.8508
sub-DSAR45M08272,10.3202
sub-DSAR45M08273,12.9105
sub-DSAR45M08274,14.611
sub-DSAR45M08275,
sub-DSAR45M08276,
sub-DSAR45M08277,15.1469
sub-DSAR45M08278,17.9722
sub-DSAR45M08279,10.4252
sub-DSAR45M08280,13.0573
sub-DSAR45M08281,16.0103
sub-DSAR45M08282,
sub-DSAR45M08283,10.7714
sub-DSAR45M08284,15.1811
sub-DSAR45M08285,14.6265
sub-DSAR45M08286,12.8334
sub-DSAR45M08287,12.7336
sub-DSAR45M08288,10.5359
sub-DSAR45M08289,11.3785
sub-DSAR45M08290,10.2849
sub-DSAR45M08291,12.7142
sub-DSAR45M08292,
sub-DSAR45M08293,13.0024
sub-DSAR45M08294,6.5695
sub-DSAR45M08295,11.5775
sub-DSAR45M08296,12.0535
sub-DSAR45M08297,11.9558
sub-DSAR45M08298,9.4237
sub-DSAR45M08299,16.3612
sub-DSAR45M08300,12.8513
sub-DSAR45M08301,13.7733
sub-DSAR45M08302,12.4935
sub-DSAR45M08303,8.1692
sub-DSAR45M08304,13.3279
sub-DSAR45M08305,13.3415
sub-DSAR45M08306,15.5005
sub-DSAR45M08307,14.4648
sub-DSAR45M08308,14.7282
sub-DSAR45M08309,8.6854
sub-DSAR45M08310,13.2059
sub-DSAR45M08311,9.1004
sub-DSAR45M08312,11.9789
sub-DSAR45M08313,10.8505
sub-DSAR45M08314,15.077
sub-DSAR45M08315,
sub-DSAR45M08316,8.4647
sub-DSAR45M08317,7.664
sub-DSAR45M08318,12.4073
sub-DSAR45M08319,12.8257
sub-DSAR45M08320,13.9831
sub-DSAR45M08321,11.2282
sub-DSAR45M08322,13.505
sub-DSAR45M08323,10.6873
sub-DSAR45M08324,7.4601
sub-DSAR45M08325,13.3282
sub-DSAR45M08326,9.1313
sub-DSAR45M08327,13.9914
sub-DSAR45M08328,12.726
sub-DSAR45M08329,3.8374
sub-DSAR45M08330,11.1757
sub-DSAR45M08331,13.3823
sub-DSAR45M08332,
sub-DSAR45M08333,14.0313
sub-DSAR45M08334,10.6801
sub-DSAR45M08335,12.7201
sub-DSAR45M08336,10.3349
sub-DSAR45M08337,14.7576
sub-DSAR45M08338,14.9592
sub-DSAR45M08339,11.3044
sub-DSAR45M08340,16.4605
sub-DSAR45M08341,9.0683
sub-DSAR45M08342,8.5585
sub-DSAR45M08343,12.1548
sub-DSAR45M08344,14.4628
sub-DSAR45M08345,9.0721
sub-DSAR45M08346,11.3819
sub-DSAR45M08347,9.1131
sub-DSAR45M08348,12.2175
sub-DSAR45M08349,14.0635
sub-DSAR45M08350,16.5431
sub-DSAR45M08351,12.5465
sub-DSAR45M08352,15.1546
sub-DSAR45M08353,17.4427
sub-DSAR45M08354,11.0405
sub-DSAR45M08355,16.9347
sub-DSAR45M08356,15.4417
sub-DSAR45M08357,14.4023
sub-DSAR45M08358,10.6356
sub-DSAR45M08359,13.7735
sub-DSAR45M08360,3.4908
sub-DSAR45M08361,13.1921
sub-DSAR45M08362,15.144
sub-DSAR45M08363,12.1234
sub-DSAR45M08364,7.4578
sub-DSAR45M08365,12.4066
sub-DSAR45M08366,16.4785
sub-DSAR45M08367,13.9185
sub-DSAR45M08368,15.0639
sub-DSAR45M08369,17.8882
sub-DSAR45M08370,8.3312
sub-DSAR45M08371,8.773
sub-DSAR45M08372,6.8044
sub-DSAR45M08373,11.3186
sub-DSAR45M08374,11.7954
sub-DSAR45M08375,13.9342
sub-DSAR45M08376,22.6436
sub-DSAR45M08377,16.5197
sub-DSAR45M08378,6.3376
sub-DSAR45M08379,
sub-DSAR45M08380,15.068
sub-DSAR45M08381,12.1494
sub-DSAR45M08382,15.5928
sub-DSAR45M08383,7.9077
sub-DSAR45M08384,11.4708
sub-DSAR45M08385,13.8556
sub-DSAR45M08386,15.1554
sub-DSAR45M08387,11.4258
sub-DSAR45M08388,15.8452
sub-DSAR45M08389,19.7151
sub-DSAR45M08390,17.0985
sub-DSAR45M08391,14.2908
sub-DSAR45M08392,16.1464
sub-DSAR45M08393,
sub-DSAR45M08394,10.8722
sub-DSAR45M08395,12.3806
sub-DSAR45M08396,12.9659
sub-DSAR45M08397,13.0511
sub-DSAR45M08398,11.6697
sub-DSAR45M08399,12.0994
sub-DSAR45M08400,11.739
sub-DSAR45M08401,9.3411
sub-DSAR45M08402,12.2641
sub-DSAR45M08403,12.3176
sub-DSAR45M08404,13.7436
sub-DSAR45M08405,17.6057
sub-DSAR45M08406,10.6922
sub-DSAR45M08407,9.277
sub-DSAR45M08408,8.7458
sub-DSAR45M08409,11.3029
sub-DSAR45M08410,16.5761
sub-DSAR45M08411,10.1443
sub-DSAR45M08412,10.7976
sub-DSAR45M08413,11.9194
sub-DSAR45M08414,14.583
sub-DSAR45M08415,
sub-DSAR45M08416,12.6285
sub-DSAR45M08417,6.3474
sub-DSAR45M08418,15.4419
sub-DSAR45M08419,16.1199
sub-DSAR45M08420,8.1457
sub-DSAR45M08421,10.9075
sub-DSAR45M08422,16.7001
sub-DSAR45M08423,10.3169
sub-DSAR45M08424,15.8847
sub-DSAR45M08425,11.4009
sub-DSAR45M08426,10.2753
sub-DSAR45M08427,12.4348
sub-DSAR45M08428,13.1567
sub-DSAR45M08429,8.7355
sub-DSAR45M08430,14.2645
sub-DSAR45M08431,9.1985
sub-DSAR45M08432,10.7221
sub-DSAR45M08433,14.2053
sub-DSAR45M08434,7.0751
sub-DSAR45M08435,16.2969
sub-DSAR45M08436,12.3186
sub-DSAR45M08437,8.9234
sub-DSAR45M08438,15.5607
sub-DSAR45M08439,11.9113
sub-DSAR45M08440,12.8072
sub-DSAR45M08441,12.3204
sub-DSAR45M08442,16.5361
sub-DSAR45M08443,9.0059
sub-DSAR45M08444,14.7964
sub-DSAR45M08445,12.6208
sub-DSAR45M08446,16.2521
sub-DSAR45M08447,9.8885
sub-DSAR45M08448,12.0189
sub-DSAR45M08449,11.468
sub-DSAR45M08450,12.5878
sub-DSAR45M08451,16.2332
sub-DSAR45M08452,16.0375
sub-DSAR45M08453,14.8421
sub-DSAR45M08454,12.9712
sub-DSAR45M08455,8.3349
sub-DSAR45M08456,12.9508
sub-DSAR45M08457,12.2045
sub-DSAR45M08458,
sub-DSAR45M08459,8.4002
sub-DSAR45M08460,16.7112
sub-DSAR45M08461,11.0965
sub-DSAR45M08462,14.534
sub-DSAR45M08463,13.9749
sub-DSAR45M08464,13.2358
sub-DSAR45M08465,7.9044
sub-DSAR45M08466,15.4795
sub-DSAR45M08467,14.195
sub-DSAR45M08468,15.4168
sub-DSAR45M08469,10.5972
sub-DSAR45M08470,17.2005
sub-DSAR45M08471,8.0371
sub-DSAR45M08472,16.1121
sub-DSAR45M08473,16.6045
sub-DSAR45M08474,15.3136
sub-DSAR45M08475,8.7235
sub-DSAR45M08476,12.9036
sub-DSAR45M08477,10.7401
sub-DSAR45M08478,12.8313
sub-DSAR45M08479,12.7084
sub-DSAR45M08480,10.4892
sub-DSAR45M08481,17.3235
sub-DSAR45M08482,9.2849
sub-DSAR45M08483,9.7662
sub-DSAR45M08484,7.5882
sub-DSAR45M08485,9.0012
sub-DSAR45M08486,9.4708
sub-DSAR45M08487,10.1271
sub-DSAR45M08488,15.074
sub-DSAR45M08489,11.5445
sub-DSAR45M08490,13.9207
sub-DSAR45M08491,15.0088
sub-DSAR45M08492,10.5427
sub-DSAR45M08493,10.1715
sub-DSAR45M08494,11.9974
sub-DSAR45M08495,13.9249
sub-DSAR45M08496,9.6596
sub-DSAR45M08497,11.6856
sub-DSAR45M08498,20.2916
sub-DSAR45M08499,14.0001
sub-DSAR45M08500,19.8521
sub-DSAR45M08501,11.3889
sub-DSAR45M08502,
sub-DSAR45M08503,12.79
sub-DSAR45M08504,14.4496
sub-DSAR45M08505,10.9763
sub-DSAR45M08506,14.15
sub-DSAR45M08507,14.0023
sub-DSAR45M08508,14.683
sub-DSAR45M08509,9.4359
sub-DSAR45M08510,13.3798
sub-DSAR45M08511,16.7725
sub-DSAR45M08512,17.1917
sub-DSAR45M08513,10.0503
sub-DSAR45M08514,8.8574
sub-DSAR45M08515,7.6064
sub-DSAR45M08516,13.0822
sub-DSAR45M08517,11.9811
sub-DSAR45M08518,14.9624
sub-DSAR45M08519,19.364
sub-DSAR45M08520,9.6996
sub-DSAR45M08521,12.3047
sub-DSAR45M08522,15.3419
sub-DSAR45M08523,7.1052
sub-DSAR45M08524,14.5101
sub-DSAR45M08525,9.4859
sub-DSAR45M08526,13.4641
sub-DSAR45M08527,10.6176
sub-DSAR45M08528,14.7531
sub-DSAR45M08529,15.0214
sub-DSAR45M08530,8.0256
sub-DSAR45M08531,19.7763
sub-DSAR45M08532,10.1166
sub-DSAR45M08533,10.775
sub-DSAR45M08534,12.7424
sub-DSAR45M08535,9.1121
sub-DSAR45M08536,14.1114
sub-DSAR45M08537,11.6573
sub-DSAR45M08538,11.8986
sub-DSAR45M08539,11.5229
sub-DSAR45M08540,12.6045
sub-DSAR45M08541,12.8996
sub-DSAR45M08542,11.4055
sub-DSAR45M08543,12.2757
sub-DSAR45M08544,15.8701
sub-DSAR45M08545,12.5845
sub-DSAR45M08546,16.438
sub-DSAR45M08547,15.4075
sub-DSAR45M08548,9.7894
sub-DSAR45M08549,7.3886
sub-DSAR45M08550,12.4637
sub-DSAR45M08551,11.8954
sub-DSAR45M08552,17.3448
sub-DSAR45M08553,
sub-DSAR45M08554,16.8065
sub-DSAR45M08555,7.3643
sub-DSAR45M08556,10.4564
sub-DSAR45M08557,16.618
sub-DSAR45M08558,15.7386
sub-DSAR45M08559,18.3832
sub-DSAR45M08560,10.3768
sub-DSAR45M08561,9.6035
sub-DSAR45M08562,9.0199
sub-DSAR45M08563,13.2798
sub-DSAR45M08564,12.5611
sub-DSAR45M08565,8.5781
sub-DSAR45M08566,4.4368
sub-DSAR45M08567,8.8139
sub-DSAR45M08568,14.9766
sub-DSAR45M08569,11.8101
sub-DSAR45M08570,9.1187
sub-DSAR45M08571,
sub-DSAR45M08572,
sub-DSAR45M08573,12.4306
sub-DSAR45M08574,17.2758
sub-DSAR45M08575,11.5016
sub-DSAR45M08576,14.2908
sub-DSAR45M08577,4.6398
sub-DSAR45M08578,14.963
sub-DSAR45M08579,17.7712
sub-DSAR45M08580,6.9957
sub-DSAR45M08581,8.9572
sub-DSAR45M08582,7.6001
sub-DSAR45M08583,15.718
sub-DSAR45M08584,10.5844
sub-DSAR45M08585,12.8549
sub-DSAR45M08586,11.3776
sub-DSAR45M08587,15.7302
sub-DSAR45M08588,9.6488
sub-DSAR45M08589,10.6711
sub-DSAR45M08590,14.1056
sub-DSAR45M08591,10.4182
sub-DSAR45M08592,12.9502
sub-DSAR45M08593,13.6007
sub-DSAR45M08594,12.0373
sub-DSAR45M08595,8.7463
sub-DSAR45M08596,9.0767
sub-DSAR45M08597,13.3267
sub-DSAR45M08598,11.423
sub-DSAR45M08599,10.2888
sub-DSAR45M08600,17.8818
sub-DSAR45M08601,11.216
sub-DSAR45M08602,12.9192
sub-DSAR45M08603,21.0061
sub-DSAR45M08604,12.5064
sub-DSAR45M08605,8.6306
sub-DSAR45M08606,11.1716
sub-DSAR45M08607,11.1741
sub-DSAR45M08608,12.5996
sub-DSAR45M08609,8.3554
sub-DSAR45M08610,12.5157
sub-DSAR45M08611,6.2085
sub-DSAR45M08612,11.865
sub-DSAR45M08613,11.8508
sub-DSAR45M08614,14.6869
sub-DSAR45M08615,11.3618
sub-DSAR45M08616,16.7654
sub-DSAR45M08617,9.1954
sub-DSAR45M08618,7.269
sub-DSAR45M08619,13.9739
sub-DSAR45M08620,13.6961
sub-DSAR45M08621,9.2051
sub-DSAR45M08622,5.6585
sub-DSAR45M08623,13.9393
sub-DSAR45M08624,15.4437
sub-DSAR45M08625,8.2876
sub-DSAR45M08626,10.6756
sub-DSAR45M08627,14.5293
sub-DSAR45M08628,14.7105
sub-DSAR45M08629,17.0523
sub-DSAR45M08630,20.3891
sub-DSAR45M08631,17.3737
sub-DSAR45M08632,15.9386
sub-DSAR45M08633,14.9565
sub-DSAR45M08634,13.8142
sub-DSAR45M08635,13.8535
sub-DSAR45M08636,18.8946
sub-DSAR45M08637,9.9944
sub-DSAR45M08638,13.2931
sub-DSAR45M08639,13.664
sub-DSAR45M08640,11.8535
sub-DSAR45M08641,11.2116
sub-DSAR45M08642,7.8772
sub-DSAR45M08643,13.6896
sub-DSAR45M08644,9.3212
sub-DSAR45M08645,12.1582
sub-DSAR45M08646,11.4213
sub-DSAR45M08647,8.9883
sub-DSAR45M08648,17.7627
sub-DSAR45M08649,
sub-DSAR45M08650,12.2553
sub-DSAR45M08651,7.2699
sub-DSAR45M08652,12.2477
sub-DSAR45M08653,13.218
sub-DSAR45M08654,11.8138
sub-DSAR45M08655,7.2401
sub-DSAR45M08656,11.1062
sub-DSAR45M08657,12.5472
sub-DSAR45M08658,11.2678
sub-DSAR45M08659,13.0698
sub-DSAR45M08660,11.1766
sub-DSAR45M08661,9.299
sub-DSAR45M08662,13.8265
sub-DSAR45M08663,9.3228
sub-DSAR45M08664,11.0608
sub-DSAR45M08665,9.134
sub-DSAR45M08666,16.4612
sub-DSAR45M08667,12.8924
sub-DSAR45M08668,9.669
sub-DSAR45M08669,14.6164
sub-DSAR45M08670,12.2809
sub-DSAR45M08671,9.1965
sub-DSAR45M08672,8.6397
sub-DSAR45M08673,9.8273
sub-DSAR45M08674,11.0955
sub-DSAR45M08675,12.7265
sub-DSAR45M08676,15.6385
sub-DSAR45M08677,12.2773
sub-DSAR45M08678,15.9899
sub-DSAR45M08679,9.5961
sub-DSAR45M08680,6.162
sub-DSAR45M08681,12.4926
sub-DSAR45M08682,15.0492
sub-DSAR45M08683,12.3864
sub-DSAR45M08684,12.5301
sub-DSAR45M08685,10.4801
sub-DSAR45M08686,12.9888
sub-DSAR45M08687,8.4843
sub-DSAR45M08688,12.3474
sub-DSAR45M08689,8.2225
sub-DSAR45M08690,11.6549
sub-DSAR45M08691,20.206
sub-DSAR45M08692,11.2574
sub-DSAR45M08693,14.5979
sub-DSAR45M08694,12.7962
sub-DSAR45M08695,13.6032
sub-DSAR45M08696,9.2881
sub-DSAR45M08697,14.2278
sub-DSAR45M08698,10.9749
sub-DSAR45M08699,12.8107
sub-DSAR45M08700,14.8862
sub-DSAR45M08701,17.4623
sub-DSAR45M08702,8.523
sub-DSAR45M08703,11.9562
sub-DSAR45M08704,18.0546
sub-DSAR45M08705,10.0401
sub-DSAR45M08706,14.7628
sub-DSAR45M08707,8.7659
sub-DSAR45M08708,10.4822
sub-DSAR45M08709,12.7186
sub-DSAR45M08710,
sub-DSAR45M08711,11.6901
sub-DSAR45M08712,15.7006
sub-DSAR45M08713,11.685
sub-DSAR45M08714,16.208
sub-DSAR45M08715,10.4514
sub-DSAR45M08716,11.5394
sub-DSAR45M08717,
sub-DSAR45M08718,8.7937
sub-DSAR45M08719,11.824
sub-DSAR45M08720,10.1795
sub-DSAR45M08721,11.6358
sub-DSAR45M08722,7.4318
sub-DSAR45M08723,12.8557
sub-DSAR45M08724,13.7146
sub-DSAR45M08725,17.3753
sub-DSAR45M08726,10.0492
sub-DSAR45M08727,15.7706
sub-DSAR45M08728,11.4118
sub-DSAR45M08729,8.4309
sub-DSAR45M08730,14.7974
sub-DSAR45M08731,6.2025
sub-DSAR45M08732,11.9751
sub-DSAR45M08733,12.1337
sub-DSAR45M08734,16.8507
sub-DSAR45M08735,12.1991
sub-DSAR45M08736,16.7212
sub-DSAR45M08737,13.2001
sub-DSAR45M08738,9.5916
sub-DSAR45M08739,8.8233
sub-DSAR45M08740,12.9271
sub-DSAR45M08741,16.3898
sub-DSAR45M08742,9.6135
sub-DSAR45M08743,9.7389
sub-DSAR45M08744,11.6656
sub-DSAR45M08745,11.8208
sub-DSAR45M08746,8.1962
sub-DSAR45M08747,12.7046
sub-DSAR45M08748,8.1285
sub-DSAR45M08749,14.1851
sub-DSAR45M08750,14.5955
sub-DSAR45M08751,16.805
sub-DSAR45M08752,10.3325
sub-DSAR45M08753,6.4813
sub-DSAR45M08754,15.4322
sub-DSAR45M08755,14.1124
sub-DSAR45M08756,9.2275
sub-DSAR45M08757,15.0737
sub-DSAR45M08758,9.1689
sub-DSAR45M08759,9.0945
sub-DSAR45M08760,20.195
sub-DSAR45M08761,14.8965
sub-DSAR45M08762,13.462
sub-DSAR45M08763,16.2093
sub-DSAR45M08764,14.2081
sub-DSAR45M08765,9.0079
sub-DSAR45M08766,15.8136
sub-DSAR45M08767,13.5762
sub-DSAR45M08768,11.1563
sub-DSAR45M08769,9.9091
sub-DSAR45M08770,13.1584
sub-DSAR45M08771,13.9088
sub-DSAR45M08772,17.7933
sub-DSAR45M08773,16.4776
sub-DSAR45M08774,13.0895
sub-DSAR45M08775,14.1829
sub-DSAR45M08776,7.1543
sub-DSAR45M08777,14.6277
sub-DSAR45M08778,8.6979
sub-DSAR45M08779,6.6186
sub-DSAR45M08780,18.4363
sub-DSAR45M08781,12.4962
sub-DSAR45M08782,17.7514
sub-DSAR45M08783,
sub-DSAR45M08784,11.729
sub-DSAR45M08785,9.9602
sub-DSAR45M08786,12.43
sub-DSAR45M08787,13.4413
sub-DSAR45M08788,9.7596
sub-DSAR45M08789,14.1391
sub-DSAR45M08790,15.914
sub-DSAR45M08791,9.1712
sub-DSAR45M08792,18.2304
sub-DSAR45M08793,17.0133
sub-DSAR45M08794,12.4752
sub-DSAR45M08795,12.2712
sub-DSAR45M08796,7.6922
sub-DSAR45M08797,10.053
sub-DSAR45M08798,14.7614
sub-DSAR45M08799,8.404
sub-DSAR45M08800,8.6843
sub-DSAR45M08801,10.2842
sub-DSAR45M08802,9.4751
sub-DSAR45M08803,12.6386
sub-DSAR45M08804,12.8882
sub-DSAR45M08805,11.1285
sub-DSAR45M08806,
sub-DSAR45M08807,12.7741
sub-DSAR45M08808,13.5442
sub-DSAR45M08809,11.8639
sub-DSAR45M08810,14.0381
sub-DSAR45M08811,11.6434
sub-DSAR45M08812,5.3283
sub-DSAR45M08813,
sub-DSAR45M08814,8.6591
sub-DSAR45M08815,12.467
sub-DSAR45M08816,12.6356
sub-DSAR45M08817,11.2708
sub-DSAR45M08818,12.052
sub-DSAR45M08819,5.2271
sub-DSAR45M08820,13.8164
sub-DSAR45M08821,7.8873
sub-DSAR45M08822,15.0463
sub-DSAR45M08823,14.5754
sub-DSAR45M08824,15.5479
sub-DSAR45M08825,10.225
sub-DSAR45M08826,11.7902
sub-DSAR45M08827,9.2427
sub-DSAR45M08828,14.0775
sub-DSAR45M08829,13.8765
sub-DSAR45M08830,9.6167
sub-DSAR45M08831,9.0749
sub-DSAR45M08832,10.7274
sub-DSAR45M08833,14.9775
sub-DSAR45M08834,17.6318
sub-DSAR45M08835,11.5166
sub-DSAR45M08836,13.2342
sub-DSAR45M08837,17.1714
sub-DSAR45M08838,13.4182
sub-DSAR45M08839,12.3883
sub-DSAR45M08840,16.0288
sub-DSAR45M08841,18.1686
sub-DSAR45M08842,14.8878
sub-DSAR45M08843,7.2952
sub-DSAR45M08844,12.1446
sub-DSAR45M08845,9.2932
sub-DSAR45M08846,8.7124
sub-DSAR45M08847,15.9745
sub-DSAR45M08848,4.3848
sub-DSAR45M08849,15.3377
sub-DSAR45M08850,8.0997
sub-DSAR45M08851,17.5818
sub-DSAR45M08852,14.6166
sub-DSAR45M08853,10.911
sub-DSAR45M08854,12.5774
sub-DSAR45M08855,9.034
sub-DSAR45M08856,14.033
sub-DSAR45M08857,15.7765
sub-DSAR45M08858,10.0653
sub-DSAR45M08859,12.9197
sub-DSAR45M08860,15.4442
sub-DSAR45M08861,8.1286
sub-DSAR45M08862,14.6415
sub-DSAR45M08863,10.6828
sub-DSAR45M08864,7.7185
sub-DSAR45M08865,10.0817
sub-DSAR45M08866,13.3455
sub-DSAR45M08867,10.2188
sub-DSAR45M08868,13.1776
sub-DSAR45M08869,11.7521
sub-DSAR45M08870,14.2412
sub-DSAR45M08871,14.6511
sub-DSAR45M08872,10.9575
sub-DSAR45M08873,13.4007
sub-DSAR45M08874,14.3122
sub-DSAR45M08875,14.4494
sub-DSAR45M08876,16.817
sub-DSAR45M08877,15.418
sub-DSAR45M08878,10.1324
sub-DSAR45M08879,11.746
sub-DSAR45M08880,14.9428
sub-DSAR45M08881,15.9495
sub-DSAR45M08882,10.5642
sub-DSAR45M08883,9.2555
sub-DSAR45M08884,7.2324
sub-DSAR45M08885,13.3667
sub-DSAR45M08886,14.973
sub-DSAR45M08887,19.3676
sub-DSAR45M08888,9.218
sub-DSAR45M08889,8.2376
sub-DSAR45M08890,11.0343
sub-DSAR45M08891,14.7734
sub-DSAR45M08892,11.2635
sub-DSAR45M08893,13.3062
sub-DSAR45M08894,11.9474
sub-DSAR45M08895,16.7307
sub-DSAR45M08896,13.1729
sub-DSAR45M08897,11.5683
sub-DSAR45M08898,16.7099
sub-DSAR45M08899,13.3256
sub-DSAR45M08900,16.5394
sub-DSAR45M08901,10.5596
sub-DSAR45M08902,13.3689
sub-DSAR45M08903,11.9494
sub-DSAR45M08904,10.0534
sub-DSAR45M08905,10.3223
sub-DSAR45M08906,13.207
sub-DSAR45M08907,16.7308
sub-DSAR45M08908,16.3021
sub-DSAR45M08909,12.8205
sub-DSAR45M08910,16.0902
sub-DSAR45M08911,14.1686
sub-DSAR45M08912,8.7167
sub-DSAR45M08913,11.2723
sub-DSAR45M08914,11.8582
sub-DSAR45M08915,15.0809
sub-DSAR45M08916,7.8304
sub-DSAR45M08917,14.8865
sub-DSAR45M08918,12.3821
sub-DSAR45M08919,7.7831
sub-DSAR45M08920,13.5641
sub-DSAR45M08921,11.6598
sub-DSAR45M08922,11.3662
sub-DSAR45M08923,10.5671
sub-DSAR45M08924,3.5369
sub-DSAR45M08925,12.208
sub-DSAR45M08926,11.9344
sub-DSAR45M08927,12.0638
sub-DSAR45M08928,15.0708
sub-DSAR45M08929,14.0388
sub-DSAR45M08930,12.1577
sub-DSAR45M08931,10.3747
sub-DSAR45M08932,14.2529
sub-DSAR45M08933,10.1612
sub-DSAR45M08934,13.6727
sub-DSAR45M08935,14.1433
sub-DSAR45M08936,12.6061
sub-DSAR45M08937,12.8921
sub-DSAR45M08938,17.766
sub-DSAR45M08939,13.0305
sub-DSAR45M08940,13.1856
sub-DSAR45M08941,9.5857
sub-DSAR45M08942,14.4745
sub-DSAR45M08943,11.2578
sub-DSAR45M08944,14.7896
sub-DSAR45M08945,9.8632
sub-DSAR45M08946,16.0461
sub-DSAR45M08947,5.9579
sub-DSAR45M08948,5.9816
sub-DSAR45M08949,16.3267
sub-DSAR45M08950,15.7382
sub-DSAR45M08951,17.8634
sub-DSAR45M08952,
sub-DSAR45M08953,8.9737
sub-DSAR45M08954,8.7661
sub-DSAR45M08955,8.7571
sub-DSAR45M08956,
sub-DSAR45M08957,10.999
sub-DSAR45M08958,13.7709
sub-DSAR45M08959,12.8495
sub-DSAR45M08960,8.5505
sub-DSAR45M08961,15.1297
sub-DSAR45M08962,16.3799
sub-DSAR45M08963,6.5018
sub-DSAR45M08964,7.0498
sub-DSAR45M08965,11.0268
sub-DSAR45M08966,7.9914
sub-DSAR45M08967,10.1439
sub-DSAR45M08968,11.6559
sub-DSAR45M08969,13.2023
sub-DSAR45M08970,14.9239
sub-DSAR45M08971,7.8218
sub-DSAR45M08972,11.8905
sub-DSAR45M08973,10.5956
sub-DSAR45M08974,11.7794
sub-DSAR45M08975,13.7932
sub-DSAR45M08976,10.6407
sub-DSAR45M08977,13.5102
sub-DSAR45M08978,11.7459
sub-DSAR45M08979,10.9256
sub-DSAR45M08980,11.0113
sub-DSAR45M08981,12.7265
sub-DSAR45M08982,15.2641
sub-DSAR45M08983,9.266
sub-DSAR45M08984,9.814
sub-DSAR45M08985,
sub-DSAR45M08986,14.3416
sub-DSAR45M08987,9.4606
sub-DSAR45M08988,14.8948
sub-DSAR45M08989,10.7153
sub-DSAR45M08990,17.1462
sub-DSAR45M08991,14.1297
sub-DSAR45M08992,10.3375
sub-DSAR45M08993,9.8666
sub-DSAR45M08994,18.9879
sub-DSAR45M08995,
sub-DSAR45M08996,9.4477
sub-DSAR45M08997,15.1899
sub-DSAR45M08998,7.0017
sub-DSAR45M08999,19.1916
sub-DSAR45M09000,15.2695
sub-DSAR45M09001,11.0586
sub-DSAR45M09002,10.9423
sub-DSAR45M09003,13.856
sub-DSAR45M09004,13.7
sub-DSAR45M09005,15.5177
sub-DSAR45M09006,13.4505
sub-DSAR45M09007,14.2586
sub-DSAR45M09008,11.0032
sub-DSAR45M09009,10.5561
sub-DSAR45M09010,12.3907
sub-DSAR45M09011,11.9415
sub-DSAR45M09012,14.5095
sub-DSAR45M09013,11.8132
sub-DSAR45M09014,14.8927
sub-DSAR45M09015,18.6159
sub-DSAR45M09016,15.9494
sub-DSAR45M09017,7.5288
sub-DSAR45M09018,11.5103
sub-DSAR45M09019,14.6277
sub-DSAR45M09020,12.7603
sub-DSAR45M09021,19.1723
sub-DSAR45M09022,7.3331
sub-DSAR45M09023,10.2849
sub-DSAR45M09024,11.7328
sub-DSAR45M09025,18.399
sub-DSAR45M09026,8.5032
sub-DSAR45M09027,13.8709
sub-DSAR45M09028,10.9589
sub-DSAR45M09029,14.7442
sub-DSAR45M09030,17.4355
sub-DSAR45M09031,11.6753
sub-DSAR45M09032,11.8456
sub-DSAR45M09033,10.0315
sub-DSAR45M09034,8.9409
sub-DSAR45M09035,18.8197
sub-DSAR45M09036,12.4941
sub-DSAR45M09037,14.2405
sub-DSAR45M09038,11.5909
sub-DSAR45M09039,
sub-DSAR45M09040,11.5118
sub-DSAR45M09041,12.2956
sub-DSAR45M09042,10.1347
sub-DSAR45M09043,11.5609
sub-DSAR45M09044,13.7651
sub-DSAR45M09045,15.0345
sub-DSAR45M09046,8.6521
sub-DSAR45M09047,10.127
sub-DSAR45M09048,13.6162
sub-DSAR45M09049,12.3936
sub-DSAR45M09050,10.456
sub-DSAR45M09051,15.6538
sub-DSAR45M09052,15.2585
sub-DSAR45M09053,13.025
sub-DSAR45M09054,17.8965
sub-DSAR45M09055,10.2454
sub-DSAR45M09056,11.1495
sub-DSAR45M09057,10.4826
sub-DSAR45M09058,9.6513
sub-DSAR45M09059,12.9445
sub-DSAR45M09060,5.1616
sub-DSAR45M09061,11.1495
sub-DSAR45M09062,10.038
sub-DSAR45M09063,15.8207
sub-DSAR45M09064,12.0699
sub-DSAR45M09065,16.8242
sub-DSAR45M09066,12.1907
sub-DSAR45M09067,8.0333
sub-DSAR45M09068,7.2308
sub-DSAR45M09069,16.9949
sub-DSAR45M09070,11.0703
sub-DSAR45M09071,14.738
sub-DSAR45M09072,15.773
sub-DSAR45M09073,14.5786
sub-DSAR45M09074,
sub-DSAR45M09075,10.5416
sub-DSAR45M09076,20.0654
sub-DSAR45M09077,16.8209
sub-DSAR45M09078,14.5381
sub-DSAR45M09079,10.8477
sub-DSAR45M09080,4.9664
sub-DSAR45M09081,18.2824
sub-DSAR45M09082,6.013
sub-DSAR45M09083,10.7761
sub-DSAR45M09084,
sub-DSAR45M09085,17.905
sub-DSAR45M09086,
sub-DSAR45M09087,16.57
sub-DSAR45M09088,11.2118
sub-DSAR45M09089,8.1391
sub-DSAR45M09090,15.4608
sub-DSAR45M09091,12.2403
sub-DSAR45M09092,16.7872
sub-DSAR45M09093,11.0972
sub-DSAR45M09094,20.04
sub-DSAR45M09095,12.8138
sub-DSAR45M09096,16.3349
sub-DSAR45M09097,14.42
sub-DSAR45M09098,11.6661
sub-DSAR45M09099,15.9732
sub-DSAR45M09100,11.64
sub-DSAR45M09101,13.5261
sub-DSAR45M09102,14.8367
sub-DSAR45M09103,18.2899
sub-DSAR45M09104,12.591
sub-DSAR45M09105,6.1844
sub-DSAR45M09106,12.3866
sub-DSAR45M09107,15.632
sub-DSAR45M09108,6.2478
sub-DSAR45M09109,11.5975
sub-DSAR45M09110,9.2301
sub-DSAR45M09111,17.8852
sub-DSAR45M09112,15.1484
sub-DSAR45M09113,10.8054
sub-DSAR45M09114,12.8966
sub-DSAR45M09115,7.5844
sub-DSAR45M09116,
sub-DSAR45M09117,12.0083
sub-DSAR45M09118,12.2258
sub-DSAR45M09119,16.0881
sub-DSAR45M09120,7.6587
sub-DSAR45M09121,9.3949
sub-DSAR45M09122,20.6148
sub-DSAR45M09123,13.999
sub-DSAR45M09124,10.4982
sub-DSAR45M09125,12.7552
sub-DSAR45M09126,7.3956
sub-DSAR45M09127,8.4559
sub-DSAR45M09128,13.5334
sub-DSAR45M09129,6.7792
sub-DSAR45M09130,18.4543
sub-DSAR45M09131,14.324
sub-DSAR45M09132,6.2628
sub-DSAR45M09133,17.145
sub-DSAR45M09134,16.9392
sub-DSAR45M09135,12.3842
sub-DSAR45M09136,16.566
sub-DSAR45M09137,20.831
sub-DSAR45M09138,14.099
sub-DSAR45M09139,17.8684
sub-DSAR45M09140,19.3857
sub-DSAR45M09141,13.3224
sub-DSAR45M09142,13.4987
sub-DSAR45M09143,13.2995
sub-DSAR45M09144,15.0042
sub-DSAR45M09145,12.0897
sub-DSAR45M09146,11.5433
sub-DSAR45M09147,11.4536
sub-DSAR45M09148,5.8149
sub-DSAR45M09149,16.4846
sub-DSAR45M09150,11.9039
sub-DSAR45M09151,10.1326
sub-DSAR45M09152,18.6007
sub-DSAR45M09153,12.3248
sub-DSAR45M09154,15.1031
sub-DSAR45M09155,10.6792
sub-DSAR45M09156,5.6072
sub-DSAR45M09157,13.4691
sub-DSAR45M09158,10.7415
sub-DSAR45M09159,13.217
sub-DSAR45M09160,9.9958
sub-DSAR45M09161,14.61
sub-DSAR45M09162,13.3293
sub-DSAR45M09163,15.2786
sub-DSAR45M09164,13.8796
sub-DSAR45M09165,15.7946
sub-DSAR45M09166,13.7076
sub-DSAR45M09167,11.0884
sub-DSAR45M09168,16.434
sub-DSAR45M09169,15.7514
sub-DSAR45M09170,17.2565
sub-DSAR45M09171,17.8149
sub-DSAR45M09172,15.7529
sub-DSAR45M09173,15.9756
sub-DSAR45M09174,9.8688
sub-DSAR45M09175,7.373
sub-DSAR45M09176,2.6018
sub-DSAR45M09177,10.4027
sub-DSAR45M09178,9.7912
sub-DSAR45M09179,12.2821
sub-DSAR45M09180,15.1681
sub-DSAR45M09181,10.6506
sub-DSAR45M09182,11.2603
sub-DSAR45M09183,13.2446
sub-DSAR45M09184,
sub-DSAR45M09185,11.7442
sub-DSAR45M09186,5.9161
sub-DSAR45M09187,17.2685
sub-DSAR45M09188,16.3905
sub-DSAR45M09189,12.0231
sub-DSAR45M09190,10.2923
sub-DSAR45M09191,15.7044
sub-DSAR45M09192,11.0034
sub-DSAR45M09193,15.2026
sub-DSAR45M09194,6.4521
sub-DSAR45M09195,17.8569
sub-DSAR45M09196,14.561
sub-DSAR45M09197,10.456
sub-DSAR45M09198,12.5681
sub-DSAR45M09199,12.7379
sub-DSAR45M09200,11.3153
sub-DSAR45M09201,18.0753
sub-DSAR45M09202,12.3751
sub-DSAR45M09203,10.457
sub-DSAR45M09204,9.339
sub-DSAR45M09205,9.0235
sub-DSAR45M09206,16.466
sub-DSAR45M09207,6.8957
sub-DSAR45M09208,12.9733
sub-DSAR45M09209,8.2969
sub-DSAR45M09210,14.4313
sub-DSAR45M09211,17.7226
sub-DSAR45M09212,14.584
sub-DSAR45M09213,11.2695
sub-DSAR45M09214,13.5098
sub-DSAR45M09215,10.5214
sub-DSAR45M09216,11.1707
sub-DSAR45M09217,7.2389
sub-DSAR45M09218,15.1287
sub-DSAR45M09219,6.8571
sub-DSAR45M09220,5.3456
sub-DSAR45M09221,11.2991
sub-DSAR45M09222,16.4254
sub-DSAR45M09223,7.9903
sub-DSAR45M09224,7.1414
sub-DSAR45M09225,13.4792
sub-DSAR45M09226,11.4948
sub-DSAR45M09227,11.6812
sub-DSAR45M09228,7.9668
sub-DSAR45M09229,8.7158
sub-DSAR45M09230,
sub-DSAR45M09231,10.8555
sub-DSAR45M09232,13.3043
sub-DSAR45M09233,17.3209
sub-DSAR45M09234,
sub-DSAR45M09235,9.5126
sub-DSAR45M09236,16.1113
sub-DSAR45M09237,16.5132
sub-DSAR45M09238,10.312
sub-DSAR45M09239,11.192
sub-DSAR45M09240,15.0524
sub-DSAR45M09241,17.7651
sub-DSAR45M09242,7.3981
sub-DSAR45M09243,
sub-DSAR45M09244,14.6316
sub-DSAR45M09245,6.9935
sub-DSAR45M09246,15.6851
sub-DSAR45M09247,8.2007
sub-DSAR45M09248,12.1033
sub-DSAR45M09249,9.4336
sub-DSAR45M09250,7.9015
sub-DSAR45M09251,16.5452
sub-DSAR45M09252,15.1949
sub-DSAR45M09253,15.8117
sub-DSAR45M09254,11.4084
sub-DSAR45M09255,16.3451
sub-DSAR45M09256,10.7803
sub-DSAR45M09257,9.6758
sub-DSAR45M09258,16.5559
sub-DSAR45M09259,13.907
sub-DSAR45M09260,14.7082
sub-DSAR45M09261,9.9719
sub-DSAR45M09262,11.627
sub-DSAR45M09263,14.6291
sub-DSAR45M09264,11.0518
sub-DSAR45M09265,13.1306
sub-DSAR45M09266,9.5028
sub-DSAR45M09267,18.9662
sub-DSAR45M09268,16.5801
sub-DSAR45M09269,13.4022
sub-DSAR45M09270,11.564
sub-DSAR45M09271,9.7327
sub-DSAR45M09272,13.9627
sub-DSAR45M09273,17.8128
sub-DSAR45M09274,19.436
sub-DSAR45M09275,13.0059
sub-DSAR45M09276,18.0836
sub-DSAR45M09277,17.5135
sub-DSAR45M09278,13.5849
sub-DSAR45M09279,17.6577
sub-DSAR45M09280,10.5909
sub-DSAR45M09281,5.1781
sub-DSAR45M09282,15.5466
sub-DSAR45M09283,18.9402
sub-DSAR45M09284,13.5072
sub-DSAR45M09285,12.6046
sub-DSAR45M09286,11.4285
sub-DSAR45M09287,14.484
sub-DSAR45M09288,11.5548
sub-DSAR45M09289,14.1297
sub-DSAR45M09290,13.4171
sub-DSAR45M09291,11.3391
sub-DSAR45M09292,11.5137
sub-DSAR45M09293,8.1092
sub-DSAR45M09294,11.5457
sub-DSAR45M09295,9.2784
sub-DSAR45M09296,13.3432
sub-DSAR45M09297,9.654
sub-DSAR45M09298,9.6795
sub-DSAR45M09299,11.2133
sub-DSAR45M09300,9.8588
sub-DSAR45M09301,6.4521
sub-DSAR45M09302,12.5146
sub-DSAR45M09303,8.7683
sub-DSAR45M09304,9.4362
sub-DSAR45M09305,10.4018
sub-DSAR45M09306,14.6866
sub-DSAR45M09307,10.1731
sub-DSAR45M09308,12.9489
sub-DSAR45M09309,13.7635
sub-DSAR45M09310,16.4664
sub-DSAR45M09311,15.8336
sub-DSAR45M09312,9.6219
sub-DSAR45M09313,7.5197
sub-DSAR45M09314,13.1136
sub-DSAR45M09315,11.6251
sub-DSAR45M09316,
sub-DSAR45M09317,12.2886
sub-DSAR45M09318,16.2486
sub-DSAR45M09319,9.7167
sub-DSAR45M09320,10.2534
sub-DSAR45M09321,10.9397
sub-DSAR45M09322,15.1562
sub-DSAR45M09323,15.8174
sub-DSAR45M09324,19.3378
sub-DSAR45M09325,14.7128
sub-DSAR45M09326,13.6124
sub-DSAR45M09327,13.9725
sub-DSAR45M09328,15.202
sub-DSAR45M09329,6.8072
sub-DSAR45M09330,16.1086
sub-DSAR45M09331,11.2836
sub-DSAR45M09332,21.1297
sub-DSAR45M09333,17.6131
sub-DSAR45M09334,11.4536
sub-DSAR45M09335,14.3267
sub-DSAR45M09336,9.7989
sub-DSAR45M09337,10.9969
sub-DSAR45M09338,13.6338
sub-DSAR45M09339,9.1544
sub-DSAR45M09340,12.1164
sub-DSAR45M09341,10.444
sub-DSAR45M09342,12.1691
sub-DSAR45M09343,10.6816
sub-DSAR45M09344,12.9643
sub-DSAR45M09345,12.5128
sub-DSAR45M09346,16.655
sub-DSAR45M09347,9.104
sub-DSAR45M09348,11.4215
sub-DSAR45M09349,11.7486
sub-DSAR45M09350,7.9152
sub-DSAR45M09351,13.762
sub-DSAR45M09352,12.5825
sub-DSAR45M09353,9.992
sub-DSAR45M09354,10.9469
sub-DSAR45M09355,16.502
sub-DSAR45M09356,14.9241
sub-DSAR45M09357,9.2831
sub-DSAR45M09358,11.6852
sub-DSAR45M09359,11.5433
sub-DSAR45M09360,11.6499
sub-DSAR45M09361,13.1506
sub-DSAR45M09362,15.156
sub-DSAR45M09363,14.7246
sub-DSAR45M09364,13.9739
sub-DSAR45M09365,8.4451
sub-DSAR45M09366,11.1554
sub-DSAR45M09367,13.341
sub-DSAR45M09368,8.392
sub-DSAR45M09369,13.1879
sub-DSAR45M09370,9.0625
sub-DSAR45M09371,15.7622
sub-DSAR45M09372,7.4329
sub-DSAR45M09373,8.7854
sub-DSAR45M09374,16.6271
sub-DSAR45M09375,7.5463
sub-DSAR45M09376,10.8478
sub-DSAR45M09377,14.4077
sub-DSAR45M09378,11.5822
sub-DSAR45M09379,11.3008
sub-DSAR45M09380,12.7979
sub-DSAR45M09381,15.3873
sub-DSAR45M09382,18.9795
sub-DSAR45M09383,10.9768
sub-DSAR45M09384,10.6438
sub-DSAR45M09385,16.7214
sub-DSAR45M09386,6.6135
sub-DSAR45M09387,10.181
sub-DSAR45M09388,16.279
sub-DSAR45M09389,9.3357
sub-DSAR45M09390,13.4755
sub-DSAR45M09391,14.2563
sub-DSAR45M09392,10.6626
sub-DSAR45M09393,11.2273
sub-DSAR45M09394,13.2556
sub-DSAR45M09395,9.6911
sub-DSAR45M09396,9.6476
sub-DSAR45M09397,13.331
sub-DSAR45M09398,11.2064
sub-DSAR45M09399,12.593
sub-DSAR45M09400,15.9222
sub-DSAR45M09401,9.5142
sub-DSAR45M09402,9.055
sub-DSAR45M09403,13.9335
sub-DSAR45M09404,8.6636
sub-DSAR45M09405,11.8179
sub-DSAR45M09406,12.0809
sub-DSAR45M09407,10.3282
sub-DSAR45M09408,7.6326
sub-DSAR45M09409,15.1979
sub-DSAR45M09410,7.9642
sub-DSAR45M09411,12.3692
sub-DSAR45M09412,15.1794
sub-DSAR45M09413,10.8498
sub-DSAR45M09414,13.197
sub-DSAR45M09415,10.404
sub-DSAR45M09416,12.7857
sub-DSAR45M09417,15.9236
sub-DSAR45M09418,17.7973
sub-DSAR45M09419,13.787
sub-DSAR45M09420,11.9694
sub-DSAR45M09421,12.696
sub-DSAR45M09422,9.4753
sub-DSAR45M09423,10.862
sub-DSAR45M09424,11.3444
sub-DSAR45M09425,
sub-DSAR45M09426,
sub-DSAR45M09427,11.5948
sub-DSAR45M09428,17.7215
sub-DSAR45M09429,12.9968
sub-DSAR45M09430,15.114
sub-DSAR45M09431,7.2297
sub-DSAR45M09432,15.7526
sub-DSAR45M09433,14.3243
sub-DSAR45M09434,15.2677
sub-DSAR45M09435,10.7011
sub-DSAR45M09436,14.7749
sub-DSAR45M09437,16.7454
sub-DSAR45M09438,15.9908
sub-DSAR45M09439,14.0264
sub-DSAR45M09440,13.9906
sub-DSAR45M09441,9.2542
sub-DSAR45M09442,11.7268
sub-DSAR45M09443,6.8147
sub-DSAR45M09444,9.7368
sub-DSAR45M09445,10.997
sub-DSAR45M09446,14.1193
sub-DSAR45M09447,
sub-DSAR45M09448,12.2139
sub-DSAR45M09449,
sub-DSAR45M09450,8.9773
sub-DSAR45M09451,14.9642
sub-DSAR45M09452,16.5464
sub-DSAR45M09453,12.7034
sub-DSAR45M09454,9.2982
sub-DSAR45M09455,17.3193
sub-DSAR45M09456,14.2212
sub-DSAR45M09457,12.6749
sub-DSAR45M09458,9.7546
sub-DSAR45M09459,10.5633
sub-DSAR45M09460,17.987
sub-DSAR45M09461,13.1893
sub-DSAR45M09462,11.7631
sub-DSAR45M09463,10.339
sub-DSAR45M09464,12.3853
sub-DSAR45M09465,10.5126
sub-DSAR45M09466,5.2559
sub-DSAR45M09467,11.1882
sub-DSAR45M09468,11.6083
sub-DSAR45M09469,15.0611
sub-DSAR45M09470,12.8723
sub-DSAR45M09471,13.5876
sub-DSAR45M09472,12.0901
sub-DSAR45M09473,14.0363
sub-DSAR45M09474,19.0562
sub-DSAR45M09475,11.3091
sub-DSAR45M09476,13.0339
sub-DSAR45M09477,15.6488
sub-DSAR45M09478,12.6881
sub-DSAR45M09479,7.9297
sub-DSAR45M09480,16.8274
sub-DSAR45M09481,
sub-DSAR45M09482,12.3718
sub-DSAR45M09483,16.8801
sub-DSAR45M09484,8.977
sub-DSAR45M09485,13.0861
sub-DSAR45M09486,15.0577
sub-DSAR45M09487,13.5637
sub-DSAR45M09488,13.2762
sub-DSAR45M09489,
sub-DSAR45M09490,8.1718
sub-DSAR45M09491,16.2334
sub-DSAR45M09492,14.7696
sub-DSAR45M09493,14.596
sub-DSAR45M09494,15.3406
sub-DSAR45M09495,12.0607
sub-DSAR45M09496,13.3202
sub-DSAR45M09497,15.13
sub-DSAR45M09498,9.9338
sub-DSAR45M09499,14.1845
sub-DSAR45M09500,15.4423
sub-DSAR45M09501,17.1815
sub-DSAR45M09502,12.0271
sub-DSAR45M09503,
sub-DSAR45M09504,11.1293
sub-DSAR45M09505,10.7528
sub-DSAR45M09506,11.9665
sub-DSAR45M09507,7.012
sub-DSAR45M09508,7.1646
sub-DSAR45M09509,16.0808
sub-DSAR45M09510,9.423
sub-DSAR45M09511,11.2485
sub-DSAR45M09512,10.1026
sub-DSAR45M09513,11.8679
sub-DSAR45M09514,13.5662
sub-DSAR45M09515,17.3661
sub-DSAR45M09516,15.3807
sub-DSAR45M09517,14.5863
sub-DSAR45M09518,11.0698
sub-DSAR45M09519,9.4265
sub-DSAR45M09520,15.3326
sub-DSAR45M09521,14.6628
sub-DSAR45M09522,12.7877
sub-DSAR45M09523,8.1397
sub-DSAR45M09524,12.6148
sub-DSAR45M09525,12.5867
sub-DSAR45M09526,11.9081
sub-DSAR45M09527,7.4981
sub-DSAR45M09528,16.7921
sub-DSAR45M09529,9.9332
sub-DSAR45M09530,7.3523
sub-DSAR45M09531,12.9496
sub-DSAR45M09532,12.9593
sub-DSAR45M09533,13.361
sub-DSAR45M09534,11.273
sub-DSAR45M09535,
sub-DSAR45M09536,11.8367
sub-DSAR45M09537,12.375
sub-DSAR45M09538,15.4102
sub-DSAR45M09539,15.8699
sub-DSAR45M09540,6.0874
sub-DSAR45M09541,17.0941
sub-DSAR45M09542,
sub-DSAR45M09543,11.5481
sub-DSAR45M09544,10.5942
sub-DSAR45M09545,11.5407
sub-DSAR45M09546,8.0602
sub-DSAR45M09547,10.5382
sub-DSAR45M09548,13.8316
sub-DSAR45M09549,13.6993
sub-DSAR45M09550,14.8402
sub-DSAR45M09551,9.3687
sub-DSAR45M09552,13.6329
sub-DSAR45M09553,13.4698
sub-DSAR45M09554,13.7034
sub-DSAR45M09555,12.5752
sub-DSAR45M09556,13.258
sub-DSAR45M09557,14.7696
sub-DSAR45M09558,15.6564
sub-DSAR45M09559,4.8812
sub-DSAR45M09560,13.3873
sub-DSAR45M09561,12.9354
sub-DSAR45M09562,11.439
sub-DSAR45M09563,17.9057
sub-DSAR45M09564,14.9774
sub-DSAR45M09565,14.5333
sub-DSAR45M09566,15.4995
sub-DSAR45M09567,17.3368
sub-DSAR45M09568,3.3216
sub-DSAR45M09569,13.1546
sub-DSAR45M09570,16.1595
sub-DSAR45M09571,11.7736
sub-DSAR45M09572,11.7397
sub-DSAR45M09573,18.2012
sub-DSAR45M09574,17.7308
sub-DSAR45M09575,16.321
sub-DSAR45M09576,12.498
sub-DSAR45M09577,10.7972
sub-DSAR45M09578,16.2354
sub-DSAR45M09579,12.8972
sub-DSAR45M09580,11.9859
sub-DSAR45M09581,13.7156
sub-DSAR45M09582,10.5022
sub-DSAR45M09583,17.4064
sub-DSAR45M09584,12.1727
sub-DSAR45M09585,10.5385
sub-DSAR45M09586,9.6845
sub-DSAR45M09587,14.0918
sub-DSAR45M09588,11.3165
sub-DSAR45M09589,16.194
sub-DSAR45M09590,
sub-DSAR45M09591,13.2397
sub-DSAR45M09592,11.0968
sub-DSAR45M09593,12.8927
sub-DSAR45M09594,14.0059
sub-DSAR45M09595,7.5298
sub-DSAR45M09596,
sub-DSAR45M09597,19.1921
sub-DSAR45M09598,10.5746
sub-DSAR45M09599,15.1825
sub-DSAR45M09600,
sub-DSAR45M09601,14.9996
sub-DSAR45M09602,14.7688
sub-DSAR45M09603,10.6228
sub-DSAR45M09604,11.2064
sub-DSAR45M09605,9.5807
sub-DSAR45M09606,17.6964
sub-DSAR45M09607,18.0692
sub-DSAR45M09608,7.905
sub-DSAR45M09609,10.3382
sub-DSAR45M09610,19.0421
sub-DSAR45M09611,13.9433
sub-DSAR45M09612,7.873
sub-DSAR45M09613,14.5979
sub-DSAR45M09614,11.9571
sub-DSAR45M09615,19.0149
sub-DSAR45M09616,11.8296
sub-DSAR45M09617,12.018
sub-DSAR45M09618,10.0634
sub-DSAR45M09619,14.8844
sub-DSAR45M09620,10.5819
sub-DSAR45M09621,8.7311
sub-DSAR45M09622,13.307
sub-DSAR45M09623,14.0516
sub-DSAR45M09624,18.6609
sub-DSAR45M09625,14.0152
sub-DSAR45M09626,12.3216
sub-DSAR45M09627,8.5151
sub-DSAR45M09628,9.3736
sub-DSAR45M09629,14.7524
sub-DSAR45M09630,8.4613
sub-DSAR45M09631,
sub-DSAR45M09632,8.7927
sub-DSAR45M09633,12.9721
sub-DSAR45M09634,14.2982
sub-DSAR45M09635,7.8887
sub-DSAR45M09636,12.802
sub-DSAR45M09637,10.9989
sub-DSAR45M09638,11.342
sub-DSAR45M09639,6.6895
sub-DSAR45M09640,14.4506
sub-DSAR45M09641,11.7155
sub-DSAR45M09642,14.8614
sub-DSAR45M09643,11.8384
sub-DSAR45M09644,12.2931
sub-DSAR45M09645,16.4323
sub-DSAR45M09646,7.9701
sub-DSAR45M09647,15.2097
sub-DSAR45M09648,12.5842
sub-DSAR45M09649,16.8537
sub-DSAR45M09650,12.5318
sub-DSAR45M09651,13.4326
sub-DSAR45M09652,19.2402
sub-DSAR45M09653,17.9849
sub-DSAR45M09654,13.8612
sub-DSAR45M09655,14.2204
sub-DSAR45M09656,14.1068
sub-DSAR45M09657,13.5831
sub-DSAR45M09658,10.4631
sub-DSAR45M09659,11.9964
sub-DSAR45M09660,14.2336
sub-DSAR45M09661,13.8029
sub-DSAR45M09662,11.886
sub-DSAR45M09663,9.2362
sub-DSAR45M09664,5.8094
sub-DSAR45M09665,10.9239
sub-DSAR45M09666,12.4705
sub-DSAR45M09667,14.536
sub-DSAR45M09668,8.1947
sub-DSAR45M09669,10.3121
sub-DSAR45M09670,11.3013
sub-DSAR45M09671,14.5735
sub-DSAR45M09672,14.6589
sub-DSAR45M09673,12.3608
sub-DSAR45M09674,11.8525
sub-DSAR45M09675,10.658
sub-DSAR45M09676,20.6929
sub-DSAR45M09677,4.6922
sub-DSAR45M09678,12.9617
sub-DSAR45M09679,12.608
sub-DSAR45M09680,8.4226
sub-DSAR45M09681,13.4985
sub-DSAR45M09682,13.4423
sub-DSAR45M09683,15.0036
sub-DSAR45M09684,10.6163
sub-DSAR45M09685,11.1554
sub-DSAR45M09686,11.5091
sub-DSAR45M09687,17.1067
sub-DSAR45M09688,12.3794
sub-DSAR45M09689,11.9591
sub-DSAR45M09690,12.1047
sub-DSAR45M09691,9.3277
sub-DSAR45M09692,9.9538
sub-DSAR45M09693,14.4459
sub-DSAR45M09694,11.4253
sub-DSAR45M09695,15.1199
sub-DSAR45M09696,7.2618
sub-DSAR45M09697,12.0647
sub-DSAR45M09698,10.376
sub-DSAR45M09699,11.8265
sub-DSAR45M09700,9.3296
sub-DSAR45M09701,11.492
sub-DSAR45M09702,
sub-DSAR45M09703,14.2534
sub-DSAR45M09704,15.9617
sub-DSAR45M09705,13.3616
sub-DSAR45M09706,10.4074
sub-DSAR45M09707,9.9286
sub-DSAR45M09708,10.4778
sub-DSAR45M09709,13.1104
sub-DSAR45M09710,11.8749
sub-DSAR45M09711,7.2531
sub-DSAR45M09712,6.8813
sub-DSAR45M09713,10.2691
sub-DSAR45M09714,
sub-DSAR45M09715,13.5356
sub-DSAR45M09716,15.2322
sub-DSAR45M09717,17.1663
sub-DSAR45M09718,13.5683
sub-DSAR45M09719,12.6344
sub-DSAR45M09720,11.0588
sub-DSAR45M09721,16.6649
sub-DSAR45M09722,16.1775
sub-DSAR45M09723,10.0865
sub-DSAR45M09724,10.8292
sub-DSAR45M09725,11.4817
sub-DSAR45M09726,9.7031
sub-DSAR45M09727,11.2878
sub-DSAR45M09728,13.0761
sub-DSAR45M09729,15.7827
sub-DSAR45M09730,14.1676
sub-DSAR45M09731,16.8041
sub-DSAR45M09732,10.0266
sub-DSAR45M09733,5.8595
sub-DSAR45M09734,14.467
sub-DSAR45M09735,16.6732
sub-DSAR45M09736,8.1382
sub-DSAR45M09737,17.5566
sub-DSAR45M09738,8.6725
sub-DSAR45M09739,14.2079
sub-DSAR45M09740,8.248
sub-DSAR45M09741,12.2575
sub-DSAR45M09742,10.9473
sub-DSAR45M09743,8.1715
sub-DSAR45M09744,12.9658
sub-DSAR45M09745,14.8861
sub-DSAR45M09746,16.1323
sub-DSAR45M09747,14.3153
sub-DSAR45M09748,9.6472
sub-DSAR45M09749,11.9882
sub-DSAR45M09750,14.1904
sub-DSAR45M09751,10.5568
sub-DSAR45M09752,8.7555
sub-DSAR45M09753,11.0728
sub-DSAR45M09754,12.6066
sub-DSAR45M09755,13.8541
sub-DSAR45M09756,10.5801
sub-DSAR45M09757,12.6101
sub-DSAR45M09758,13.6157
sub-DSAR45M09759,6.9693
sub-DSAR45M09760,12.342
sub-DSAR45M09761,14.0209
sub-DSAR45M09762,17.0293
sub-DSAR45M09763,15.9016
sub-DSAR45M09764,4.8835
sub-DSAR45M09765,12.9628
sub-DSAR45M09766,14.1865
sub-DSAR45M09767,13.7259
sub-DSAR45M09768,10.4066
sub-DSAR45M09769,
sub-DSAR45M09770,16.9678
sub-DSAR45M09771,10.709
sub-DSAR45M09772,15.4017
sub-DSAR45M09773,13.0494
sub-DSAR45M09774,6.3055
sub-DSAR45M09775,10.311
sub-DSAR45M09776,12.5174
sub-DSAR45M09777,14.3439
sub-DSAR45M09778,12.3185
sub-DSAR45M09779,14.9339
sub-DSAR45M09780,17.8639
sub-DSAR45M09781,8.0995
sub-DSAR45M09782,17.3179
sub-DSAR45M09783,8.2919
sub-DSAR45M09784,16.3186
sub-DSAR45M09785,9.4287
sub-DSAR45M09786,14.4647
sub-DSAR45M09787,9.8063
sub-DSAR45M09788,10.1255
sub-DSAR45M09789,13.1349
sub-DSAR45M09790,12.9562
sub-DSAR45M09791,8.6636
sub-DSAR45M09792,6.975
sub-DSAR45M09793,11.1566
sub-DSAR45M09794,15.1228
sub-DSAR45M09795,7.2681
sub-DSAR45M09796,7.9305
sub-DSAR45M09797,11.3867
sub-DSAR45M09798,19.926
sub-DSAR45M09799,20.1979
sub-DSAR45M09800,9.2916
sub-DSAR45M09801,7.0433
sub-DSAR45M09802,12.9582
sub-DSAR45M09803,8.5291
sub-DSAR45M09804,13.2203
sub-DSAR45M09805,11.6243
sub-DSAR45M09806,12.8572
sub-DSAR45M09807,9.6166
sub-DSAR45M09808,
sub-DSAR45M09809,8.3189
sub-DSAR45M09810,13.0012
sub-DSAR45M09811,12.1121
sub-DSAR45M09812,12.4074
sub-DSAR45M09813,
sub-DSAR45M09814,13.1831
sub-DSAR45M09815,14.8259
sub-DSAR45M09816,12.5591
sub-DSAR45M09817,12.3904
sub-DSAR45M09818,16.4963
sub-DSAR45M09819,9.1754
sub-DSAR45M09820,9.1897
sub-DSAR45M09821,7.8037
sub-DSAR45M09822,9.8657
sub-DSAR45M09823,18.5018
sub-DSAR45M09824,13.5457
sub-DSAR45M09825,17.3756
sub-DSAR45M09826,15.8141
sub-DSAR45M09827,9.0103
sub-DSAR45M09828,15.8131
sub-DSAR45M09829,15.7328
sub-DSAR45M09830,10.4852
sub-DSAR45M09831,16.07
sub-DSAR45M09832,14.9186
sub-DSAR45M09833,10.249
sub-DSAR45M09834,9.227
sub-DSAR45M09835,10.8166
sub-DSAR45M09836,15.7572
sub-DSAR45M09837,8.7975
sub-DSAR45M09838,17.4945
sub-DSAR45M09839,6.3474
sub-DSAR45M09840,6.9064
sub-DSAR45M09841,11.0689
sub-DSAR45M09842,8.8382
sub-DSAR45M09843,8.5092
sub-DSAR45M09844,12.6626
sub-DSAR45M09845,
sub-DSAR45M09846,7.8616
sub-DSAR45M09847,13.7411
sub-DSAR45M09848,
sub-DSAR45M09849,14.6636
sub-DSAR45M09850,10.3831
sub-DSAR45M09851,8.4157
sub-DSAR45M09852,12.5207
sub-DSAR45M09853,9.6077
sub-DSAR45M09854,11.7916
sub-DSAR45M09855,12.7792
sub-DSAR45M09856,12.9966
sub-DSAR45M09857,13.8066
sub-DSAR45M09858,14.7704
sub-DSAR45M09859,13.6496
sub-DSAR45M09860,14.7579
sub-DSAR45M09861,8.8796
sub-DSAR45M09862,
sub-DSAR45M09863,8.8778
sub-DSAR45M09864,18.8209
sub-DSAR45M09865,8.0669
sub-DSAR45M09866,14.2183
sub-DSAR45M09867,10.1868
sub-DSAR45M09868,12.8419
sub-DSAR45M09869,8.8883
sub-DSAR45M09870,9.9805
sub-DSAR45M09871,13.8234
sub-DSAR45M09872,8.1018
sub-DSAR45M09873,16.7117
sub-DSAR45M09874,
sub-DSAR45M09875,
sub-DSAR45M09876,12.679
sub-DSAR45M09877,18.0728
sub-DSAR45M09878,1.8016
sub-DSAR45M09879,13.0452
sub-DSAR45M09880,16.2607
sub-DSAR45M09881,12.1553
sub-DSAR45M09882,13.4576
sub-DSAR45M09883,12.2018
sub-DSAR45M09884,8.4049
sub-DSAR45M09885,12.2533
sub-DSAR45M09886,14.356
sub-DSAR45M09887,
sub-DSAR45M09888,9.4542
sub-DSAR45M09889,12.6985
sub-DSAR45M09890,13.5
sub-DSAR45M09891,15.3846
sub-DSAR45M09892,12.8046
sub-DSAR45M09893,13.5974
sub-DSAR45M09894,16.4588
sub-DSAR45M09895,8.3309
sub-DSAR45M09896,15.071
sub-DSAR45M09897,12.6722
sub-DSAR45M09898,6.5943
sub-DSAR45M09899,7.8941
sub-DSAR45M09900,9.3034
sub-DSAR45M09901,11.1034
sub-DSAR45M09902,13.3049
sub-DSAR45M09903,11.1604
sub-DSAR45M09904,23.0596
sub-DSAR45M09905,11.0528
sub-DSAR45M09906,13.3325
sub-DSAR45M09907,4.0985
sub-DSAR45M09908,7.6379
sub-DSAR45M09909,4.3463
sub-DSAR45M09910,15.3129
sub-DSAR45M09911,9.6761
sub-DSAR45M09912,14.1396
sub-DSAR45M09913,13.5973
sub-DSAR45M09914,10.2109
sub-DSAR45M09915,12.9324
sub-DSAR45M09916,13.8597
sub-DSAR45M09917,10.2934
sub-DSAR45M09918,16.7915
sub-DSAR45M09919,15.5182
sub-DSAR45M09920,9.8594
sub-DSAR45M09921,14.7414
sub-DSAR45M09922,16.014
sub-DSAR45M09923,12.4806
sub-DSAR45M09924,13.082
sub-DSAR45M09925,9.2089
sub-DSAR45M09926,13.7066
sub-DSAR45M09927,15.3085
sub-DSAR45M09928,16.6817
sub-DSAR45M09929,13.5323
sub-DSAR45M09930,14.6397
sub-DSAR45M09931,13.5884
sub-DSAR45M09932,12.2105
sub-DSAR45M09933,10.1575
sub-DSAR45M09934,7.9042
sub-DSAR45M09935,10.4834
sub-DSAR45M09936,8.9226
sub-DSAR45M09937,10.5477
sub-DSAR45M09938,14.872
sub-DSAR45M09939,12.4112
sub-DSAR45M09940,12.2407
sub-DSAR45M09941,11.3529
sub-DSAR45M09942,9.5523
sub-DSAR45M09943,12.6123
sub-DSAR45M09944,15.4288
sub-DSAR45M09945,13.5239
sub-DSAR45M09946,13.4514
sub-DSAR45M09947,10.3361
sub-DSAR45M09948,13.8541
sub-DSAR45M09949,15.3732
sub-DSAR45M09950,15.0645
sub-DSAR45M09951,12.7243
sub-DSAR45M09952,18.4237
sub-DSAR45M09953,15.6166
sub-DSAR45M09954,7.4203
sub-DSAR45M09955,15.8575
sub-DSAR45M09956,13.1339
sub-DSAR45M09957,16.3981
sub-DSAR45M09958,4.1622
sub-DSAR45M09959,5.6822
sub-DSAR45M09960,9.1117
sub-DSAR45M09961,12.1313
sub-DSAR45M09962,11.7263
sub-DSAR45M09963,13.1281
sub-DSAR45M09964,11.9572
sub-DSAR45M09965,11.313
sub-DSAR45M09966,10.1422
sub-DSAR45M09967,9.5001
sub-DSAR45M09968,8.7739
sub-DSAR45M09969,12.9043
sub-DSAR45M09970,15.8887
sub-DSAR45M09971,10.8065
sub-DSAR45M09972,3.0804
sub-DSAR45M09973,14.455
sub-DSAR45M09974,13.7117
sub-DSAR45M09975,12.547
sub-DSAR45M09976,8.7551
sub-DSAR45M09977,13.5504
sub-DSAR45M09978,13.0855
sub-DSAR45M09979,17.5808
sub-DSAR45M09980,6.617
sub-DSAR45M09981,9.7102
sub-DSAR45M09982,7.6678
sub-DSAR45M09983,7.4052
sub-DSAR45M09984,17.9266
sub-DSAR45M09985,12.5776
sub-DSAR45M09986,15.9449
sub-DSAR45M09987,4.5101
sub-DSAR45M09988,7.0711
sub-DSAR45M09989,14.2157
sub-DSAR45M09990,18.0935
sub-DSAR45M09991,8.4524
sub-DSAR45M09992,8.6923
sub-DSAR45M09993,13.2451
sub-DSAR45M09994,9.9624
sub-DSAR45M09995,8.2992
sub-DSAR45M09996,15.2572
sub-DSAR45M09997,10.4243
sub-DSAR45M09998,16.4443
sub-DSAR45M09999,13.7347
sub-DSAR45M10000,12.2672
sub-DSAR45M10001,10.0517
sub-DSAR45M10002,11.4455
sub-DSAR45M10003,14.4819
sub-DSAR45M10004,13.5887
sub-DSAR45M10005,
sub-DSAR45M10006,8.2542
sub-DSAR45M10007,13.5105
sub-DSAR45M10008,13.6811
sub-DSAR45M10009,11.3026
sub-DSAR45M10010,12.1602
sub-DSAR45M10011,15.1819
sub-DSAR45M10012,13.112
sub-DSAR45M10013,13.8972
sub-DSAR45M10014,9.353
sub-DSAR45M10015,
sub-DSAR45M10016,11.8219
sub-DSAR45M10017,10.99
sub-DSAR45M10018,11.6224
sub-DSAR45M10019,15.5585
sub-DSAR45M10020,10.7092
sub-DSAR45M10021,15.898
sub-DSAR45M10022,14.221
sub-DSAR45M10023,13.5104
sub-DSAR45M10024,10.2005
sub-DSAR45M10025,14.7418
sub-DSAR45M10026,12.1646
sub-DSAR45M10027,12.42
sub-DSAR45M10028,15.3156
sub-DSAR45M10029,12.4361
sub-DSAR45M10030,12.4728
sub-DSAR45M10031,18.2292
sub-DSAR45M10032,10.0335
sub-DSAR45M10033,10.7889
sub-DSAR45M10034,11.333
sub-DSAR45M10035,12.654
sub-DSAR45M10036,14.1888
sub-DSAR45M10037,12.8084
sub-DSAR45M10038,13.0653
sub-DSAR45M10039,13.2354
sub-DSAR45M10040,11.0984
sub-DSAR45M10041,13.1771
sub-DSAR45M10042,13.2127
sub-DSAR45M10043,14.2755
sub-DSAR45M10044,9.9174
sub-DSAR45M10045,15.3511
sub-DSAR45M10046,13.643
sub-DSAR45M10047,12.9554
sub-DSAR45M10048,11.888
sub-DSAR45M10049,11.0365
sub-DSAR45M10050,14.1482
sub-DSAR45M10051,17.0122
sub-DSAR45M10052,15.2261
sub-DSAR45M10053,8.6003
sub-DSAR45M10054,9.5364
sub-DSAR45M10055,11.1163
sub-DSAR45M10056,13.7591
sub-DSAR45M10057,5.0674
sub-DSAR45M10058,9.6004
sub-DSAR45M10059,13.1968
sub-DSAR45M10060,11.9683
sub-DSAR45M10061,7.7915
sub-DSAR45M10062,11.8266
sub-DSAR45M10063,11.9261
sub-DSAR45M10064,13.1912
sub-DSAR45M10065,15.0458
sub-DSAR45M10066,13.3274
sub-DSAR45M10067,12.1266
sub-DSAR45M10068,14.8322
sub-DSAR45M10069,11.0348
sub-DSAR45M10070,
sub-DSAR45M10071,15.824
sub-DSAR45M10072,16.7056
sub-DSAR45M10073,16.1142
sub-DSAR45M10074,8.3234
sub-DSAR45M10075,12.4043
sub-DSAR45M10076,
sub-DSAR45M10077,9.5029
sub-DSAR45M10078,12.3874
sub-DSAR45M10079,15.4053
sub-DSAR45M10080,7.5077
sub-DSAR45M10081,9.2229
sub-DSAR45M10082,12.7088
sub-DSAR45M10083,10.5607
sub-DSAR45M10084,14.2055
sub-DSAR45M10085,9.0871
sub-DSAR45M10086,12.9143
sub-DSAR45M10087,12.4056
sub-DSAR45M10088,11.3669
sub-DSAR45M10089,11.6033
sub-DSAR45M10090,9.1945
sub-DSAR45M10091,10.796
sub-DSAR45M10092,11.6777
sub-DSAR45M10093,13.799
sub-DSAR45M10094,12.5368
sub-DSAR45M10095,12.7287
sub-DSAR45M10096,13.3942
sub-DSAR45M10097,13.094
sub-DSAR45M10098,15.6418
sub-DSAR45M10099,8.7661
sub-DSAR45M10100,7.5669
sub-DSAR45M10101,9.0812
sub-DSAR45M10102,12.4234
sub-DSAR45M10103,14.4459
sub-DSAR45M10104,15.6911
sub-DSAR45M10105,7.9625
sub-DSAR45M10106,6.1436
sub-DSAR45M10107,10.1388
sub-DSAR45M10108,15.2694
sub-DSAR45M10109,13.598
sub-DSAR45M10110,19.6873
sub-DSAR45M10111,8.053
sub-DSAR45M10112,12.2312
sub-DSAR45M10113,10.3764
sub-DSAR45M10114,11.5949
sub-DSAR45M10115,17.7077
sub-DSAR45M10116,10.0644
sub-DSAR45M10117,11.0507
sub-DSAR45M10118,10.8324
sub-DSAR45M10119,12.0438
sub-DSAR45M10120,12.159
sub-DSAR45M10121,15.3711
sub-DSAR45M10122,17.5319
sub-DSAR45M10123,8.3155
sub-DSAR45M10124,13.5258
sub-DSAR45M10125,14.0405
sub-DSAR45M10126,9.5827
sub-DSAR45M10127,5.3886
sub-DSAR45M10128,14.2326
sub-DSAR45M10129,12.9206
sub-DSAR45M10130,10.2091
sub-DSAR45M10131,14.2664
sub-DSAR45M10132,13.0216
sub-DSAR45M10133,14.5405
sub-DSAR45M10134,12.7133
sub-DSAR45M10135,12.1433
sub-DSAR45M10136,12.7322
sub-DSAR45M10137,9.0675
sub-DSAR45M10138,13.8514
sub-DSAR45M10139,17.5666
sub-DSAR45M10140,11.746
sub-DSAR45M10141,4.3376
sub-DSAR45M10142,15.1133
sub-DSAR45M10143,12.2323
sub-DSAR45M10144,8.2407
sub-DSAR45M10145,17.2269
sub-DSAR45M10146,9.966
sub-DSAR45M10147,11.7902
sub-DSAR45M10148,15.6173
sub-DSAR45M10149,14.0504
sub-DSAR45M10150,10.0839
sub-DSAR45M10151,10.901
sub-DSAR45M10152,12.7803
sub-DSAR45M10153,9.1842
sub-DSAR45M10154,10.5965
sub-DSAR45M10155,18.4237
sub-DSAR45M10156,12.7675
sub-DSAR45M10157,8.7279
sub-DSAR45M10158,7.6428
sub-DSAR45M10159,12.0713
sub-DSAR45M10160,12.522
sub-DSAR45M10161,11.9221
sub-DSAR45M10162,13.1729
sub-DSAR45M10163,13.8611
sub-DSAR45M10164,9.3117
sub-DSAR45M10165,12.9374
sub-DSAR45M10166,17.5844
sub-DSAR45M10167,14.6369
sub-DSAR45M10168,10.2344
sub-DSAR45M10169,15.1549
sub-DSAR45M10170,14.414
sub-DSAR45M10171,12.3588
sub-DSAR45M10172,11.9881
sub-DSAR45M10173,15.8849
sub-DSAR45M10174,12.1433
sub-DSAR45M10175,13.4122
sub-DSAR45M10176,16.3585
sub-DSAR45M10177,9.5663
sub-DSAR45M10178,8.8867
sub-DSAR45M10179,10.5964
sub-DSAR45M10180,13.2394
sub-DSAR45M10181,3.6868
sub-DSAR45M10182,7.4109
sub-DSAR45M10183,14.3349
sub-DSAR45M10184,12.7878
sub-DSAR45M10185,8.9007
sub-DSAR45M10186,12.5402
sub-DSAR45M10187,18.5207
sub-DSAR45M10188,11.6132
sub-DSAR45M10189,10.0899
sub-DSAR45M10190,9.1818
sub-DSAR45M10191,
sub-DSAR45M10192,11.0365
sub-DSAR45M10193,3.2205
sub-DSAR45M10194,9.282
sub-DSAR45M10195,14.9783
sub-DSAR45M10196,12.7698
sub-DSAR45M10197,9.3356
sub-DSAR45M10198,18.2639
sub-DSAR45M10199,18.6798
sub-DSAR45M10200,11.8924
sub-DSAR45M10201,7.5879
sub-DSAR45M10202,14.849
sub-DSAR45M10203,11.3395
sub-DSAR45M10204,8.4472
sub-DSAR45M10205,11.7016
sub-DSAR45M10206,9.609
sub-DSAR45M10207,
sub-DSAR45M10208,14.8474
sub-DSAR45M10209,11.577
sub-DSAR45M10210,11.9349
sub-DSAR45M10211,11.0657
sub-DSAR45M10212,12.4151
sub-DSAR45M10213,14.917
sub-DSAR45M10214,8.9475
sub-DSAR45M10215,8.088
sub-DSAR45M10216,11.8299
sub-DSAR45M10217,9.3445
sub-DSAR45M10218,15.2017
sub-DSAR45M10219,17.9626
sub-DSAR45M10220,11.5084
sub-DSAR45M10221,18.9341
sub-DSAR45M10222,12.0875
sub-DSAR45M10223,14.2249
sub-DSAR45M10224,14.0436
sub-DSAR45M10225,13.6016
sub-DSAR45M10226,12.6681
sub-DSAR45M10227,14.4154
sub-DSAR45M10228,12.7493
sub-DSAR45M10229,11.7874
sub-DSAR45M10230,
sub-DSAR45M10231,10.9098
sub-DSAR45M10232,11.5713
sub-DSAR45M10233,15.6008
sub-DSAR45M10234,9.6823
sub-DSAR45M10235,15.8486
sub-DSAR45M10236,17.1177
sub-DSAR45M10237,10.1813
sub-DSAR45M10238,8.117
sub-DSAR45M10239,10.5542
sub-DSAR45M10240,13.5819
sub-DSAR45M10241,14.2788
sub-DSAR45M10242,13.5971
sub-DSAR45M10243,14.8229
sub-DSAR45M10244,7.4125
sub-DSAR45M10245,11.0194
sub-DSAR45M10246,10.255
sub-DSAR45M10247,10.6531
sub-DSAR45M10248,
sub-DSAR45M10249,14.7688
sub-DSAR45M10250,7.7558
sub-DSAR45M10251,14.6998
sub-DSAR45M10252,12.9118
sub-DSAR45M10253,14.3013
sub-DSAR45M10254,13.1643
sub-DSAR45M10255,
sub-DSAR45M10256,10.7839
sub-DSAR45M10257,14.4316
sub-DSAR45M10258,11.3027
sub-DSAR45M10259,13.9573
sub-DSAR45M10260,14.4327
sub-DSAR45M10261,10.9983
sub-DSAR45M10262,16.7333
sub-DSAR45M10263,11.474
sub-DSAR45M10264,10.8176
sub-DSAR45M10265,13.9227
sub-DSAR45M10266,12.0785
sub-DSAR45M10267,12.6686
sub-DSAR45M10268,10.0413
sub-DSAR45M10269,12.782
sub-DSAR45M10270,14.7883
sub-DSAR45M10271,18.2688
sub-DSAR45M10272,16.0399
sub-DSAR45M10273,16.1097
sub-DSAR45M10274,15.0927
sub-DSAR45M10275,10.2724
sub-DSAR45M10276,
sub-DSAR45M10277,11.9467
sub-DSAR45M10278,12.2121
sub-DSAR45M10279,12.1605
sub-DSAR45M10280,12.0231
sub-DSAR45M10281,16.9293
sub-DSAR45M10282,13.153
sub-DSAR45M10283,17.0712
sub-DSAR45M10284,13.7021
sub-DSAR45M10285,13.1417
sub-DSAR45M10286,12.1623
sub-DSAR45M10287,11.6027
sub-DSAR45M10288,16.8464
sub-DSAR45M10289,14.6393
sub-DSAR45M10290,10.4696
sub-DSAR45M10291,13.1391
sub-DSAR45M10292,12.2171
sub-DSAR45M10293,14.277
sub-DSAR45M10294,8.5022
sub-DSAR45M10295,14.5707
sub-DSAR45M10296,8.7742
sub-DSAR45M10297,12.5498
sub-DSAR45M10298,11.0005
sub-DSAR45M10299,11.5079
sub-DSAR45M10300,16.0266
sub-DSAR45M10301,9.1902
sub-DSAR45M10302,12.8649
sub-DSAR45M10303,10.5956
sub-DSAR45M10304,13.3244
sub-DSAR45M10305,16.4517
sub-DSAR45M10306,8.1616
sub-DSAR45M10307,11.6909
sub-DSAR45M10308,6.0669
sub-DSAR45M10309,13.5569
sub-DSAR45M10310,9.1696
sub-DSAR45M10311,8.7126
sub-DSAR45M10312,9.1431
sub-DSAR45M10313,14.9305
sub-DSAR45M10314,11.932
sub-DSAR45M10315,11.6065
sub-DSAR45M10316,17.348
sub-DSAR45M10317,10.6838
sub-DSAR45M10318,15.0389
sub-DSAR45M10319,14.4722
sub-DSAR45M10320,12.2488
sub-DSAR45M10321,10.1275
sub-DSAR45M10322,13.7641
sub-DSAR45M10323,10.1033
sub-DSAR45M10324,12.6614
sub-DSAR45M10325,12.8189
sub-DSAR45M10326,10.094
sub-DSAR45M10327,11.4068
sub-DSAR45M10328,12.139
sub-DSAR45M10329,12.5661
sub-DSAR45M10330,13.0594
sub-DSAR45M10331,11.6758
sub-DSAR45M10332,17.2233
sub-DSAR45M10333,12.1275
sub-DSAR45M10334,15.9234
sub-DSAR45M10335,12.5375
sub-DSAR45M10336,12.9253
sub-DSAR45M10337,11.7796
sub-DSAR45M10338,14.6311
sub-DSAR45M10339,15.4736
sub-DSAR45M10340,10.5605
sub-DSAR45M10341,10.8385
sub-DSAR45M10342,10.7601
sub-DSAR45M10343,11.4688
sub-DSAR45M10344,13.2918
sub-DSAR45M10345,12.401
sub-DSAR45M10346,12.6541
sub-DSAR45M10347,12.8469
sub-DSAR45M10348,13.4523
sub-DSAR45M10349,13.9682
sub-DSAR45M10350,11.5407
sub-DSAR45M10351,15.2184
sub-DSAR45M10352,9.1316
sub-DSAR45M10353,14.8271
sub-DSAR45M10354,15.0957
sub-DSAR45M10355,14.496
sub-DSAR45M10356,10.3794
sub-DSAR45M10357,11.2733
sub-DSAR45M10358,14.6342
sub-DSAR45M10359,14.3406
sub-DSAR45M10360,10.6846
sub-DSAR45M10361,13.2285
sub-DSAR45M10362,11.7289
sub-DSAR45M10363,9.8393
sub-DSAR45M10364,14.1453
sub-DSAR45M10365,7.1097
sub-DSAR45M10366,12.2917
sub-DSAR45M10367,9.5083
sub-DSAR45M10368,13.8422
sub-DSAR45M10369,13.9445
sub-DSAR45M10370,9.8441
sub-DSAR45M10371,14.8428
sub-DSAR45M10372,10.5079
sub-DSAR45M10373,13.7919
sub-DSAR45M10374,16.9091
sub-DSAR45M10375,10.8091
sub-DSAR45M10376,11.63
sub-DSAR45M10377,7.8091
sub-DSAR45M10378,13.1038
sub-DSAR45M10379,14.8786
sub-DSAR45M10380,14.5357
sub-DSAR45M10381,14.3245
sub-DSAR45M10382,10.5837
sub-DSAR45M10383,14.2184
sub-DSAR45M10384,12.7948
sub-DSAR45M10385,12.8582
sub-DSAR45M10386,12.7278
sub-DSAR45M10387,17.3257
sub-DSAR45M10388,17.7036
sub-DSAR45M10389,10.8609
sub-DSAR45M10390,13.5317
sub-DSAR45M10391,5.728
sub-DSAR45M10392,14.5411
sub-DSAR45M10393,15.3824
sub-DSAR45M10394,10.3237
sub-DSAR45M10395,
sub-DSAR45M10396,13.6106
sub-DSAR45M10397,
sub-DSAR45M10398,6.6147
sub-DSAR45M10399,13.2622
sub-DSAR45M10400,11.9079
sub-DSAR45M10401,16.552
sub-DSAR45M10402,14.5412
sub-DSAR45M10403,11.1071
sub-DSAR45M10404,9.4463
sub-DSAR45M10405,12.9204
sub-DSAR45M10406,12.9221
sub-DSAR45M10407,12.3646
sub-DSAR45M10408,9.0993
sub-DSAR45M10409,15.7763
sub-DSAR45M10410,11.9843
sub-DSAR45M10411,16.0975
sub-DSAR45M10412,14.0833
sub-DSAR45M10413,10.7327
sub-DSAR45M10414,9.4286
sub-DSAR45M10415,16.438
sub-DSAR45M10416,9.6652
sub-DSAR45M10417,13.9267
sub-DSAR45M10418,11.4824
sub-DSAR45M10419,14.6518
sub-DSAR45M10420,14.6997
sub-DSAR45M10421,12.2539
sub-DSAR45M10422,
sub-DSAR45M10423,13.2398
sub-DSAR45M10424,15.5058
sub-DSAR45M10425,10.433
sub-DSAR45M10426,10.1488
sub-DSAR45M10427,13.497
sub-DSAR45M10428,8.3067
sub-DSAR45M10429,14.8659
sub-DSAR45M10430,9.379
sub-DSAR45M10431,16.8625
sub-DSAR45M10432,15.0839
sub-DSAR45M10433,
sub-DSAR45M10434,18.8562
sub-DSAR45M10435,9.9952
sub-DSAR45M10436,16.0878
sub-DSAR45M10437,11.2447
sub-DSAR45M10438,13.0073
sub-DSAR45M10439,11.812
sub-DSAR45M10440,11.1837
sub-DSAR45M10441,9.5415
sub-DSAR45M10442,13.9549
sub-DSAR45M10443,11.3516
sub-DSAR45M10444,8.5347
sub-DSAR45M10445,8.1783
sub-DSAR45M10446,14.2018
sub-DSAR45M10447,10.4888
sub-DSAR45M10448,10.1297
sub-DSAR45M10449,9.9799
sub-DSAR45M10450,14.1522
sub-DSAR45M10451,6.4604
sub-DSAR45M10452,18.7304
sub-DSAR45M10453,5.042
sub-DSAR45M10454,11.4758
sub-DSAR45M10455,17.4124
sub-DSAR45M10456,
sub-DSAR45M10457,15.723
sub-DSAR45M10458,3.5029
sub-DSAR45M10459,13.5275
sub-DSAR45M10460,8.6606
sub-DSAR45M10461,8.3196
sub-DSAR45M10462,12.0523
sub-DSAR45M10463,10.5729
sub-DSAR45M10464,7.129
sub-DSAR45M10465,17.9523
sub-DSAR45M10466,13.7284
sub-DSAR45M10467,9.9788
sub-DSAR45M10468,9.7229
sub-DSAR45M10469,13.2282
sub-DSAR45M10470,10.2393
sub-DSAR45M10471,16.1736
sub-DSAR45M10472,14.8629
sub-DSAR45M10473,14.9694
sub-DSAR45M10474,8.7323
sub-DSAR45M10475,12.3305
sub-DSAR45M10476,14.942
sub-DSAR45M10477,7.2235
sub-DSAR45M10478,12.9683
sub-DSAR45M10479,
sub-DSAR45M10480,8.1517
sub-DSAR45M10481,16.6616
sub-DSAR45M10482,11.9751
sub-DSAR45M10483,4.737
sub-DSAR45M10484,15.3616
sub-DSAR45M10485,17.5252
sub-DSAR45M10486,10.5479
sub-DSAR45M10487,10.3173
sub-DSAR45M10488,8.6021
sub-DSAR45M10489,9.0955
sub-DSAR45M10490,
sub-DSAR45M10491,11.9222
sub-DSAR45M10492,11.633
sub-DSAR45M10493,7.7065
sub-DSAR45M10494,7.7395
sub-DSAR45M10495,
sub-DSAR45M10496,11.2959
sub-DSAR45M10497,14.5102
sub-DSAR45M10498,10.8329
sub-DSAR45M10499,9.7631
sub-DSAR45M10500,9.7988
sub-DSAR45M10501,7.6647
sub-DSAR45M10502,12.0194
sub-DSAR45M10503,15.8205
sub-DSAR45M10504,17.4817
sub-DSAR45M10505,13.4891
sub-DSAR45M10506,11.2634
sub-DSAR45M10507,
sub-DSAR45M10508,2.0398
sub-DSAR45M10509,13.9929
sub-DSAR45M10510,13.9361
sub-DSAR45M10511,16.1943
sub-DSAR45M10512,14.4805
sub-DSAR45M10513,18.3657
sub-DSAR45M10514,14.0286
sub-DSAR45M10515,13.7144
sub-DSAR45M10516,17.6776
sub-DSAR45M10517,13.7002
sub-DSAR45M10518,17.783
sub-DSAR45M10519,5.3141
sub-DSAR45M10520,11.0371
sub-DSAR45M10521,13.4598
sub-DSAR45M10522,18.5075
sub-DSAR45M10523,12.3288
sub-DSAR45M10524,17.5645
sub-DSAR45M10525,8.7669
sub-DSAR45M10526,17.7971
sub-DSAR45M10527,9.513
sub-DSAR45M10528,14.2934
sub-DSAR45M10529,13.2885
sub-DSAR45M10530,11.344
sub-DSAR45M10531,10.5626
sub-DSAR45M10532,12.4677
sub-DSAR45M10533,12.8159
sub-DSAR45M10534,13.4217
sub-DSAR45M10535,11.5974
sub-DSAR45M10536,15.8067
sub-DSAR45M10537,12.3728
sub-DSAR45M10538,14.4198
sub-DSAR45M10539,16.5746
sub-DSAR45M10540,19.7376
sub-DSAR45M10541,10.3898
sub-DSAR45M10542,14.0843
sub-DSAR45M10543,15.5663
sub-DSAR45M10544,11.812
sub-DSAR45M10545,10.9927
sub-DSAR45M10546,12.5253
sub-DSAR45M10547,13.5488
sub-DSAR45M10548,9.3739
sub-DSAR45M10549,18.6139
sub-DSAR45M10550,12.9953
sub-DSAR45M10551,12.7976
sub-DSAR45M10552,12.2452
sub-DSAR45M10553,10.5613
sub-DSAR45M10554,10.4805
sub-DSAR45M10555,15.0937
sub-DSAR45M10556,9.6422
sub-DSAR45M10557,11.7504
sub-DSAR45M10558,15.0411
sub-DSAR45M10559,13.2106
sub-DSAR45M10560,
sub-DSAR45M10561,16.5742
sub-DSAR45M10562,8.6162
sub-DSAR45M10563,9.9517
sub-DSAR45M10564,10.2542
sub-DSAR45M10565,
sub-DSAR45M10566,12.3135
sub-DSAR45M10567,12.0519
sub-DSAR45M10568,14.8896
sub-DSAR45M10569,12.6018
sub-DSAR45M10570,9.7038
sub-DSAR45M10571,18.0451
sub-DSAR45M10572,15.3871
sub-DSAR45M10573,11.1169
sub-DSAR45M10574,17.0736
sub-DSAR45M10575,12.5511
sub-DSAR45M10576,14.6634
sub-DSAR45M10577,15.3482
sub-DSAR45M10578,10.0472
sub-DSAR45M10579,16.0422
sub-DSAR45M10580,12.0369
sub-DSAR45M10581,13.1991
sub-DSAR45M10582,11.4324
sub-DSAR45M10583,11.5719
sub-DSAR45M10584,5.5899
sub-DSAR45M10585,12.0376
sub-DSAR45M10586,9.4893
sub-DSAR45M10587,9.5471
sub-DSAR45M10588,10.1999
sub-DSAR45M10589,13.1816
sub-DSAR45M10590,15.8372
sub-DSAR45M10591,8.6532
sub-DSAR45M10592,12.0466
sub-DSAR45M10593,12.4073
sub-DSAR45M10594,10.8562
sub-DSAR45M10595,15.3988
sub-DSAR45M10596,10.4685
sub-DSAR45M10597,13.0136
sub-DSAR45M10598,13.762
sub-DSAR45M10599,14.3477
sub-DSAR45M10600,7.277
sub-DSAR45M10601,11.8607
sub-DSAR45M10602,11.2384
sub-DSAR45M10603,15.5256
sub-DSAR45M10604,10.6712
sub-DSAR45M10605,11.2384
sub-DSAR45M10606,13.6849
sub-DSAR45M10607,15.6067
sub-DSAR45M10608,10.4984
sub-DSAR45M10609,17.0398
sub-DSAR45M10610,12.5845
sub-DSAR45M10611,14.063
sub-DSAR45M10612,15.5198
sub-DSAR45M10613,12.647
sub-DSAR45M10614,18.6857
sub-DSAR45M10615,13.0121
sub-DSAR45M10616,10.6859
sub-DSAR45M10617,11.2557
sub-DSAR45M10618,20.4461
sub-DSAR45M10619,13.4213
sub-DSAR45M10620,12.0482
sub-DSAR45M10621,4.6279
sub-DSAR45M10622,11.1599
sub-DSAR45M10623,11.8362
sub-DSAR45M10624,14.6605
sub-DSAR45M10625,8.6543
sub-DSAR45M10626,7.7415
sub-DSAR45M10627,10.8254
sub-DSAR45M10628,13.9966
sub-DSAR45M10629,8.2793
sub-DSAR45M10630,18.9717
sub-DSAR45M10631,
sub-DSAR45M10632,17.4748
sub-DSAR45M10633,7.0513
sub-DSAR45M10634,15.2814
sub-DSAR45M10635,13.9723
sub-DSAR45M10636,10.2939
sub-DSAR45M10637,7.4785
sub-DSAR45M10638,13.062
sub-DSAR45M10639,15.9995
sub-DSAR45M10640,13.0763
sub-DSAR45M10641,19.0614
sub-DSAR45M10642,11.8383
sub-DSAR45M10643,11.7384
sub-DSAR45M10644,8.7854
sub-DSAR45M10645,15.5135
sub-DSAR45M10646,10.7177
sub-DSAR45M10647,12.7072
sub-DSAR45M10648,0.3255
sub-DSAR45M10649,18.5177
sub-DSAR45M10650,11.5709
sub-DSAR45M10651,12.1096
sub-DSAR45M10652,12.0359
sub-DSAR45M10653,10.4347
sub-DSAR45M10654,9.3768
sub-DSAR45M10655,14.9915
sub-DSAR45M10656,14.311
sub-DSAR45M10657,15.1644
sub-DSAR45M10658,14.7639
sub-DSAR45M10659,7.3247
sub-DSAR45M10660,17.6174
sub-DSAR45M10661,14.1295
sub-DSAR45M10662,3.9844
sub-DSAR45M10663,17.9411
sub-DSAR45M10664,14.2323
sub-DSAR45M10665,12.6632
sub-DSAR45M10666,18.7615
sub-DSAR45M10667,16.3848
sub-DSAR45M10668,9.7952
sub-DSAR45M10669,14.0092
sub-DSAR45M10670,11.0935
sub-DSAR45M10671,15.3866
sub-DSAR45M10672,11.1924
sub-DSAR45M10673,16.1166
sub-DSAR45M10674,9.6851
sub-DSAR45M10675,8.9468
sub-DSAR45M10676,16.4535
sub-DSAR45M10677,
sub-DSAR45M10678,14.0589
sub-DSAR45M10679,13.0724
sub-DSAR45M10680,13.3032
sub-DSAR45M10681,7.165
sub-DSAR45M10682,15.5235
sub-DSAR45M10683,13.5228
sub-DSAR45M10684,8.1988
sub-DSAR45M10685,18.0188
sub-DSAR45M10686,17.0428
sub-DSAR45M10687,8.2868
sub-DSAR45M10688,5.945
sub-DSAR45M10689,5.7097
sub-DSAR45M10690,8.4914
sub-DSAR45M10691,15.2012
sub-DSAR45M10692,14.4117
sub-DSAR45M10693,8.8756
sub-DSAR45M10694,13.3734
sub-DSAR45M10695,12.1505
sub-DSAR45M10696,12.5752
sub-DSAR45M10697,14.7122
sub-DSAR45M10698,19.0193
sub-DSAR45M10699,13.3424
sub-DSAR45M10700,12.927
sub-DSAR45M10701,10.8194
sub-DSAR45M10702,8.771
sub-DSAR45M10703,13.2098
sub-DSAR45M10704,9.7024
sub-DSAR45M10705,7.6777
sub-DSAR45M10706,12.5793
sub-DSAR45M10707,10.3366
sub-DSAR45M10708,8.8543
sub-DSAR45M10709,11.4063
sub-DSAR45M10710,13.8891
sub-DSAR45M10711,14.596
sub-DSAR45M10712,6.1449
sub-DSAR45M10713,12.3617
sub-DSAR45M10714,9.6685
sub-DSAR45M10715,17.2589
sub-DSAR45M10716,11.1823
sub-DSAR45M10717,10.6521
sub-DSAR45M10718,9.7057
sub-DSAR45M10719,13.7981
sub-DSAR45M10720,10.8071
sub-DSAR45M10721,11.4145
sub-DSAR45M10722,10.7386
sub-DSAR45M10723,14.1264
sub-DSAR45M10724,8.7057
sub-DSAR45M10725,12.6148
sub-DSAR45M10726,14.583
sub-DSAR45M10727,14.3127
sub-DSAR45M10728,12.4454
sub-DSAR45M10729,
sub-DSAR45M10730,13.5081
sub-DSAR45M10731,18.399
sub-DSAR45M10732,14.611
sub-DSAR45M10733,4.4425
sub-DSAR45M10734,10.6223
sub-DSAR45M10735,11.3584
sub-DSAR45M10736,13.4808
sub-DSAR45M10737,6.2591
sub-DSAR45M10738,10.4003
sub-DSAR45M10739,11.5034
sub-DSAR45M10740,11.6643
sub-DSAR45M10741,16.5586
sub-DSAR45M10742,10.9802
sub-DSAR45M10743,7.5605
sub-DSAR45M10744,8.6555
sub-DSAR45M10745,11.9327
sub-DSAR45M10746,17.7673
sub-DSAR45M10747,12.0904
sub-DSAR45M10748,9.9635
sub-DSAR45M10749,12.0337
sub-DSAR45M10750,14.3023
sub-DSAR45M10751,12.3966
sub-DSAR45M10752,13.3221
sub-DSAR45M10753,12.4064
sub-DSAR45M10754,13.7
sub-DSAR45M10755,8.6521
sub-DSAR45M10756,12.1459
sub-DSAR45M10757,8.6476
sub-DSAR45M10758,6.8885
sub-DSAR45M10759,15.5057
sub-DSAR45M10760,9.5096
sub-DSAR45M10761,15.4719
sub-DSAR45M10762,10.7345
sub-DSAR45M10763,17.3999
sub-DSAR45M10764,8.9859
sub-DSAR45M10765,8.5521
sub-DSAR45M10766,11.6661
sub-DSAR45M10767,8.4651
sub-DSAR45M10768,14.1376
sub-DSAR45M10769,13.8207
sub-DSAR45M10770,8.2253
sub-DSAR45M10771,14.8546
sub-DSAR45M10772,7.7735
sub-DSAR45M10773,10.8587
sub-DSAR45M10774,11.2055
sub-DSAR45M10775,8.4935
sub-DSAR45M10776,14.2316
sub-DSAR45M10777,10.4891
sub-DSAR45M10778,11.2606
sub-DSAR45M10779,13.1284
sub-DSAR45M10780,11.7095
sub-DSAR45M10781,14.4943
sub-DSAR45M10782,16.1972
sub-DSAR45M10783,13.4454
sub-DSAR45M10784,12.737
sub-DSAR45M10785,15.2058
sub-DSAR45M10786,8.5303
sub-DSAR45M10787,15.9392
sub-DSAR45M10788,8.4515
sub-DSAR45M10789,10.9203
sub-DSAR45M10790,7.0989
sub-DSAR45M10791,10.3873
sub-DSAR45M10792,15.8486
sub-DSAR45M10793,13.3081
sub-DSAR45M10794,11.4144
sub-DSAR45M10795,12.9963
sub-DSAR45M10796,20.4342
sub-DSAR45M10797,10.396
sub-DSAR45M10798,14.834
sub-DSAR45M10799,13.3312
sub-DSAR45M10800,13.9443
sub-DSAR45M10801,13.3117
sub-DSAR45M10802,15.0526
sub-DSAR45M10803,11.0707
sub-DSAR45M10804,16.8003
sub-DSAR45M10805,6.4549
sub-DSAR45M10806,5.8395
sub-DSAR45M10807,15.4539
sub-DSAR45M10808,8.0958
sub-DSAR45M10809,9.581
sub-DSAR45M10810,13.4422
sub-DSAR45M10811,12.9336
sub-DSAR45M10812,17.9344
sub-DSAR45M10813,10.1338
sub-DSAR45M10814,14.5058
sub-DSAR45M10815,14.1376
sub-DSAR45M10816,15.0667
sub-DSAR45M10817,10.3813
sub-DSAR45M10818,17.8218
sub-DSAR45M10819,7.2442
sub-DSAR45M10820,4.985
sub-DSAR45M10821,15.4918
sub-DSAR45M10822,9.3521
sub-DSAR45M10823,15.169
sub-DSAR45M10824,10.7722
sub-DSAR45M10825,
sub-DSAR45M10826,7.1791
sub-DSAR45M10827,14.4928
sub-DSAR45M10828,10.7876
sub-DSAR45M10829,14.1929
sub-DSAR45M10830,17.151
sub-DSAR45M10831,12.6962
sub-DSAR45M10832,8.3303
sub-DSAR45M10833,11.7708
sub-DSAR45M10834,16.5298
sub-DSAR45M10835,11.9754
sub-DSAR45M10836,16.3275
sub-DSAR45M10837,15.7657
sub-DSAR45M10838,9.9364
sub-DSAR45M10839,14.6281
sub-DSAR45M10840,13.3404
sub-DSAR45M10841,11.6003
sub-DSAR45M10842,12.8345
sub-DSAR45M10843,15.3316
sub-DSAR45M10844,10.4579
sub-DSAR45M10845,13.1497
sub-DSAR45M10846,9.8841
sub-DSAR45M10847,7.672
sub-DSAR45M10848,10.9678
sub-DSAR45M10849,15.3005
sub-DSAR45M10850,11.1247
sub-DSAR45M10851,13.763
sub-DSAR45M10852,9.3556
sub-DSAR45M10853,18.2661
sub-DSAR45M10854,12.4034
sub-DSAR45M10855,14.0367
sub-DSAR45M10856,14.6957
sub-DSAR45M10857,5.8617
sub-DSAR45M10858,6.6799
sub-DSAR45M10859,13.9381
sub-DSAR45M10860,16.5207
sub-DSAR45M10861,16.4082
sub-DSAR45M10862,9.6846
sub-DSAR45M10863,12.1399
sub-DSAR45M10864,15.6687
sub-DSAR45M10865,17.1178
sub-DSAR45M10866,13.3055
sub-DSAR45M10867,7.6446
sub-DSAR45M10868,10.3952
sub-DSAR45M10869,12.3633
sub-DSAR45M10870,18.0684
sub-DSAR45M10871,15.8329
sub-DSAR45M10872,16.4616
sub-DSAR45M10873,12.8408
sub-DSAR45M10874,12.0935
sub-DSAR45M10875,11.7041
sub-DSAR45M10876,12.1071
sub-DSAR45M10877,10.3548
sub-DSAR45M10878,15.074
sub-DSAR45M10879,10.0263
sub-DSAR45M10880,11.8585
sub-DSAR45M10881,11.1824
sub-DSAR45M10882,8.868
sub-DSAR45M10883,9.6207
sub-DSAR45M10884,13.3145
sub-DSAR45M10885,10.5099
sub-DSAR45M10886,13.6927
sub-DSAR45M10887,13.6383
sub-DSAR45M10888,10.1397
sub-DSAR45M10889,14.2677
sub-DSAR45M10890,14.1058
sub-DSAR45M10891,15.2506
sub-DSAR45M10892,14.9706
sub-DSAR45M10893,9.18
sub-DSAR45M10894,14.4264
sub-DSAR45M10895,11.6283
sub-DSAR45M10896,11.3761
sub-DSAR45M10897,12.3598
sub-DSAR45M10898,14.1545
sub-DSAR45M10899,11.7767
sub-DSAR45M10900,10.1835
sub-DSAR45M10901,13.3316
sub-DSAR45M10902,6.9249
sub-DSAR45M10903,18.1608
sub-DSAR45M10904,11.218
sub-DSAR45M10905,9.1718
sub-DSAR45M10906,
sub-DSAR45M10907,9.7275
sub-DSAR45M10908,12.003
sub-DSAR45M10909,11.1734
sub-DSAR45M10910,9.8469
sub-DSAR45M10911,15.9451
sub-DSAR45M10912,17.3926
sub-DSAR45M10913,10.6653
sub-DSAR45M10914,12.907
sub-DSAR45M10915,12.638
sub-DSAR45M10916,14.9861
sub-DSAR45M10917,12.9217
sub-DSAR45M10918,13.571
sub-DSAR45M10919,11.715
sub-DSAR45M10920,9.9054
sub-DSAR45M10921,6.4766
sub-DSAR45M10922,17.4714
sub-DSAR45M10923,10.2708
sub-DSAR45M10924,10.0082
sub-DSAR45M10925,11.3458
sub-DSAR45M10926,12.5023
sub-DSAR45M10927,13.1383
sub-DSAR45M10928,15.3712
sub-DSAR45M10929,15.7103
sub-DSAR45M10930,15.3619
sub-DSAR45M10931,14.2676
sub-DSAR45M10932,10.9013
sub-DSAR45M10933,16.9908
sub-DSAR45M10934,14.409
sub-DSAR45M10935,13.4899
sub-DSAR45M10936,12.5075
sub-DSAR45M10937,8.1558
sub-DSAR45M10938,11.5583
sub-DSAR45M10939,12.3094
sub-DSAR45M10940,13.8629
sub-DSAR45M10941,13.945
sub-DSAR45M10942,12.0567
sub-DSAR45M10943,6.8693
sub-DSAR45M10944,15.6479
sub-DSAR45M10945,14.0836
sub-DSAR45M10946,8.1968
sub-DSAR45M10947,18.0534
sub-DSAR45M10948,12.3337
sub-DSAR45M10949,14.0017
sub-DSAR45M10950,15.1247
sub-DSAR45M10951,16.7627
sub-DSAR45M10952,6.6343
sub-DSAR45M10953,18.8368
sub-DSAR45M10954,14.4544
sub-DSAR45M10955,12.8761
sub-DSAR45M10956,14.7233
sub-DSAR45M10957,9.5838
sub-DSAR45M10958,12.3163
sub-DSAR45M10959,11.7236
sub-DSAR45M10960,11.9186
sub-DSAR45M10961,9.7384
sub-DSAR45M10962,11.2246
sub-DSAR45M10963,18.441
sub-DSAR45M10964,12.206
sub-DSAR45M10965,10.3474
sub-DSAR45M10966,13.2793
sub-DSAR45M10967,11.5533
sub-DSAR45M10968,13.7021
sub-DSAR45M10969,13.1692
sub-DSAR45M10970,8.8521
sub-DSAR45M10971,14.5712
sub-DSAR45M10972,8.6914
sub-DSAR45M10973,14.2017
sub-DSAR45M10974,13.1902
sub-DSAR45M10975,12.2411
sub-DSAR45M10976,7.7136
sub-DSAR45M10977,12.8272
sub-DSAR45M10978,13.4117
sub-DSAR45M10979,8.9166
sub-DSAR45M10980,12.4397
sub-DSAR45M10981,14.08
sub-DSAR45M10982,10.9439
sub-DSAR45M10983,15.4463
sub-DSAR45M10984,10.5474
sub-DSAR45M10985,8.7577
sub-DSAR45M10986,9.8754
sub-DSAR45M10987,12.1529
sub-DSAR45M10988,17.6032
sub-DSAR45M10989,12.2992
sub-DSAR45M10990,15.7616
sub-DSAR45M10991,12.4376
sub-DSAR45M10992,13.4587
sub-DSAR45M10993,13.7642
sub-DSAR45M10994,10.0197
sub-DSAR45M10995,5.2491
sub-DSAR45M10996,11.363
sub-DSAR45M10997,17.593
sub-DSAR45M10998,13.7674
sub-DSAR45M10999,10.5423
sub-DSAR45M11000,2.2087
sub-DSAR45M11001,10.3125
sub-DSAR45M11002,12.9351
sub-DSAR45M11003,10.5168
sub-DSAR45M11004,11.9538
sub-DSAR45M11005,11.0017
sub-DSAR45M11006,16.3719
sub-DSAR45M11007,
sub-DSAR45M11008,11.0249
sub-DSAR45M11009,13.7593
sub-DSAR45M11010,13.7523
sub-DSAR45M11011,15.8203
sub-DSAR45M11012,11.0017
sub-DSAR45M11013,11.9391
sub-DSAR45M11014,10.0764
sub-DSAR45M11015,14.2305
sub-DSAR45M11016,20.0044
sub-DSAR45M11017,13.6013
sub-DSAR45M11018,13.4718
sub-DSAR45M11019,10.0519
sub-DSAR45M11020,11.4475
sub-DSAR45M11021,10.5419
sub-DSAR45M11022,13.249
sub-DSAR45M11023,9.7193
sub-DSAR45M11024,9.8835
sub-DSAR45M11025,19.8179
sub-DSAR45M11026,10.1317
sub-DSAR45M11027,5.8151
sub-DSAR45M11028,9.5951
sub-DSAR45M11029,15.84
sub-DSAR45M11030,17.9061
sub-DSAR45M11031,10.3298
sub-DSAR45M11032,9.2179
sub-DSAR45M11033,10.9323
sub-DSAR45M11034,7.3819
sub-DSAR45M11035,14.6369
sub-DSAR45M11036,7.3058
sub-DSAR45M11037,10.2819
sub-DSAR45M11038,10.7565
sub-DSAR45M11039,17.3722
sub-DSAR45M11040,11.0778
sub-DSAR45M11041,11.827
sub-DSAR45M11042,7.9353
sub-DSAR45M11043,15.7596
sub-DSAR45M11044,17.9095
sub-DSAR45M11045,8.9279
sub-DSAR45M11046,15.0427
sub-DSAR45M11047,11.7067
sub-DSAR45M11048,10.5967
sub-DSAR45M11049,8.8952
sub-DSAR45M11050,13.1133
sub-DSAR45M11051,15.6157
sub-DSAR45M11052,16.4565
sub-DSAR45M11053,
sub-DSAR45M11054,11.316
sub-DSAR45M11055,11.8272
sub-DSAR45M11056,9.0067
sub-DSAR45M11057,11.725
sub-DSAR45M11058,11.287
sub-DSAR45M11059,13.4486
sub-DSAR45M11060,13.7499
sub-DSAR45M11061,14.4273
sub-DSAR45M11062,10.5312
sub-DSAR45M11063,12.4054
sub-DSAR45M11064,10.4728
sub-DSAR45M11065,8.5611
sub-DSAR45M11066,9.4414
sub-DSAR45M11067,6.1816
sub-DSAR45M11068,12.6461
sub-DSAR45M11069,15.5916
sub-DSAR45M11070,15.103
sub-DSAR45M11071,13.5952
sub-DSAR45M11072,9.8439
sub-DSAR45M11073,16.3153
sub-DSAR45M11074,11.0108
sub-DSAR45M11075,5.9829
sub-DSAR45M11076,11.5955
sub-DSAR45M11077,17.5123
sub-DSAR45M11078,13.0648
sub-DSAR45M11079,14.2516
sub-DSAR45M11080,9.7758
sub-DSAR45M11081,10.3184
sub-DSAR45M11082,12.9655
sub-DSAR45M11083,13.9952
sub-DSAR45M11084,14.6023
sub-DSAR45M11085,14.2113
sub-DSAR45M11086,12.6505
sub-DSAR45M11087,12.4345
sub-DSAR45M11088,18.5842
sub-DSAR45M11089,11.9625
sub-DSAR45M11090,13.3958
sub-DSAR45M11091,12.8123
sub-DSAR45M11092,12.6306
sub-DSAR45M11093,11.9524
sub-DSAR45M11094,13.049
sub-DSAR45M11095,9.6957
sub-DSAR45M11096,9.4444
sub-DSAR45M11097,12.9679
sub-DSAR45M11098,13.062
sub-DSAR45M11099,7.6114
sub-DSAR45M11100,18.7244
sub-DSAR45M11101,14.8977
sub-DSAR45M11102,14.7351
sub-DSAR45M11103,14.4073
sub-DSAR45M11104,12.9795
sub-DSAR45M11105,12.2381
sub-DSAR45M11106,8.5352
sub-DSAR45M11107,16.3356
sub-DSAR45M11108,15.9462
sub-DSAR45M11109,20.2132
sub-DSAR45M11110,7.4992
sub-DSAR45M11111,15.9415
sub-DSAR45M11112,8.2224
sub-DSAR45M11113,11.551
sub-DSAR45M11114,8.2971
sub-DSAR45M11115,10.897
sub-DSAR45M11116,8.9161
sub-DSAR45M11117,12.0558
sub-DSAR45M11118,10.1394
sub-DSAR45M11119,12.0273
sub-DSAR45M11120,13.7735
sub-DSAR45M11121,16.979
sub-DSAR45M11122,14.2133
sub-DSAR45M11123,16.3942
sub-DSAR45M11124,10.114
sub-DSAR45M11125,16.5165
sub-DSAR45M11126,15.4038
sub-DSAR45M11127,13.7726
sub-DSAR45M11128,15.6108
sub-DSAR45M11129,12.848
sub-DSAR45M11130,13.0705
sub-DSAR45M11131,10.736
sub-DSAR45M11132,15.2404
sub-DSAR45M11133,15.5345
sub-DSAR45M11134,11.7537
sub-DSAR45M11135,16.9685
sub-DSAR45M11136,11.2855
sub-DSAR45M11137,14.4323
sub-DSAR45M11138,6.5096
sub-DSAR45M11139,9.0752
sub-DSAR45M11140,14.0878
sub-DSAR45M11141,17.3959
sub-DSAR45M11142,18.6157
sub-DSAR45M11143,9.9164
sub-DSAR45M11144,8.7565
sub-DSAR45M11145,14.0729
sub-DSAR45M11146,10.5711
sub-DSAR45M11147,11.302
sub-DSAR45M11148,
sub-DSAR45M11149,14.6034
sub-DSAR45M11150,11.7394
sub-DSAR45M11151,16.547
sub-DSAR45M11152,10.4619
sub-DSAR45M11153,12.09
sub-DSAR45M11154,17.0062
sub-DSAR45M11155,16.1393
sub-DSAR45M11156,13.5576
sub-DSAR45M11157,12.3379
sub-DSAR45M11158,11.8911
sub-DSAR45M11159,7.7957
sub-DSAR45M11160,11.2284
sub-DSAR45M11161,15.8793
sub-DSAR45M11162,11.712
sub-DSAR45M11163,18.381
sub-DSAR45M11164,11.2171
sub-DSAR45M11165,9.4408
sub-DSAR45M11166,9.4777
sub-DSAR45M11167,13.1591
sub-DSAR45M11168,10.4203
sub-DSAR45M11169,9.1844
sub-DSAR45M11170,8.3938
sub-DSAR45M11171,9.1396
sub-DSAR45M11172,12.8138
sub-DSAR45M11173,14.3124
sub-DSAR45M11174,15.9409
sub-DSAR45M11175,20.6055
sub-DSAR45M11176,9.2828
sub-DSAR45M11177,13.5931
sub-DSAR45M11178,8.1994
sub-DSAR45M11179,13.347
sub-DSAR45M11180,10.4581
sub-DSAR45M11181,12.5699
sub-DSAR45M11182,15.7776
sub-DSAR45M11183,12.3076
sub-DSAR45M11184,15.523
sub-DSAR45M11185,14.0458
sub-DSAR45M11186,14.6758
sub-DSAR45M11187,18.415
sub-DSAR45M11188,18.9529
sub-DSAR45M11189,16.2448
sub-DSAR45M11190,8.893
sub-DSAR45M11191,8.9667
sub-DSAR45M11192,12.0198
sub-DSAR45M11193,16.0996
sub-DSAR45M11194,
sub-DSAR45M11195,9.3203
sub-DSAR45M11196,17.8172
sub-DSAR45M11197,4.1449
sub-DSAR45M11198,12.2769
sub-DSAR45M11199,10.7386
sub-DSAR45M11200,13.2279
sub-DSAR45M11201,11.9969
sub-DSAR45M11202,10.3575
sub-DSAR45M11203,8.8128
sub-DSAR45M11204,16.5792
sub-DSAR45M11205,15.0545
sub-DSAR45M11206,14.0913
sub-DSAR45M11207,8.7788
sub-DSAR45M11208,7.4473
sub-DSAR45M11209,16.1114
sub-DSAR45M11210,
sub-DSAR45M11211,11.6776
sub-DSAR45M11212,14.1692
sub-DSAR45M11213,13.5318
sub-DSAR45M11214,6.8412
sub-DSAR45M11215,9.4375
sub-DSAR45M11216,12.165
sub-DSAR45M11217,17.4958
sub-DSAR45M11218,13.185
sub-DSAR45M11219,
sub-DSAR45M11220,12.7458
sub-DSAR45M11221,10.1715
sub-DSAR45M11222,6.162
sub-DSAR45M11223,14.3503
sub-DSAR45M11224,13.3882
sub-DSAR45M11225,11.3682
sub-DSAR45M11226,12.7959
sub-DSAR45M11227,15.4403
sub-DSAR45M11228,15.2607
sub-DSAR45M11229,8.4158
sub-DSAR45M11230,12.4873
sub-DSAR45M11231,14.7508
sub-DSAR45M11232,
sub-DSAR45M11233,12.9109
sub-DSAR45M11234,12.9577
sub-DSAR45M11235,9.0143
sub-DSAR45M11236,11.6154
sub-DSAR45M11237,15.4363
sub-DSAR45M11238,11.7335
sub-DSAR45M11239,11.358
sub-DSAR45M11240,12.4883
sub-DSAR45M11241,14.2113
sub-DSAR45M11242,16.66
sub-DSAR45M11243,14.4752
sub-DSAR45M11244,14.2456
sub-DSAR45M11245,10.5326
sub-DSAR45M11246,13.4589
sub-DSAR45M11247,12.4183
sub-DSAR45M11248,14.0666
sub-DSAR45M11249,16.0445
sub-DSAR45M11250,12.208
sub-DSAR45M11251,9.8066
sub-DSAR45M11252,14.3299
sub-DSAR45M11253,12.0919
sub-DSAR45M11254,13.324
sub-DSAR45M11255,14.5371
sub-DSAR45M11256,16.6914
sub-DSAR45M11257,6.9642
sub-DSAR45M11258,13.4678
sub-DSAR45M11259,12.0845
sub-DSAR45M11260,15.1681
sub-DSAR45M11261,11.3118
sub-DSAR45M11262,11.4761
sub-DSAR45M11263,10.1872
sub-DSAR45M11264,14.5533
sub-DSAR45M11265,11.3593
sub-DSAR45M11266,17.6358
sub-DSAR45M11267,14.043
sub-DSAR45M11268,9.511
sub-DSAR45M11269,13.96
sub-DSAR45M11270,11.6607
sub-DSAR45M11271,12.0908
sub-DSAR45M11272,14.461
sub-DSAR45M11273,9.0223
sub-DSAR45M11274,12.4669
sub-DSAR45M11275,14.4405
sub-DSAR45M11276,14.4489
sub-DSAR45M11277,13.2915
sub-DSAR45M11278,13.0456
sub-DSAR45M11279,13.3919
sub-DSAR45M11280,14.3866
sub-DSAR45M11281,14.8071
sub-DSAR45M11282,
sub-DSAR45M11283,17.6793
sub-DSAR45M11284,11.5177
sub-DSAR45M11285,10.308
sub-DSAR45M11286,21.5239
sub-DSAR45M11287,13.5322
sub-DSAR45M11288,12.7624
sub-DSAR45M11289,11.3882
sub-DSAR45M11290,15.6692
sub-DSAR45M11291,14.1626
sub-DSAR45M11292,10.9607
sub-DSAR45M11293,
sub-DSAR45M11294,10.5789
sub-DSAR45M11295,15.4579
sub-DSAR45M11296,10.9438
sub-DSAR45M11297,10.1205
sub-DSAR45M11298,12.5603
sub-DSAR45M11299,14.4067
sub-DSAR45M11300,19.0076
sub-DSAR45M11301,11.4888
sub-DSAR45M11302,9.2762
sub-DSAR45M11303,15.6091
sub-DSAR45M11304,8.2652
sub-DSAR45M11305,16.0536
sub-DSAR45M11306,18.5186
sub-DSAR45M11307,11.3463
sub-DSAR45M11308,11.9112
sub-DSAR45M11309,10.3371
sub-DSAR45M11310,11.7989
sub-DSAR45M11311,12.0832
sub-DSAR45M11312,16.7126
sub-DSAR45M11313,6.7473
sub-DSAR45M11314,9.9041
sub-DSAR45M11315,14.7391
sub-DSAR45M11316,12.2473
sub-DSAR45M11317,6.7473
sub-DSAR45M11318,13.9176
sub-DSAR45M11319,12.871
sub-DSAR45M11320,14.6438
sub-DSAR45M11321,
sub-DSAR45M11322,11.6105
sub-DSAR45M11323,8.9145
sub-DSAR45M11324,11.199
sub-DSAR45M11325,14.6537
sub-DSAR45M11326,10.6746
sub-DSAR45M11327,12.8189
sub-DSAR45M11328,12.3561
sub-DSAR45M11329,
sub-DSAR45M11330,13.6698
sub-DSAR45M11331,12.0338
sub-DSAR45M11332,19.1989
sub-DSAR45M11333,10.1766
sub-DSAR45M11334,13.2881
sub-DSAR45M11335,15.0404
sub-DSAR45M11336,15.4067
sub-DSAR45M11337,16.5068
sub-DSAR45M11338,13.4475
sub-DSAR45M11339,10.4834
sub-DSAR45M11340,9.3411
sub-DSAR45M11341,14.8789
sub-DSAR45M11342,11.9625
sub-DSAR45M11343,9.5234
sub-DSAR45M11344,16.2291
sub-DSAR45M11345,11.1611
sub-DSAR45M11346,13.7905
sub-DSAR45M11347,12.8262
sub-DSAR45M11348,13.3253
sub-DSAR45M11349,13.7858
sub-DSAR45M11350,
sub-DSAR45M11351,14.1322
sub-DSAR45M11352,8.4245
sub-DSAR45M11353,12.0674
sub-DSAR45M11354,9.8964
sub-DSAR45M11355,10.9087
sub-DSAR45M11356,13.6019
sub-DSAR45M11357,14.4683
sub-DSAR45M11358,14.8377
sub-DSAR45M11359,11.2378
sub-DSAR45M11360,11.8083
sub-DSAR45M11361,14.2418
sub-DSAR45M11362,13.3962
sub-DSAR45M11363,2.9541
sub-DSAR45M11364,19.2407
sub-DSAR45M11365,18.2084
sub-DSAR45M11366,16.5477
sub-DSAR45M11367,17.402
sub-DSAR45M11368,13.3233
sub-DSAR45M11369,8.6787
sub-DSAR45M11370,12.7306
sub-DSAR45M11371,11.0362
sub-DSAR45M11372,11.9244
sub-DSAR45M11373,11.8637
sub-DSAR45M11374,14.4146
sub-DSAR45M11375,10.5086
sub-DSAR45M11376,8.2371
sub-DSAR45M11377,18.356
sub-DSAR45M11378,8.6129
sub-DSAR45M11379,9.2158
sub-DSAR45M11380,12.5412
sub-DSAR45M11381,14.0191
sub-DSAR45M11382,14.5366
sub-DSAR45M11383,
sub-DSAR45M11384,11.3164
sub-DSAR45M11385,
sub-DSAR45M11386,9.6252
sub-DSAR45M11387,12.7487
sub-DSAR45M11388,13.392
sub-DSAR45M11389,7.4452
sub-DSAR45M11390,11.4154
sub-DSAR45M11391,8.5229
sub-DSAR45M11392,9.0555
sub-DSAR45M11393,10.8292
sub-DSAR45M11394,14.1675
sub-DSAR45M11395,14.8207
sub-DSAR45M11396,11.2785
sub-DSAR45M11397,14.6372
sub-DSAR45M11398,11.2431
sub-DSAR45M11399,17.7172
sub-DSAR45M11400,13.3862
sub-DSAR45M11401,12.7529
sub-DSAR45M11402,10.2783
sub-DSAR45M11403,7.7371
sub-DSAR45M11404,15.0267
sub-DSAR45M11405,18.0004
sub-DSAR45M11406,16.6345
sub-DSAR45M11407,11.937
sub-DSAR45M11408,13.8879
sub-DSAR45M11409,12.8019
sub-DSAR45M11410,12.1626
sub-DSAR45M11411,13.2557
sub-DSAR45M11412,13.8629
sub-DSAR45M11413,15.2786
sub-DSAR45M11414,16.7193
sub-DSAR45M11415,14.4923
sub-DSAR45M11416,15.4473
sub-DSAR45M11417,7.6064
sub-DSAR45M11418,
sub-DSAR45M11419,13.5689
sub-DSAR45M11420,11.9832
sub-DSAR45M11421,15.2827
sub-DSAR45M11422,14.2298
sub-DSAR45M11423,13.4004
sub-DSAR45M11424,11.4569
sub-DSAR45M11425,7.6978
sub-DSAR45M11426,9.179
sub-DSAR45M11427,13.6524
sub-DSAR45M11428,11.4755
sub-DSAR45M11429,14.0363
sub-DSAR45M11430,17.3715
sub-DSAR45M11431,14.8981
sub-DSAR45M11432,8.7399
sub-DSAR45M11433,
sub-DSAR45M11434,9.501
sub-DSAR45M11435,10.3894
sub-DSAR45M11436,9.1785
sub-DSAR45M11437,9.9731
sub-DSAR45M11438,10.6623
sub-DSAR45M11439,19.2841
sub-DSAR45M11440,9.9465
sub-DSAR45M11441,15.3427
sub-DSAR45M11442,12.0521
sub-DSAR45M11443,10.9147
sub-DSAR45M11444,11.8425
sub-DSAR45M11445,13.2019
sub-DSAR45M11446,15.8559
sub-DSAR45M11447,12.3232
sub-DSAR45M11448,16.788
sub-DSAR45M11449,13.3299
sub-DSAR45M11450,13.1022
sub-DSAR45M11451,11.3529
sub-DSAR45M11452,13.2671
sub-DSAR45M11453,15.164
sub-DSAR45M11454,5.7124
sub-DSAR45M11455,11.1296
sub-DSAR45M11456,
sub-DSAR45M11457,10.7772
sub-DSAR45M11458,8.6788
sub-DSAR45M11459,12.5689
sub-DSAR45M11460,11.6181
sub-DSAR45M11461,8.1193
sub-DSAR45M11462,6.254
sub-DSAR45M11463,21.7858
sub-DSAR45M11464,12.4528
sub-DSAR45M11465,5.8353
sub-DSAR45M11466,18.5613
sub-DSAR45M11467,14.6336
sub-DSAR45M11468,10.2862
sub-DSAR45M11469,12.9595
sub-DSAR45M11470,8.3425
sub-DSAR45M11471,14.8686
sub-DSAR45M11472,17.4761
sub-DSAR45M11473,13.2256
sub-DSAR45M11474,14.7766
sub-DSAR45M11475,14.414
sub-DSAR45M11476,13.9022
sub-DSAR45M11477,11.192
sub-DSAR45M11478,14.1546
sub-DSAR45M11479,16.6185
sub-DSAR45M11480,
sub-DSAR45M11481,12.4393
sub-DSAR45M11482,10.1557
sub-DSAR45M11483,9.8422
sub-DSAR45M11484,12.6397
sub-DSAR45M11485,10.2933
sub-DSAR45M11486,11.4077
sub-DSAR45M11487,15.3327
sub-DSAR45M11488,11.8937
sub-DSAR45M11489,14.1206
sub-DSAR45M11490,14.4777
sub-DSAR45M11491,7.9538
sub-DSAR45M11492,10.0406
sub-DSAR45M11493,15.1851
sub-DSAR45M11494,7.6003
sub-DSAR45M11495,12.2911
sub-DSAR45M11496,11.5289
sub-DSAR45M11497,13.3734
sub-DSAR45M11498,14.2439
sub-DSAR45M11499,16.6359
sub-DSAR45M11500,8.8382
sub-DSAR45M11501,17.5354
sub-DSAR45M11502,9.3748
sub-DSAR45M11503,14.1594
sub-DSAR45M11504,17.6717
sub-DSAR45M11505,18.4213
sub-DSAR45M11506,6.5257
sub-DSAR45M11507,9.9117
sub-DSAR45M11508,15.3233
sub-DSAR45M11509,14.1409
sub-DSAR45M11510,14.049
sub-DSAR45M11511,12.9667
sub-DSAR45M11512,15.2147
sub-DSAR45M11513,3.6113
sub-DSAR45M11514,6.5993
sub-DSAR45M11515,9.3488
sub-DSAR45M11516,
sub-DSAR45M11517,12.9971
sub-DSAR45M11518,11.5558
sub-DSAR45M11519,7.4981
sub-DSAR45M11520,13.4301
sub-DSAR45M11521,16.1688
sub-DSAR45M11522,12.5126
sub-DSAR45M11523,13.6746
sub-DSAR45M11524,11.9614
sub-DSAR45M11525,4.4983
sub-DSAR45M11526,16.6074
sub-DSAR45M11527,10.746
sub-DSAR45M11528,14.4862
sub-DSAR45M11529,14.324
sub-DSAR45M11530,14.9847
sub-DSAR45M11531,11.9244
sub-DSAR45M11532,11.6756
sub-DSAR45M11533,17.1252
sub-DSAR45M11534,7.1758
sub-DSAR45M11535,14.3155
sub-DSAR45M11536,15.4309
sub-DSAR45M11537,13.7963
sub-DSAR45M11538,16.9035
sub-DSAR45M11539,8.6521
sub-DSAR45M11540,8.1788
sub-DSAR45M11541,9.532
sub-DSAR45M11542,6.0642
sub-DSAR45M11543,9.5488
sub-DSAR45M11544,18.3319
sub-DSAR45M11545,11.3275
sub-DSAR45M11546,14.0027
sub-DSAR45M11547,17.2715
sub-DSAR45M11548,17.8088
sub-DSAR45M11549,12.2351
sub-DSAR45M11550,
sub-DSAR45M11551,12.0824
sub-DSAR45M11552,16.2031
sub-DSAR45M11553,11.1324
sub-DSAR45M11554,15.0299
sub-DSAR45M11555,12.1112
sub-DSAR45M11556,8.3133
sub-DSAR45M11557,19.0004
sub-DSAR45M11558,15.3119
sub-DSAR45M11559,13.4499
sub-DSAR45M11560,9.4118
sub-DSAR45M11561,11.3452
sub-DSAR45M11562,7.2795
sub-DSAR45M11563,10.5586
sub-DSAR45M11564,13.9764
sub-DSAR45M11565,15.586
sub-DSAR45M11566,17.04
sub-DSAR45M11567,14.987
sub-DSAR45M11568,12.8775
sub-DSAR45M11569,19.0968
sub-DSAR45M11570,15.0148
sub-DSAR45M11571,14.0082
sub-DSAR45M11572,13.6651
sub-DSAR45M11573,17.797
sub-DSAR45M11574,10.0768
sub-DSAR45M11575,10.7086
sub-DSAR45M11576,10.4895
sub-DSAR45M11577,15.0732
sub-DSAR45M11578,11.243
sub-DSAR45M11579,8.5123
sub-DSAR45M11580,
sub-DSAR45M11581,
sub-DSAR45M11582,19.4909
sub-DSAR45M11583,10.8317
sub-DSAR45M11584,14.474
sub-DSAR45M11585,
sub-DSAR45M11586,15.4381
sub-DSAR45M11587,18.6896
sub-DSAR45M11588,8.3147
sub-DSAR45M11589,13.6547
sub-DSAR45M11590,15.3237
sub-DSAR45M11591,15.7414
sub-DSAR45M11592,17.7826
sub-DSAR45M11593,17.8386
sub-DSAR45M11594,14.2436
sub-DSAR45M11595,17.6135
sub-DSAR45M11596,15.026
sub-DSAR45M11597,16.1596
sub-DSAR45M11598,14.7244
sub-DSAR45M11599,13.7881
sub-DSAR45M11600,14.1371
sub-DSAR45M11601,14.5961
sub-DSAR45M11602,
sub-DSAR45M11603,17.7508
sub-DSAR45M11604,10.7644
sub-DSAR45M11605,11.9401
sub-DSAR45M11606,18.6668
sub-DSAR45M11607,15.7612
sub-DSAR45M11608,14.1034
sub-DSAR45M11609,15.4421
sub-DSAR45M11610,12.4414
sub-DSAR45M11611,
sub-DSAR45M11612,12.5971
sub-DSAR45M11613,10.785
sub-DSAR45M11614,14.3772
sub-DSAR45M11615,12.925
sub-DSAR45M11616,12.8804
sub-DSAR45M11617,11.8357
sub-DSAR45M11618,9.1781
sub-DSAR45M11619,10.5067
sub-DSAR45M11620,10.233
sub-DSAR45M11621,15.2911
sub-DSAR45M11622,15.9073
sub-DSAR45M11623,14.755
sub-DSAR45M11624,14.6039
sub-DSAR45M11625,7.5417
sub-DSAR45M11626,13.483
sub-DSAR45M11627,16.6813
sub-DSAR45M11628,10.8338
sub-DSAR45M11629,17.4721
sub-DSAR45M11630,10.1531
sub-DSAR45M11631,12.2207
sub-DSAR45M11632,9.1974
sub-DSAR45M11633,11.7241
sub-DSAR45M11634,14.6272
sub-DSAR45M11635,10.0224
sub-DSAR45M11636,20.6917
sub-DSAR45M11637,11.6188
sub-DSAR45M11638,14.9625
sub-DSAR45M11639,17.5654
sub-DSAR45M11640,7.4278
sub-DSAR45M11641,15.5919
sub-DSAR45M11642,7.0158
sub-DSAR45M11643,13.953
sub-DSAR45M11644,8.2641
sub-DSAR45M11645,7.8162
sub-DSAR45M11646,12.8441
sub-DSAR45M11647,6.1302
sub-DSAR45M11648,10.4362
sub-DSAR45M11649,7.5102
sub-DSAR45M11650,14.015
sub-DSAR45M11651,13.9109
sub-DSAR45M11652,
sub-DSAR45M11653,11.8694
sub-DSAR45M11654,7.9903
sub-DSAR45M11655,9.7186
sub-DSAR45M11656,15.729
sub-DSAR45M11657,7.4686
sub-DSAR45M11658,7.0435
sub-DSAR45M11659,9.5218
sub-DSAR45M11660,11.6048
sub-DSAR45M11661,7.986
sub-DSAR45M11662,12.9331
sub-DSAR45M11663,9.0955
sub-DSAR45M11664,16.0331
sub-DSAR45M11665,11.8327
sub-DSAR45M11666,18.4841
sub-DSAR45M11667,11.626
sub-DSAR45M11668,11.8869
sub-DSAR45M11669,8.8329
sub-DSAR45M11670,13.3468
